,USSR,Eritrea,Australia & New Zealand,Australia,Panama,Pakistan,Slovakia,Thailand,Belize,Ethiopia,Kenya,Yemen,Romania,Serbia,Lao People's Democratic Republic,Lebanon,Somalia,Togo,Albania,Brazil,Chad,Mozambique,Niger,Democratic People's Republic of Korea,Slovenia,El Salvador,Congo,Canada,Colombia,Spain,India,Malta,Lesotho,Ecuador,Swaziland,Indonesia,Poland,Argentina,Turkey,Switzerland,Belgium-Luxembourg,Angola,Ethiopia PDR,Estonia,The former Yugoslav Republic of Macedonia,Greece,Czechoslovakia,Haiti,Republic of Korea,Democratic Republic of the Congo,Tunisia,Paraguay,Montenegro,Republic of Moldova,Dominican Republic,Kyrgyzstan,Yugoslav SFR,Iran (Islamic Republic of),Kazakhstan,Ghana,"China, mainland",Madagascar,Cyprus,Peru,Rwanda,Lithuania,Cameroon,Hungary,Guatemala,South Sudan,Cuba,Austria,Puerto Rico,United States of America,Bhutan,Philippines,Iraq,Czechia,Timor-Leste,United Republic of Tanzania,Burundi,Belgium,Nepal,France,Luxembourg,Libya,Costa Rica,Bangladesh,Italy,Germany,Uganda,Syrian Arab Republic,Latvia,Benin,Sweden,China,Cambodia,Serbia and Montenegro,Armenia,Sudan (former),Morocco,Chile,Honduras,Uruguay,Zimbabwe,Ireland,Malawi,Algeria,"China, Taiwan Province of",Réunion,Japan,Sudan,Belarus,Egypt,Namibia,Georgia,Azerbaijan,Nicaragua,Viet Nam,Bosnia and Herzegovina,Barbados,Russian Federation,Portugal,Bolivia (Plurinational State of),Grenada,Jamaica,Netherlands,Djibouti,Mexico,South Africa,Mauritania,Tajikistan,Sri Lanka,Venezuela (Bolivarian Republic of),Côte d'Ivoire,Croatia,Bulgaria,Myanmar,Ukraine
1961,62000.0,,809.0,809.0,19400.0,109000.0,,35840.0,219.0,,115000.0,,1436100.0,,2000.0,2000.0,3600.0,43000.0,13100.0,2580567.0,111000.0,-1.0,-1.0,265000.0,,21468.0,3700.0,26587.0,82000.0,225500.0,6541248.0,685.0,5000.0,39680.0,2121.0,270000.0,14000.0,31130.0,114000.0,,380.0,115000.0,86700.0,,,73843.0,1663.0,89000.0,36076.0,123000.0,,22000.0,,,30000.0,,1071000.0,29700.0,,-1.0,3100000.0,59000.0,1200.0,44650.0,131100.0,,100000.0,22700.0,63600.0,,68000.0,682.0,5816.0,581120.0,-1.0,67140.0,7400.0,,1600.0,193000.0,210000.0,,13500.0,95600.0,,,41100.0,68798.0,365954.0,6737.0,140000.0,1171.0,,125920.0,1800.0,3127047.0,35037.0,,,5724.0,5000.0,77530.0,69322.0,4000.0,30000.0,,62000.0,1303.0,27047.0,650.0,223900.0,,,665.0,-1.0,,,51600.0,72855.0,,-1.0,,429373.0,6000.0,50.0,39.0,4232.0,-1.0,1617107.0,73000.0,-1.0,,5732.0,89533.0,-1.0,,229215.0,274200.0,
1962,69000.0,,809.0,809.0,25600.0,100800.0,,49120.0,642.0,,115000.0,,1453059.0,,2000.0,1500.0,1500.0,43017.0,12700.0,2716257.0,105000.0,-1.0,-1.0,294000.0,,32898.0,4100.0,26506.0,87000.0,251600.0,6725782.0,573.0,5000.0,44000.0,2000.0,272000.0,16000.0,22740.0,112800.0,,333.0,115000.0,88000.0,,,66001.0,1471.0,90000.0,35112.0,126000.0,,22300.0,,,29000.0,,1062000.0,29800.0,,-1.0,3500000.0,60000.0,1300.0,46980.0,120088.0,,100000.0,23800.0,63500.0,,68000.0,602.0,6044.0,581930.0,-1.0,43000.0,7925.0,,1700.0,202000.0,210000.0,,14000.0,80800.0,,,44400.0,73654.0,344589.0,7790.0,140000.0,1618.0,,95902.0,1800.0,3523530.0,32686.0,,,3903.0,5000.0,75010.0,71217.0,5000.0,31000.0,,65000.0,1200.0,23530.0,650.0,225000.0,,,840.0,-1.0,,,47904.0,75752.0,,-1.0,,431624.0,6000.0,50.0,40.0,2575.0,-1.0,1673694.0,56000.0,-1.0,,8236.0,68378.0,-1.0,,202766.0,295400.0,
1963,80000.0,,2023.0,2023.0,25300.0,102200.0,,98880.0,732.0,,115000.0,,1640800.0,,2000.0,2000.0,2200.0,49720.0,20000.0,2982432.0,105000.0,-1.0,-1.0,343000.0,,27783.0,4400.0,28651.0,75122.0,251600.0,7040000.0,866.0,5000.0,44619.0,1643.0,260000.0,23000.0,28352.0,105000.0,,315.0,115000.0,88000.0,,,67270.0,1974.0,95000.0,36668.0,128000.0,,22000.0,,,29000.0,,1066000.0,29900.0,,-1.0,2800000.0,62305.0,1000.0,45080.0,120000.0,,100000.0,23300.0,75200.0,,65000.0,460.0,5440.0,563719.0,-1.0,44200.0,8525.0,,1800.0,209944.0,210000.0,,14500.0,81865.0,,,51799.0,67988.0,322947.0,8001.0,140000.0,1567.0,,97700.0,1630.0,2822822.0,50000.0,,,5633.0,7295.0,70780.0,76988.0,5000.0,30000.0,,69000.0,1700.0,22822.0,650.0,217100.0,,,2100.0,-1.0,,,47900.0,77970.0,,-1.0,,426508.0,8548.0,50.0,40.0,2556.0,-1.0,1710767.0,63000.0,-1.0,,7366.0,80788.0,-1.0,,209778.0,381300.0,
1964,70000.0,,1214.0,1214.0,19500.0,106400.0,,99680.0,947.0,,115000.0,,1683000.0,,2000.0,2200.0,3000.0,54000.0,18300.0,3130562.0,105000.0,-1.0,-1.0,355000.0,,21379.0,4500.0,33669.0,76000.0,229100.0,7332400.0,639.0,8000.0,56532.0,1845.0,270000.0,27000.0,30383.0,110000.0,,472.0,120000.0,89000.0,,,64510.0,1675.0,95000.0,37156.0,130000.0,,25000.0,,,35000.0,,1045000.0,31000.0,,-1.0,2800000.0,62700.0,1400.0,46250.0,108139.0,,90000.0,16900.0,92000.0,,62000.0,487.0,4323.0,570194.0,-1.0,41400.0,10757.0,,2000.0,230743.0,230000.0,,15000.0,62767.0,,,43728.0,66773.0,299998.0,5682.0,150000.0,1833.0,,62800.0,950.0,2825921.0,45000.0,,,7183.0,6390.0,64060.0,86954.0,5000.0,30000.0,,73000.0,2040.0,25921.0,650.0,212900.0,,,5880.0,-1.0,,,55400.0,79510.0,,-1.0,,438850.0,8712.0,50.0,38.0,3410.0,-1.0,2091025.0,65000.0,-1.0,,6566.0,87163.0,-1.0,,245418.0,401400.0,
1965,56000.0,,1214.0,1214.0,14800.0,105100.0,,118240.0,1031.0,,115000.0,,1513125.0,,2000.0,2500.0,6500.0,56985.0,12000.0,3272525.0,102000.0,-1.0,-1.0,340000.0,,23520.0,4700.0,38485.0,76000.0,224600.0,7088400.0,638.0,5700.0,54673.0,1500.0,280000.0,36000.0,37453.0,110000.0,,569.0,119000.0,90000.0,,,68710.0,2220.0,94000.0,40304.0,133000.0,,31500.0,,,34000.0,,1020000.0,31100.0,,-1.0,2800000.0,60310.0,1000.0,53975.0,126925.0,,90000.0,22100.0,87500.0,,60000.0,515.0,4363.0,610257.0,-1.0,39000.0,11777.0,,2800.0,176644.0,230000.0,,15300.0,55274.0,,,52390.0,67583.0,281082.0,3459.0,150000.0,2100.0,,63677.0,900.0,2821441.0,47200.0,,,7072.0,5722.0,58447.0,62683.0,5000.0,35000.0,,77000.0,1770.0,21441.0,400.0,200600.0,,,4620.0,-1.0,,,58800.0,81300.0,,-1.0,,410456.0,8757.0,50.0,35.0,3669.0,-1.0,2116858.0,66000.0,-1.0,,9648.0,87703.0,-1.0,,198896.0,363300.0,
1966,48000.0,,2023.0,2023.0,22100.0,100200.0,,132960.0,1410.0,,115000.0,,1525700.0,,2000.0,2450.0,7300.0,55573.0,17700.0,3324592.0,103000.0,-1.0,-1.0,312000.0,,26433.0,4900.0,47752.0,64000.0,225500.0,7247400.0,285.0,6300.0,81662.0,1861.0,280000.0,41000.0,28332.0,110000.0,,669.0,119000.0,63000.0,,,65770.0,2817.0,95000.0,48045.0,135000.0,,32200.0,,,44000.0,,249425.0,31200.0,,-1.0,2500000.0,60225.0,700.0,74540.0,154000.0,,90000.0,36700.0,78000.0,,60000.0,439.0,3930.0,610287.0,-1.0,38500.0,10000.0,,2900.0,234056.0,230000.0,,15500.0,48694.0,,200.0,43200.0,78915.0,269317.0,4458.0,163000.0,1817.0,,63388.0,1140.0,2522307.0,47900.0,,,6610.0,8210.0,64744.0,69788.0,3165.0,40000.0,,80000.0,1520.0,22307.0,500.0,214100.0,,,4620.0,-1.0,,,62900.0,80050.0,,-1.0,,422259.0,8757.0,50.0,64.0,3752.0,-1.0,2240022.0,65000.0,-1.0,,7944.0,91194.0,-1.0,,177749.0,373800.0,
1967,45000.0,,2428.0,2428.0,21600.0,126300.0,,129440.0,898.0,,115000.0,,1483400.0,,2000.0,1117.0,7600.0,61130.0,19100.0,3650568.0,100000.0,-1.0,-1.0,312000.0,,28417.0,5000.0,34802.0,69000.0,220500.0,7548200.0,315.0,7900.0,79402.0,1942.0,270000.0,32000.0,28707.0,106000.0,,686.0,119380.0,64000.0,,,61044.0,3323.0,95000.0,50620.0,138000.0,,32200.0,,,34406.0,,203061.0,31300.0,,-1.0,2500000.0,61685.0,611.0,84815.0,155000.0,,63010.0,30500.0,80900.0,,60000.0,433.0,3930.0,501399.0,-1.0,33300.0,12500.0,,2500.0,250000.0,250000.0,,15800.0,46718.0,,200.0,37000.0,74058.0,254861.0,3355.0,219000.0,2127.0,,84200.0,1100.0,2522944.0,53900.0,,,5947.0,8781.0,68400.0,73387.0,3200.0,40000.0,,83000.0,1470.0,22944.0,400.0,192300.0,,,3780.0,-1.0,,,65600.0,90560.0,,-1.0,,373444.0,8571.0,50.0,70.0,4282.0,-1.0,1929967.0,77000.0,-1.0,,7098.0,93376.0,-1.0,,150806.0,395300.0,
1968,35000.0,,4053.0,4053.0,18500.0,104900.0,,187520.0,1624.0,,115000.0,,1360270.0,,2000.0,1163.0,7600.0,65000.0,21100.0,3663301.0,97000.0,-1.0,-1.0,312000.0,,31689.0,5200.0,36785.0,70000.0,211300.0,7406700.0,378.0,9323.0,86344.0,1800.0,210000.0,26000.0,38321.0,107000.0,,446.0,119380.0,65000.0,,,54030.0,1962.0,90000.0,51460.0,140000.0,,30000.0,,,27676.0,,201150.0,31400.0,,-1.0,2400000.0,63165.0,519.0,65985.0,156300.0,,69006.0,13100.0,100900.0,,45000.0,396.0,700.0,576264.0,-1.0,33800.0,11500.0,,3500.0,219771.0,260000.0,,16000.0,42566.0,,200.0,27600.0,78834.0,229932.0,2285.0,270000.0,2356.0,,82700.0,1400.0,2424701.0,61800.0,,,4335.0,9000.0,53380.0,72803.0,3400.0,40000.0,,86700.0,4260.0,24701.0,400.0,169400.0,,,4620.0,-1.0,,,66600.0,81405.0,,-1.0,,355300.0,8701.0,50.0,71.0,2731.0,-1.0,1790669.0,70000.0,-1.0,,9685.0,100787.0,-1.0,,129035.0,364300.0,
1969,32000.0,,5266.0,5266.0,17200.0,90100.0,,202720.0,1921.0,,125000.0,,1205700.0,,2000.0,1359.0,10000.0,70000.0,18000.0,3633264.0,94815.0,-1.0,-1.0,315000.0,,32875.0,5400.0,36421.0,66500.0,207800.0,7461100.0,291.0,12183.0,84875.0,2266.0,220000.0,23000.0,56685.0,110000.0,,545.0,120000.0,67000.0,,,53290.0,1641.0,92000.0,52133.0,135000.0,,26860.0,,,35000.0,,179200.0,31500.0,,-1.0,2300000.0,66640.0,618.0,81444.0,162360.0,,86290.0,13300.0,85300.0,,35000.0,213.0,700.0,594475.0,-1.0,32500.0,11000.0,,3500.0,206701.0,260000.0,,16500.0,38879.0,,120.0,38000.0,78951.0,211825.0,3230.0,240000.0,3004.0,,78100.0,700.0,2324328.0,53300.0,,,2941.0,5000.0,44019.0,72219.0,3500.0,40000.0,,90500.0,5210.0,24328.0,400.0,155500.0,,,4620.0,-1.0,,,65600.0,73000.0,,-1.0,,353000.0,8700.0,55.0,129.0,3178.0,-1.0,1655520.0,61000.0,-1.0,,8514.0,103765.0,-1.0,,116402.0,375300.0,
1970,40000.0,,4644.0,4644.0,17500.0,109700.0,,224160.0,3049.0,,150000.0,,1196700.0,,2000.0,1123.0,23600.0,73449.0,18700.0,3484778.0,95000.0,-1.0,-1.0,315000.0,,36120.0,5500.0,33224.0,66400.0,192500.0,7796000.0,258.0,16346.0,81635.0,2300.0,244000.0,20000.0,41300.0,98000.0,,509.0,120000.0,69000.0,,,53100.0,1392.0,92000.0,49530.0,139200.0,,54404.0,,,28000.0,,177340.0,31600.0,,-1.0,2300000.0,65900.0,446.0,77470.0,159560.0,,98180.0,12400.0,150700.0,,35000.0,207.0,700.0,570194.0,-1.0,38500.0,12500.0,,5000.0,262250.0,275000.0,,16800.0,39669.0,,137.0,30000.0,75392.0,194700.0,3265.0,270000.0,2409.0,,82500.0,1500.0,2325126.0,30600.0,,,3361.0,4000.0,57230.0,71699.0,4364.0,38000.0,,94300.0,6610.0,25126.0,400.0,163600.0,,,5461.0,-1.0,,,61390.0,70000.0,,-1.0,,354500.0,1200.0,55.0,208.0,4019.0,-1.0,1746947.0,58000.0,-1.0,,7471.0,90685.0,-1.0,,108002.0,344800.0,
1971,34000.0,,8412.0,8412.0,13567.0,115300.0,,147900.0,2114.0,,180000.0,,1074300.0,,2000.0,1015.0,21200.0,70000.0,18000.0,3936281.0,95000.0,-1.0,-1.0,315000.0,,39900.0,5700.0,45810.0,68800.0,187100.0,7520500.0,319.0,17000.0,67140.0,2432.0,274000.0,24000.0,60640.0,102000.0,,554.0,120000.0,70000.0,,,45900.0,1759.0,95000.0,45029.0,144200.0,,49800.0,,,33000.0,,172900.0,31700.0,,-1.0,1900000.0,73725.0,638.0,72115.0,160494.0,,103104.0,10700.0,176900.0,,35000.0,186.0,700.0,524465.0,-1.0,36900.0,11000.0,,5000.0,260000.0,280000.0,,17000.0,31289.0,,146.0,23330.0,71460.0,125666.0,3283.0,459000.0,2491.0,,76140.0,1560.0,1924256.0,35500.0,,,3361.0,5000.0,69910.0,71050.0,3500.0,40000.0,,98100.0,6970.0,24256.0,300.0,161900.0,,,5881.0,-1.0,,,62230.0,69000.0,,-1.0,,326700.0,1600.0,60.0,226.0,3826.0,-1.0,1965126.0,58000.0,-1.0,,5300.0,95748.0,-1.0,,105424.0,330500.0,
1972,35000.0,,9516.0,9516.0,12000.0,97000.0,,213000.0,2042.0,,180000.0,,1100800.0,,2000.0,977.0,28500.0,40900.0,17000.0,3971034.0,95000.0,-1.0,-1.0,320000.0,,39795.0,5800.0,54308.0,84600.0,188500.0,7491700.0,304.0,10000.0,62139.0,2460.0,302000.0,23000.0,62200.0,105000.0,,663.0,120000.0,74000.0,,,40100.0,1719.0,96000.0,42060.0,146000.0,,46200.0,,,31400.0,,165600.0,33200.0,,-1.0,1800000.0,71047.0,580.0,69670.0,154593.0,,107707.0,10000.0,100000.0,,40000.0,243.0,700.0,554816.0,-1.0,37850.0,10000.0,,7000.0,280000.0,250000.0,,17500.0,23311.0,,149.0,35500.0,87000.0,95528.0,2259.0,309000.0,3500.0,,63900.0,1500.0,1829138.0,28800.0,,,3361.0,2600.0,79470.0,70466.0,3600.0,40000.0,,100000.0,7090.0,29138.0,210.0,161300.0,,,6301.0,-1.0,,,60900.0,70000.0,,-1.0,,322100.0,1800.0,60.0,273.0,4669.0,-1.0,1686746.0,63000.0,-1.0,,7000.0,83232.0,-1.0,,103855.0,366500.0,
1973,35000.0,,4523.0,4523.0,10300.0,111900.0,,239000.0,2145.0,,250000.0,,893900.0,,2000.0,907.0,17900.0,41800.0,13800.0,3815452.0,95000.0,-1.0,-1.0,320000.0,,45108.0,5900.0,53903.0,87000.0,173300.0,8640100.0,302.0,14000.0,66339.0,1989.0,336000.0,19000.0,78700.0,99500.0,,1089.0,120000.0,75000.0,,,42100.0,1974.0,96000.0,42349.0,150800.0,,47000.0,,,33400.0,,181000.0,37500.0,,-1.0,1800000.0,65120.0,413.0,70315.0,160025.0,,105320.0,9500.0,113407.0,,20000.0,252.0,700.0,538912.0,-1.0,39980.0,9496.0,,6000.0,280000.0,290000.0,,18000.0,20095.0,,152.0,26681.0,105000.0,80781.0,2278.0,359000.0,3462.0,,61500.0,1350.0,1831255.0,30000.0,,,2520.0,4300.0,67550.0,62075.0,4000.0,41000.0,,102000.0,6160.0,31255.0,210.0,146300.0,,,5881.0,-1.0,,,46970.0,65000.0,,-1.0,,306400.0,2200.0,55.0,250.0,4740.0,-1.0,1869686.0,70000.0,-1.0,,9000.0,66612.0,-1.0,,99008.0,371300.0,
1974,36000.0,,3230.0,3230.0,12100.0,113800.0,,190720.0,2054.0,,270000.0,,942100.0,,2000.0,3446.0,16100.0,43013.0,16600.0,4288555.0,95000.0,-1.0,-1.0,325000.0,,51429.0,6100.0,69400.0,90700.0,168800.0,8361000.0,354.0,19700.0,66181.0,1438.0,366200.0,10000.0,108000.0,100000.0,,1446.0,120000.0,74058.0,,,39300.0,2717.0,96000.0,41235.0,153400.0,,43400.0,,,41810.0,,166000.0,39500.0,,-1.0,1700000.0,68020.0,484.0,72175.0,186723.0,,117591.0,9000.0,90915.0,,18000.0,232.0,700.0,614223.0,-1.0,37480.0,13958.0,,5000.0,260000.0,240000.0,,18500.0,21500.0,,160.0,35520.0,130000.0,75145.0,2258.0,408000.0,3845.0,,51400.0,1100.0,1729903.0,30000.0,,,2520.0,2600.0,73890.0,62015.0,4000.0,43000.0,,104000.0,5190.0,29903.0,300.0,136400.0,,,7141.0,-1.0,,,65100.0,65000.0,,-1.0,,297400.0,2800.0,60.0,291.0,5506.0,-1.0,1551877.0,72000.0,-1.0,,12092.0,80693.0,-1.0,,109598.0,344500.0,
1975,36000.0,,7592.0,7592.0,16100.0,125700.0,,147200.0,2023.0,,280000.0,,879300.0,,2000.0,250.0,18800.0,44275.0,12500.0,4145916.0,96000.0,-1.0,-1.0,330000.0,,55860.0,6200.0,65558.0,120700.0,167400.0,8750100.0,356.0,28063.0,62553.0,1682.0,292800.0,8537.0,137410.0,94000.0,,1476.0,120000.0,68100.0,,,39200.0,3760.0,85000.0,44549.0,156200.0,,55000.0,,,41750.0,,166500.0,41500.0,,-1.0,1700000.0,73560.0,569.0,70935.0,190600.0,,127000.0,9600.0,158100.0,,15000.0,0.0,700.0,593301.0,-1.0,39320.0,13075.0,,5000.0,268000.0,290000.0,,19000.0,24900.0,,135.0,35520.0,140000.0,71448.0,2247.0,407300.0,4417.0,,54500.0,1040.0,1730256.0,28000.0,,,4957.0,3900.0,68020.0,73525.0,4000.0,43000.0,,107500.0,3590.0,30256.0,300.0,120400.0,,,8402.0,-1.0,,,56140.0,53800.0,,-1.0,,302425.0,2950.0,70.0,295.0,5861.0,-1.0,1752632.0,107000.0,-1.0,,11296.0,89279.0,-1.0,,94287.0,379400.0,
1976,46000.0,,8224.0,8224.0,16590.0,114174.0,,207680.0,1950.0,,310000.0,,830900.0,,1900.0,180.0,19700.0,46310.0,18100.0,4059176.0,97000.0,-1.0,-1.0,325000.0,,52878.0,6300.0,66400.0,101000.0,162000.0,8204500.0,445.0,29656.0,67924.0,2167.0,216000.0,8657.0,146960.0,102000.0,,1353.0,120000.0,42600.0,,,38400.0,2456.0,90000.0,45875.0,159000.0,,63400.0,,,45465.0,,152000.0,43500.0,,-1.0,1700000.0,68090.0,504.0,73595.0,202880.0,,130000.0,8386.0,133100.0,,15000.0,,700.0,602690.0,-1.0,43310.0,11332.0,,5000.0,294000.0,290000.0,,19500.0,22700.0,,173.0,27571.0,170000.0,69947.0,1734.0,434892.0,6142.0,,59954.0,820.0,1734338.0,31000.0,,,3906.0,1500.0,81550.0,75111.0,4400.0,44000.0,,111000.0,2390.0,34338.0,300.0,109000.0,,,8402.0,-1.0,,,67550.0,69900.0,,-1.0,,271055.0,3000.0,75.0,334.0,5043.0,-1.0,1315819.0,104000.0,-1.0,,13464.0,72659.0,-1.0,,90885.0,333200.0,
1977,52000.0,,10360.0,10360.0,15560.0,118321.0,,377920.0,1983.0,,350000.0,,686400.0,,2500.0,250.0,18800.0,47630.0,20600.0,4551032.0,95000.0,-1.0,-1.0,325000.0,,52588.0,6300.0,70000.0,115800.0,156600.0,8329900.0,378.0,14642.0,59000.0,2116.0,293000.0,16445.0,171000.0,103000.0,,909.0,120000.0,49300.0,,,38100.0,3691.0,103458.0,46135.0,161600.0,,66800.0,,,42000.0,,145000.0,44000.0,,-1.0,1700000.0,58300.0,459.0,67491.0,213276.0,,138000.0,6701.0,85600.0,,25000.0,,700.0,513903.0,-1.0,43780.0,8045.0,,5000.0,350000.0,300000.0,,20000.0,25400.0,,222.0,24192.0,175000.0,62406.0,2009.0,338347.0,6093.0,,63370.0,960.0,1735000.0,33000.0,,,2100.0,9100.0,97300.0,76696.0,4400.0,44000.0,,115000.0,1830.0,35000.0,300.0,109300.0,,,6516.0,-1.0,,,61600.0,85800.0,,-1.0,,268047.0,2800.0,80.0,252.0,4126.0,-1.0,1630732.0,93000.0,-1.0,,26239.0,61493.0,-1.0,,86041.0,332000.0,
1978,52000.0,,4784.0,4784.0,14850.0,114610.0,,374400.0,1943.0,,370000.0,,635300.0,,2800.0,400.0,21800.0,51660.0,21200.0,4617259.0,90000.0,-1.0,-1.0,325000.0,,51748.0,6000.0,59893.0,110900.0,150400.0,8397100.0,367.0,11066.0,39118.0,2116.0,316000.0,19495.0,136000.0,99500.0,,889.0,110000.0,21300.0,,,37100.0,3467.0,101415.0,36699.0,163500.0,,86200.0,,,52767.0,,132000.0,46500.0,,-1.0,1500000.0,49590.0,330.0,63833.0,214939.0,,145000.0,8446.0,94800.0,,27000.0,,700.0,588580.0,-1.0,45120.0,9250.0,,5000.0,500000.0,270000.0,,20200.0,26000.0,,183.0,29000.0,194000.0,59802.0,2220.0,388000.0,5511.0,,85750.0,1107.0,1535214.0,28000.0,,,5100.0,10000.0,111740.0,80972.0,4500.0,40000.0,,117000.0,1950.0,35214.0,315.0,87400.0,,,6292.0,-1.0,,,66500.0,91300.0,,-1.0,,281526.0,4330.0,60.0,281.0,4772.0,-1.0,1580228.0,104000.0,-1.0,,26265.0,69706.0,-1.0,,53135.0,385300.0,
1979,50000.0,,4297.0,4297.0,10950.0,133177.0,,354560.0,2266.0,,380000.0,,417700.0,,3000.0,750.0,16600.0,84500.0,23000.0,4212424.0,85000.0,-1.0,-1.0,327000.0,,55035.0,4400.0,34000.0,112400.0,142400.0,8153400.0,372.0,10151.0,44386.0,1138.0,344000.0,25543.0,231290.0,109950.0,,723.0,110000.0,20000.0,,,37200.0,3776.0,89678.0,40121.0,164600.0,,81400.0,,,46415.0,,145300.0,51800.0,,-1.0,1700000.0,53755.0,277.0,64063.0,238200.0,,152000.0,10351.0,67700.0,,27000.0,,700.0,561600.0,-1.0,47870.0,6775.0,,5000.0,500000.0,270000.0,,20500.0,19000.0,,200.0,25000.0,178000.0,51619.0,2540.0,227000.0,3769.0,,79922.0,967.0,1735399.0,20000.0,,,2500.0,10000.0,109990.0,72549.0,4500.0,40000.0,,113000.0,1980.0,35399.0,300.0,83600.0,,,5493.0,-1.0,,,53337.0,85900.0,,-1.0,,259972.0,3720.0,50.0,255.0,3720.0,-1.0,1051431.0,132000.0,-1.0,,20937.0,65869.0,-1.0,,51678.0,400100.0,
1980,49000.0,,3314.0,3314.0,9663.0,135200.0,,394993.0,2490.0,,420000.0,,477200.0,,2910.0,1500.0,18500.0,89500.0,22500.0,4643409.0,80000.0,-1.0,-1.0,330000.0,,52448.0,3242.0,38400.0,115400.0,131500.0,9298600.0,326.0,6919.0,48156.0,1138.0,434000.0,26750.0,205000.0,113000.0,,717.0,110000.0,18560.0,,,33900.0,3661.0,90000.0,38790.0,174100.0,,79800.0,,,51300.0,,131400.0,58700.0,,-1.0,1700000.0,52409.0,265.0,64779.0,257154.0,,154000.0,10000.0,64500.0,,39100.0,,700.0,752300.0,-1.0,50360.0,6925.0,,4500.0,500000.0,290000.0,,20800.0,18000.0,,200.0,22000.0,170000.0,48144.0,2330.0,224000.0,7009.0,,62000.0,1125.0,1734290.0,16000.0,,,3100.0,10200.0,110700.0,68333.0,4500.0,40000.0,,117000.0,1900.0,34290.0,300.0,79300.0,,,4882.0,-1.0,,,54294.0,51100.0,,-1.0,,272678.0,3820.0,50.0,218.0,3420.0,-1.0,1551352.0,80000.0,-1.0,,22553.0,65870.0,-1.0,,48521.0,392800.0,
1981,48000.0,,5690.0,5690.0,7448.0,132099.0,,457833.0,3040.0,,430000.0,,399618.0,,3000.0,900.0,25900.0,87900.0,23000.0,5026925.0,75000.0,-1.0,-1.0,333000.0,,39859.0,3000.0,44500.0,117300.0,128500.0,9038500.0,300.0,7374.0,53525.0,1768.0,410000.0,18122.0,211400.0,105000.0,,518.0,110000.0,21040.0,,,28100.0,3631.0,90000.0,42780.0,179200.0,,49900.0,,,55000.0,,159100.0,80000.0,,-1.0,1700000.0,52370.0,362.0,64595.0,260569.0,,155000.0,9596.0,81900.0,,34100.0,,700.0,918600.0,-1.0,33933.0,8850.0,,4800.0,500000.0,290000.0,,21000.0,16000.0,,210.0,23681.0,155000.0,46248.0,2020.0,299000.0,6074.0,,68461.0,1170.0,1732237.0,39000.0,,,2520.0,9000.0,117740.0,76470.0,4500.0,33664.0,,120000.0,2500.0,32237.0,300.0,79000.0,,,4213.0,-1.0,,,89014.0,126000.0,,-1.0,,241559.0,6125.0,50.0,255.0,3365.0,-1.0,1990569.0,73000.0,-1.0,,28230.0,58759.0,-1.0,,58317.0,432000.0,
1982,47000.0,,21748.0,21748.0,8670.0,152793.0,,444036.0,3120.0,,450000.0,,418428.0,,3000.0,1150.0,27000.0,97500.0,21000.0,5926143.0,70000.0,-1.0,-1.0,330000.0,,55580.0,3100.0,44500.0,112200.0,119600.0,8671900.0,283.0,13552.0,50976.0,2071.0,334000.0,10528.0,229700.0,106000.0,,710.0,120000.0,25060.0,,,24900.0,4158.0,85000.0,45437.0,184300.0,,50100.0,,,55000.0,,159000.0,69700.0,,-1.0,1500000.0,52575.0,402.0,64000.0,263400.0,,156000.0,10476.0,82040.0,,40000.0,,700.0,719100.0,-1.0,35386.0,8925.0,,4200.0,500000.0,290000.0,,21000.0,17000.0,,215.0,38485.0,148000.0,45929.0,2214.0,364000.0,6129.0,,71754.0,1052.0,1531336.0,37000.0,,,1680.0,8700.0,121520.0,51075.0,4600.0,61225.0,,125000.0,1490.0,31336.0,130.0,93000.0,,,6171.0,-1.0,,,68471.0,136000.0,,-1.0,,245021.0,6225.0,50.0,208.0,3565.0,-1.0,1571092.0,71000.0,-1.0,,31251.0,63385.0,-1.0,,56136.0,377600.0,
1983,52000.0,,23017.0,23017.0,10310.0,162166.0,,448460.0,2760.0,,430000.0,,611985.0,,3000.0,1450.0,27000.0,106100.0,20000.0,4064028.0,65000.0,-1.0,-1.0,330000.0,,56350.0,3000.0,27500.0,112500.0,110400.0,9113200.0,291.0,4691.0,36844.0,1448.0,418000.0,11641.0,199900.0,120000.0,,590.0,130000.0,43440.0,,,23800.0,4108.0,85000.0,35950.0,189900.0,,52100.0,,,61659.0,,160000.0,83100.0,,-1.0,1500000.0,53440.0,535.0,56887.0,305600.0,,174380.0,8732.0,101710.0,,38700.0,,700.0,460930.0,-1.0,33566.0,4700.0,,4000.0,465900.0,295000.0,,24000.0,12000.0,,200.0,38500.0,144300.0,44231.0,2726.0,398000.0,6200.0,,73769.0,753.0,1527046.0,40000.0,,,2300.0,8700.0,86410.0,50722.0,4600.0,62000.0,,130000.0,2300.0,27046.0,200.0,98400.0,,,6300.0,-1.0,,,88340.0,140000.0,,-1.0,,228016.0,4855.0,50.0,256.0,3502.0,-1.0,1957801.0,79000.0,-1.0,,46036.0,62634.0,-1.0,,50563.0,337900.0,
1984,53000.0,,30390.0,30390.0,9800.0,177400.0,,482673.0,1860.0,,490000.0,,611600.0,,3000.0,1000.0,38100.0,123800.0,19000.0,5320150.0,60000.0,-1.0,-1.0,330000.0,,57750.0,3100.0,30400.0,109560.0,109368.0,9062600.0,350.0,8202.0,44312.0,1387.0,420000.0,15697.0,184805.0,111711.0,,536.0,140000.0,40550.0,,,22100.0,3377.0,85000.0,31205.0,194900.0,,54300.0,,,61632.0,,126400.0,87200.0,,-1.0,1500000.0,50925.0,548.0,61538.0,303200.0,,97887.0,11297.0,115216.0,,38100.0,,500.0,591000.0,-1.0,33809.0,5425.0,,4000.0,446700.0,250000.0,,26000.0,9200.0,,195.0,43279.0,135100.0,43000.0,2625.0,385000.0,5900.0,,80487.0,965.0,1521993.0,35000.0,,,1980.0,8600.0,84540.0,58855.0,4700.0,62000.0,,135000.0,2940.0,21993.0,200.0,96100.0,,,4200.0,-1.0,,,82530.0,150000.0,,-1.0,,213704.0,6912.0,50.0,353.0,3263.0,-1.0,1679426.0,86000.0,-1.0,,62930.0,51241.0,-1.0,,54013.0,414400.0,
1985,57000.0,,41006.0,41006.0,12440.0,192900.0,,529108.0,1800.0,,490000.0,,168900.0,,2418.0,1500.0,46800.0,116100.0,17000.0,5315890.0,55000.0,-1.0,-1.0,335000.0,,58310.0,3200.0,36400.0,131864.0,103000.0,9458000.0,350.0,7280.0,39742.0,1058.0,386000.0,17876.0,191350.0,150000.0,,667.0,140000.0,43940.0,,,20500.0,3078.0,85000.0,29728.0,200400.0,,56900.0,,,69701.0,,127000.0,95000.0,,-1.0,1400000.0,53890.0,569.0,62639.0,339660.0,,81980.0,9956.0,166291.0,,41400.0,,390.0,599500.0,-1.0,35510.0,8250.0,,3500.0,441000.0,300000.0,,19660.0,8900.0,,200.0,41261.0,128600.0,38522.0,3127.0,334442.0,6900.0,,77419.0,1006.0,1419123.0,39000.0,,,1700.0,8600.0,83040.0,67618.0,4700.0,63000.0,,140000.0,2700.0,19123.0,200.0,84800.0,,,4600.0,-1.0,,,72310.0,145000.0,,-1.0,,196627.0,9261.0,80.0,336.0,3232.0,-1.0,1782341.0,67000.0,-1.0,,33653.0,72276.0,-1.0,,52356.0,419700.0,
1986,53000.0,,57932.0,57932.0,11380.0,191700.0,,492900.0,2800.0,,520000.0,,185200.0,,2250.0,1550.0,28900.0,119449.0,18000.0,5477688.0,50000.0,-1.0,-1.0,342000.0,,60970.0,3200.0,43700.0,126986.0,104600.0,9360000.0,350.0,16943.0,42210.0,3000.0,393000.0,19604.0,225780.0,152236.0,,715.0,150000.0,45530.0,,,20200.0,4206.0,75000.0,34687.0,213600.0,,41000.0,,,43143.0,,191000.0,99500.0,,-1.0,1400000.0,61745.0,803.0,72436.0,322160.0,,85561.0,15584.0,169924.0,,39500.0,,320.0,605000.0,-1.0,35981.0,9250.0,,3000.0,318000.0,310000.0,,25980.0,8500.0,,190.0,56499.0,122800.0,35967.0,4436.0,396878.0,4006.0,,82023.0,3326.0,1415090.0,26000.0,,,1700.0,8400.0,89830.0,74807.0,4800.0,64000.0,,142000.0,2730.0,15090.0,200.0,77600.0,,,7980.0,-1.0,,,99680.0,161000.0,,-1.0,,62894.0,8720.0,60.0,220.0,3335.0,-1.0,1807976.0,81000.0,-1.0,,34523.0,76382.0,-1.0,,43470.0,416400.0,
1987,51000.0,,36235.0,36235.0,9300.0,168900.0,,437576.0,3500.0,,550000.0,,180000.0,,3790.0,1720.0,48300.0,114503.0,23000.0,5221794.0,47000.0,-1.0,-1.0,348000.0,,62510.0,3200.0,56700.0,121100.0,102688.0,8725200.0,355.0,12878.0,42200.0,4000.0,376000.0,20269.0,159753.0,179892.0,,972.0,150000.0,57442.0,,,19200.0,3494.0,84000.0,40452.0,196400.0,,54500.0,,,63179.0,,144500.0,112845.0,,-1.0,1400000.0,55700.0,1471.0,83178.0,323750.0,,67219.0,18866.0,173068.0,,52300.0,,230.0,673800.0,-1.0,34726.0,9275.0,,3000.0,370343.0,320000.0,,27560.0,8400.0,,160.0,52183.0,128400.0,33367.0,2725.0,373000.0,6551.0,,87405.0,3454.0,1413483.0,29000.0,,,2400.0,8200.0,85660.0,66241.0,5000.0,65000.0,,144000.0,3230.0,13483.0,220.0,84800.0,,,10082.0,-1.0,,,67620.0,160000.0,,-1.0,,61978.0,8000.0,65.0,236.0,1921.0,-1.0,1787066.0,87000.0,-1.0,,35500.0,77500.0,-1.0,,41095.0,388100.0,
1988,50000.0,,38302.0,38302.0,9450.0,175100.0,,462046.0,3500.0,,580000.0,1078.0,204500.0,,3463.0,1832.0,39700.0,107000.0,24000.0,5764882.0,20481.0,-1.0,-1.0,350000.0,,67270.0,3300.0,42500.0,128000.0,95200.0,9423700.0,355.0,23323.0,43468.0,6091.0,430000.0,18023.0,170900.0,175879.0,,705.0,132000.0,66817.0,,,16860.0,2910.0,84227.0,39565.0,206300.0,803.0,55400.0,,,68037.0,,115871.0,92500.0,,-1.0,1300000.0,52400.0,856.0,71991.0,300000.0,,95188.0,8594.0,140420.0,,50900.0,,180.0,547500.0,-1.0,36671.0,8125.0,,3000.0,326617.0,310500.0,,28650.0,7400.0,,150.0,51380.0,128000.0,30234.0,2529.0,445000.0,5800.0,,87035.0,1912.0,1310412.0,44000.0,,,2000.0,8400.0,75670.0,78915.0,4700.0,66000.0,2692.0,146000.0,2080.0,10412.0,220.0,86500.0,,,8400.0,-1.0,,,107590.0,160000.0,,-1.0,,59140.0,8903.0,65.0,171.0,2300.0,-1.0,1947298.0,77000.0,-1.0,,39100.0,78800.0,-1.0,,41714.0,361800.0,
1989,49500.0,,24572.0,24572.0,10650.0,229400.0,,496379.0,4593.0,,668670.0,2071.0,197500.0,,4921.0,1906.0,42000.0,113800.0,24000.0,5175270.0,29823.0,-1.0,-1.0,350000.0,,64019.0,3400.0,44500.0,132400.0,88700.0,9691000.0,355.0,17911.0,53420.0,5580.0,460000.0,21641.0,137100.0,177000.0,,759.0,132000.0,93280.0,,,15580.0,2778.0,84000.0,33918.0,209100.0,1320.0,51500.0,,,64267.0,,181282.0,125100.0,,-1.0,1300000.0,52600.0,851.0,74552.0,250200.0,,73345.0,5680.0,97090.0,,54000.0,,105.0,668100.0,-1.0,35687.0,6650.0,,2700.0,432105.0,250600.0,,26500.0,6600.0,,140.0,62930.0,129918.0,25449.0,2525.0,480500.0,3200.0,,90877.0,2265.0,1311310.0,26000.0,,,2000.0,8500.0,63400.0,81228.0,4900.0,66500.0,1354.0,145000.0,1320.0,11310.0,220.0,90500.0,,,8514.0,-1.0,,,105700.0,160000.0,,-1.0,,61158.0,3980.0,120.0,187.0,1000.0,-1.0,1320851.0,80000.0,-1.0,,34400.0,81984.0,-1.0,,42856.0,322900.0,
1990,47900.0,,29788.0,29788.0,10840.0,220700.0,,427902.0,3960.0,,501130.0,2338.0,71969.0,,3602.0,1925.0,43000.0,114386.0,22000.0,4680090.0,25656.0,-1.0,2000.0,353000.0,,62650.0,3500.0,54600.0,164600.0,82300.0,9790700.0,302.0,4476.0,48750.0,7518.0,502420.0,17351.0,207400.0,170586.0,,675.0,121000.0,110000.0,,,14738.0,2730.0,87000.0,26690.0,232440.0,1430.0,46000.0,,,59301.0,,115307.0,103685.0,,-1.0,1200000.0,53050.0,850.0,60868.0,262563.0,,86737.0,4009.0,129990.0,,49866.0,0.0,80.0,843500.0,-1.0,36593.0,5400.0,,2906.0,455617.0,250600.0,,27220.0,5202.0,,130.0,63660.0,126436.0,23002.0,2025.0,494915.0,1825.0,,91138.0,2150.0,1210530.0,25000.0,,,2000.0,8726.0,68560.0,92792.0,5176.0,67000.0,1110.0,150000.0,1010.0,10530.0,205.0,89000.0,,,9615.0,-1.0,,,112700.0,165000.0,,-1.0,,59214.0,9943.0,140.0,219.0,1000.0,7400.0,2094017.0,87000.0,-1.0,,38107.0,87657.0,-1.0,,39381.0,433400.0,
1991,42000.0,,32174.0,32174.0,9400.0,205200.0,,417616.0,3379.0,,601566.0,1870.0,46161.0,,3219.0,1940.0,47118.0,88200.0,15792.0,5433640.0,25730.0,-1.0,4000.0,355000.0,,77420.0,3700.0,90277.0,133742.0,76800.0,9682000.0,350.0,7345.0,51870.0,2900.0,451400.0,18745.0,189630.0,177676.0,,788.0,132000.0,106180.0,,,15058.0,3589.0,94000.0,27876.0,300000.0,1960.0,47083.0,,,55994.0,,169169.0,154781.0,,-1.0,698000.0,81686.0,850.0,55422.0,240000.0,,100000.0,6144.0,144130.0,,45650.0,0.0,35.0,774460.0,-1.0,34244.0,8775.0,,6968.0,478770.0,300000.0,,26830.0,5471.0,,165.0,69580.0,123727.0,22022.0,2530.0,509762.0,1463.0,,96934.0,2460.0,705575.0,27000.0,,,2000.0,5374.0,88440.0,109760.0,4700.0,67500.0,1000.0,147000.0,850.0,7575.0,222.0,76400.0,,,12306.0,-1.0,,,112420.0,156700.0,,-1.0,,58375.0,9204.0,130.0,231.0,1000.0,7715.0,1988981.0,100000.0,-1.0,,42683.0,83664.0,-1.0,,35549.0,547100.0,
1992,,,38000.0,38000.0,12730.0,210000.0,,350240.0,3403.0,,588720.0,4092.0,46386.0,,3840.0,2025.0,38000.0,97700.0,20508.0,5148700.0,36155.0,-1.0,6000.0,345266.0,6557.0,79170.0,3500.0,63700.0,126995.0,60681.0,8745000.0,360.0,4466.0,51770.0,3000.0,557750.0,22248.0,183000.0,167238.0,,513.0,135000.0,53610.0,60.0,6230.0,14159.0,3500.0,97000.0,23602.0,310000.0,1810.0,47451.0,,17800.0,44013.0,1600.0,,164187.0,15000.0,-1.0,650000.0,87590.0,820.0,50200.0,260000.0,385.0,110000.0,4329.0,140000.0,,98516.0,0.0,16.0,619140.0,-1.0,32669.0,9000.0,,4851.0,501570.0,300000.0,,25590.0,6144.0,,200.0,63160.0,121000.0,20218.0,0.0,536000.0,5258.0,500.0,99221.0,2500.0,656988.0,24000.0,24000.0,1514.0,2000.0,7455.0,70010.0,71575.0,4900.0,60000.0,1800.0,145000.0,900.0,6988.0,230.0,68400.0,,44000.0,9530.0,-1.0,9500.0,2200.0,100730.0,165600.0,13200.0,-1.0,4500.0,39781.0,9670.0,131.0,242.0,1000.0,7667.0,1295588.0,70000.0,-1.0,515.0,48445.0,59586.0,-1.0,5980.0,35112.0,723200.0,30341.0
1993,,3500.0,27800.0,27800.0,12570.0,232363.0,1966.0,314560.0,4013.0,59450.0,627950.0,4092.0,34380.0,,3163.0,2000.0,45000.0,180100.0,20134.0,3884340.0,25940.0,-1.0,8000.0,324897.0,6207.0,74340.0,3384.0,80700.0,134111.0,55389.0,8542000.0,300.0,4600.0,53370.0,3500.0,525990.0,17945.0,150000.0,161812.0,,407.0,138000.0,,60.0,6417.0,13388.0,,72000.0,22093.0,318000.0,2000.0,55958.0,,21400.0,52673.0,900.0,,113324.0,20000.0,-1.0,1200000.0,88895.0,640.0,59000.0,200000.0,600.0,120000.0,3897.0,120890.0,,102270.0,-1.0,13.0,654800.0,-1.0,33032.0,9500.0,224.0,8445.0,524027.0,310676.0,,25950.0,5034.0,,235.0,59030.0,121000.0,20314.0,-1.0,552000.0,4500.0,100.0,91369.0,2550.0,1206018.0,20830.0,23480.0,1776.0,3000.0,8585.0,46710.0,83370.0,5000.0,61000.0,4100.0,149000.0,980.0,6018.0,550.0,69800.0,,37000.0,5000.0,-1.0,11200.0,2300.0,114628.0,182100.0,16379.0,-1.0,4460.0,32272.0,7140.0,110.0,215.0,1000.0,7659.0,1873862.0,57000.0,-1.0,1173.0,33185.0,47010.0,-1.0,6514.0,27103.0,882200.0,26000.0
1994,,4964.0,38100.0,38100.0,13150.0,234420.0,1849.0,335040.0,3183.0,107548.0,646000.0,4133.0,31863.0,,2549.0,1995.0,53700.0,85848.0,19629.0,5471320.0,33177.0,-1.0,14000.0,340000.0,3114.0,74270.0,3467.0,79500.0,144822.0,52900.0,8361000.0,263.0,8366.0,63870.0,3800.0,458215.0,12233.0,170590.0,163000.0,,331.0,312000.0,,60.0,6519.0,12570.0,,60870.0,18899.0,325000.0,1250.0,68132.0,,19900.0,43296.0,689.0,,80076.0,30000.0,-1.0,1400000.0,75700.0,600.0,59596.0,45000.0,1000.0,130000.0,4370.0,134647.0,,114522.0,-1.0,12.0,741000.0,-1.0,33928.0,9000.0,294.0,6925.0,546149.0,250000.0,,18363.0,4704.0,,265.0,56866.0,121800.0,15409.0,-1.0,574000.0,1900.0,100.0,98671.0,2600.0,1406365.0,26000.0,23400.0,2000.0,8400.0,8500.0,44330.0,117579.0,4998.0,63910.0,3700.0,156715.0,990.0,6365.0,560.0,72000.0,,42000.0,4840.0,-1.0,13200.0,1650.0,112898.0,190400.0,15631.0,-1.0,4500.0,29617.0,7919.0,100.0,218.0,2000.0,7653.0,2086687.0,69000.0,-1.0,10.0,28897.0,38615.0,-1.0,6958.0,37258.0,908900.0,26000.0
1995,,6500.0,41100.0,41100.0,12390.0,257248.0,1419.0,332772.0,3874.0,123170.0,763525.0,4260.0,29858.0,,3321.0,2020.0,55000.0,129110.0,22499.0,5006400.0,43897.0,-1.0,15070.0,330000.0,3100.0,60620.0,3600.0,104900.0,167012.0,50300.0,7833700.0,280.0,3635.0,57630.0,4538.0,400000.0,23350.0,221130.0,170000.0,,384.0,250000.0,,100.0,6383.0,12891.0,,43000.0,20900.0,202176.0,1355.0,71948.0,,20057.0,50151.0,1000.0,,84682.0,15000.0,-1.0,1300000.0,79365.0,670.0,61920.0,180000.0,1500.0,140000.0,4581.0,121161.0,,94130.0,-1.0,10.0,767400.0,-1.0,34781.0,8800.0,285.0,10666.0,567941.0,290000.0,,25180.0,4731.0,,300.0,56322.0,120200.0,14462.0,-1.0,600000.0,3000.0,100.0,98267.0,700.0,1306246.0,25150.0,24256.0,2260.0,3780.0,12101.0,46579.0,68273.0,5027.0,58000.0,3700.0,160000.0,590.0,6246.0,560.0,70800.0,,52000.0,6138.0,-1.0,12800.0,2000.0,137917.0,185000.0,13200.0,-1.0,4370.0,29041.0,13105.0,101.0,193.0,2200.0,7574.0,2040447.0,67000.0,3800.0,1095.0,18097.0,45200.0,-1.0,6733.0,42747.0,1104400.0,27800.0
1996,,4767.0,52700.0,52700.0,11240.0,249778.0,1481.0,303914.0,4885.0,101170.0,660000.0,4446.0,37834.0,,1680.0,2089.0,56000.0,173081.0,23677.0,4290510.0,43897.0,-1.0,16730.0,320000.0,2047.0,67690.0,3700.0,83600.0,139333.0,53200.0,8416400.0,200.0,10014.0,63050.0,4400.0,331000.0,16959.0,239570.0,172500.0,,781.0,156462.0,,520.0,7007.0,12284.0,,71300.0,17692.0,244707.0,2100.0,70499.0,,21075.0,48783.0,2100.0,,121455.0,8000.0,-1.0,1200000.0,81145.0,860.0,75837.0,250000.0,2000.0,150000.0,4698.0,121380.0,,97065.0,-1.0,9.0,706500.0,-1.0,35342.0,8500.0,349.0,8625.0,589413.0,275000.0,,25500.0,4494.0,,315.0,32477.0,119800.0,13076.0,-1.0,615000.0,2097.0,500.0,96046.0,700.0,1207024.0,26756.0,22400.0,2165.0,5880.0,12000.0,49353.0,83203.0,5100.0,59000.0,3700.0,170000.0,1200.0,7024.0,560.0,67600.0,,83000.0,9284.0,-1.0,12800.0,2285.0,119439.0,190000.0,11000.0,-1.0,5920.0,28123.0,11640.0,90.0,208.0,3000.0,7598.0,2048397.0,64000.0,6200.0,212.0,18241.0,42231.0,-1.0,6975.0,41609.0,1324600.0,29000.0
1997,,2000.0,44000.0,44000.0,9610.0,244320.0,1366.0,273514.0,4688.0,104500.0,751380.0,4542.0,29900.0,,1995.0,500.0,57000.0,169065.0,21659.0,4401770.0,43943.0,-1.0,15743.0,310000.0,1015.0,82985.0,3800.0,87700.0,135290.0,30100.0,8418400.0,228.0,13696.0,63385.0,4189.0,294000.0,23405.0,256573.0,175000.0,-1.0,800.0,176492.0,,2730.0,6902.0,12246.0,,72500.0,15955.0,250555.0,1000.0,73930.0,,23626.0,33345.0,5000.0,,105358.0,6000.0,-1.0,1058300.0,87430.0,325.0,73910.0,238525.0,2600.0,160000.0,5060.0,122780.0,,106065.0,-1.0,17.0,711750.0,500.0,36267.0,8800.0,287.0,7914.0,610571.0,268000.0,,26520.0,4878.0,,320.0,44159.0,120000.0,12257.0,-1.0,630000.0,2147.0,400.0,104164.0,700.0,1064414.0,27420.0,23000.0,1900.0,6300.0,15360.0,34672.0,83000.0,5105.0,60000.0,3700.0,160000.0,1400.0,6114.0,650.0,65300.0,,124000.0,9500.0,-1.0,9000.0,2240.0,134507.0,205000.0,13300.0,-1.0,5200.0,26161.0,15230.0,92.0,200.0,2000.0,7625.0,1615057.0,47000.0,7500.0,69.0,16636.0,41781.0,20000.0,7521.0,38162.0,1377200.0,28000.0
1998,,1416.0,54000.0,54000.0,7310.0,245300.0,1431.0,288755.0,5484.0,100000.0,699761.0,4761.0,28500.0,,2052.0,200.0,55000.0,150394.0,20910.0,3313620.0,128933.0,-1.0,15625.0,330000.0,1139.0,78050.0,3927.0,93900.0,121118.0,24400.0,7394000.0,219.0,7500.0,55955.0,4300.0,339000.0,24345.0,269380.0,172000.0,-1.0,638.0,213021.0,,850.0,6886.0,11940.0,,50724.0,15737.0,255990.0,1016.0,57160.0,,25469.0,33156.0,6900.0,,116081.0,20800.0,-1.0,1190500.0,88500.0,102.0,75164.0,234923.0,2600.0,170000.0,4680.0,133189.0,,103240.0,-1.0,38.0,776070.0,500.0,37683.0,9000.0,333.0,3850.0,631421.0,270000.0,,27030.0,4537.0,,325.0,37118.0,84176.0,11528.0,-1.0,645000.0,2000.0,500.0,113298.0,900.0,1196272.0,16463.0,25974.0,1700.0,6453.0,17000.0,38694.0,78822.0,5146.0,60000.0,6000.0,177140.0,1850.0,5772.0,800.0,60000.0,,145000.0,9650.0,-1.0,9335.0,2343.0,188600.0,221500.0,10359.0,53.0,5000.0,24659.0,11505.0,94.0,183.0,1935.0,7700.0,2146472.0,38805.0,8700.0,55.0,17509.0,41509.0,21495.0,5946.0,39030.0,1328370.0,33000.0
1999,,4345.0,52000.0,52000.0,8700.0,246100.0,2486.0,307956.0,5457.0,187020.0,826366.0,4299.0,27978.0,,1735.0,200.0,56000.0,135371.0,22800.0,4154194.0,30667.0,-1.0,15382.0,326058.0,303.0,74410.0,4200.0,149900.0,120680.0,20237.0,5970300.0,201.0,11640.0,57652.0,4500.0,298000.0,22777.0,322400.0,174000.0,,482.0,189542.0,,805.0,6971.0,11600.0,,51000.0,14482.0,240296.0,916.0,57584.0,,27090.0,30460.0,6600.0,,114616.0,9600.0,-1.0,1158500.0,83000.0,160.0,74558.0,228215.0,1900.0,198647.0,4548.0,125650.0,,92450.0,-1.0,30.0,759600.0,550.0,39281.0,9204.0,290.0,5000.0,651971.0,230000.0,,27363.0,4387.0,,328.0,36250.0,83771.0,10870.0,-1.0,669000.0,1000.0,500.0,112580.0,872.0,1164231.0,26747.0,24409.0,1746.0,10500.0,27450.0,29058.0,111646.0,5200.0,63377.0,3600.0,140686.0,1740.0,5731.0,1200.0,57800.0,,126000.0,11732.0,-1.0,10119.0,2986.0,206115.0,200400.0,10357.0,55.0,4800.0,12921.0,13300.0,95.0,349.0,1900.0,8100.0,1708688.0,64800.0,10000.0,21.0,15366.0,34988.0,22229.0,6581.0,34179.0,1674701.0,32000.0
2000,,2856.0,52000.0,52000.0,10490.0,264900.0,1875.0,279981.0,6345.0,218940.0,770797.0,4297.0,26200.0,,1300.0,63.0,57000.0,144310.0,22500.0,4332314.0,134463.0,-1.0,16000.0,360000.0,309.0,79030.0,4300.0,158400.0,115739.0,12445.0,5845200.0,193.0,13426.0,47737.0,4680.0,339252.0,25312.0,276170.0,176000.0,,,194861.0,,730.0,7145.0,11100.0,,51000.0,14146.0,225508.0,854.0,54504.0,,25170.0,40797.0,9900.0,,109569.0,10000.0,-1.0,1200000.0,82990.0,160.0,75806.0,333205.0,1400.0,204715.0,3856.0,127400.0,,105722.0,-1.0,82.0,654181.0,591.0,39661.0,9000.0,198.0,4500.0,672226.0,210000.0,400.0,27609.0,2909.0,0.0,330.0,30827.0,79724.0,11046.0,-1.0,699000.0,1196.0,200.0,119111.0,835.0,1206258.0,22895.0,27109.0,1994.0,14700.0,22600.0,31386.0,120706.0,5200.0,63000.0,1000.0,143980.0,1280.0,6258.0,1513.0,56500.0,,122500.0,11292.0,7.0,7889.0,2977.0,222598.0,209400.0,9640.0,60.0,4700.0,11962.0,13350.0,95.0,281.0,1100.0,8500.0,1502818.0,71800.0,10130.0,314.0,12968.0,31183.0,22988.0,6511.0,30726.0,1762420.0,33200.0
2001,,4410.0,47200.0,47200.0,10490.0,294000.0,360.0,295360.0,7443.0,336900.0,870357.0,4403.0,21500.0,,2360.0,60.0,62000.0,142768.0,18500.0,3449610.0,158503.0,-1.0,16538.0,360000.0,323.0,85179.0,4400.0,170200.0,115556.0,12682.0,6019700.0,177.0,12368.0,53533.0,3800.0,313563.0,23071.0,257050.0,175000.0,,,222370.0,,422.0,4500.0,10700.0,,50700.0,13513.0,211630.0,600.0,62505.0,,29939.0,40344.0,15800.0,,91521.0,9000.0,101500.0,1330000.0,82985.0,165.0,64231.0,343966.0,2200.0,205997.0,2884.0,128800.0,,103249.0,-1.0,52.0,505863.0,568.0,37127.0,9000.0,139.0,5000.0,692200.0,250000.0,100.0,30252.0,2912.0,0.0,329.0,23312.0,71630.0,10317.0,-1.0,731000.0,1200.0,260.0,115908.0,756.0,1335081.0,27108.0,25326.0,1769.0,21000.0,23000.0,35620.0,76387.0,5300.0,64000.0,1400.0,214643.0,1180.0,5081.0,1825.0,59000.0,,127000.0,14552.0,10.0,9521.0,3269.0,230100.0,210000.0,9460.0,65.0,4800.0,11355.0,13500.0,96.0,259.0,1500.0,8900.0,1698580.0,77900.0,10000.0,970.0,11070.0,27690.0,23772.0,6470.0,10760.0,1849548.0,43400.0
2002,,4877.0,49100.0,49100.0,11130.0,313100.0,696.0,273440.0,6500.0,206771.0,928651.0,4116.0,25617.0,,3393.0,414.0,63705.0,161230.0,17400.0,4140530.0,56622.0,223800.0,18000.0,365000.0,309.0,83203.0,4794.0,214900.0,109327.0,10914.0,7851300.0,151.0,7241.0,61891.0,3054.0,344120.0,23921.0,256750.0,180000.0,,,239600.0,,144.0,5983.0,10500.0,,50000.0,10441.0,198508.0,125.0,65970.0,,29215.0,44394.0,21015.0,,111000.0,3500.0,180600.0,1434500.0,82990.0,165.0,66526.0,358002.0,3200.0,212929.0,2885.0,130900.0,,100227.0,-1.0,48.0,703715.0,600.0,36510.0,7000.0,20.0,6000.0,690005.0,270000.0,200.0,31212.0,3051.0,117.0,323.0,22088.0,69607.0,9972.0,-1.0,765000.0,1136.0,290.0,138613.0,717.0,1439567.0,35174.0,25664.0,1687.0,13000.0,20723.0,28190.0,139643.0,5350.0,65000.0,1200.0,217802.0,1190.0,5067.0,2025.0,56700.0,,112000.0,19300.0,15.0,10330.0,3229.0,249498.0,201900.0,9422.0,70.0,4700.0,10839.0,19421.0,96.0,221.0,1138.0,9200.0,2054360.0,44900.0,12106.0,699.0,11250.0,22150.0,24556.0,6519.0,8152.0,2000000.0,36500.0
2003,,4101.0,26678.0,26678.0,12810.0,304600.0,720.0,231680.0,6180.0,181583.0,897032.0,4080.0,26996.0,,3539.0,188.0,65000.0,146531.0,17400.0,4090568.0,189289.0,300000.0,18500.0,350000.0,351.0,83878.0,4300.0,161700.0,114854.0,11661.0,9274600.0,158.0,11169.0,59391.0,2464.0,311863.0,18077.0,185400.0,162000.0,,,232408.0,,476.0,5500.0,9860.0,,53800.0,8433.0,200351.0,300.0,73205.0,,23881.0,37044.0,18144.0,,115833.0,5000.0,190400.0,1313800.0,83020.0,170.0,58133.0,356519.0,1800.0,219318.0,2303.0,130900.0,,106779.0,-1.0,19.0,545077.0,550.0,35618.0,6702.0,13.0,6393.0,687810.0,255000.0,203.0,30844.0,3188.0,104.0,318.0,20847.0,68600.0,9165.0,-1.0,780000.0,2230.0,400.0,119460.0,768.0,1319246.0,43335.0,25772.0,1777.0,5042.0,17000.0,25870.0,104216.0,5400.0,66000.0,1800.0,232762.0,1560.0,5446.0,2158.0,54800.0,,42241.0,20084.0,27.0,10221.0,3644.0,289067.0,206900.0,9643.0,90.0,6100.0,10636.0,27042.0,96.0,224.0,2075.0,5500.0,1904100.0,51010.0,11812.0,882.0,12010.0,34843.0,25354.0,6475.0,11953.0,2055000.0,38700.0
2004,,3016.0,33597.0,33597.0,12980.0,262800.0,743.0,177760.0,5181.0,240963.0,787120.0,814.0,45430.0,,2420.0,204.0,67000.0,159218.0,17200.0,3978660.0,58810.0,330000.0,18600.0,360000.0,351.0,87043.0,4400.0,123000.0,113650.0,11798.0,8782800.0,156.0,8570.0,52263.0,2003.0,318337.0,20424.0,120525.0,155000.0,,,332332.0,,109.0,5400.0,8743.0,,52300.0,8131.0,202107.0,200.0,73500.0,,22998.0,30576.0,19017.0,,110248.0,1500.0,183400.0,1148000.0,83040.0,160.0,57557.0,319349.0,2300.0,225898.0,1156.0,135000.0,,112201.0,-1.0,19.0,490606.0,603.0,36300.0,6300.0,1.0,6757.0,811010.0,240000.0,205.0,32152.0,3024.0,101.0,320.0,16347.0,47348.0,9246.0,-1.0,812000.0,1290.0,500.0,122560.0,750.0,1152783.0,37199.0,25151.0,1799.0,6302.0,22000.0,26532.0,103523.0,5350.0,68583.0,1600.0,211058.0,1992.0,4783.0,2256.0,54400.0,,43110.0,17269.0,40.0,17052.0,3930.0,231648.0,203100.0,9816.0,39.0,6300.0,10363.0,28371.0,96.0,206.0,2284.0,7222.0,1678400.0,56200.0,11559.0,940.0,8610.0,47326.0,26194.0,6137.0,7102.0,2071000.0,28200.0
2005,,2527.0,40380.0,40380.0,12380.0,243100.0,676.0,152800.0,6000.0,241000.0,1034477.0,871.0,57650.0,,2915.0,170.0,67583.0,170860.0,16100.0,3748656.0,34882.0,462200.0,18800.0,350000.0,451.0,85556.0,4477.0,168100.0,124611.0,10614.0,8047000.0,154.0,8785.0,62796.0,2243.0,318377.0,15900.0,142660.0,141200.0,,,351560.0,,158.0,5222.0,8800.0,,61500.0,6442.0,203882.0,100.0,75000.0,,20583.0,32523.0,23362.0,,111310.0,800.0,180000.0,1220000.0,74389.0,160.0,67413.0,313019.0,3900.0,205909.0,1248.0,134036.0,,94821.0,-1.0,16.0,617800.0,755.0,36115.0,4950.0,1.0,7097.0,894771.0,275000.0,150.0,32433.0,3207.0,124.0,320.0,16349.0,45729.0,8755.0,-1.0,828000.0,1300.0,500.0,127628.0,701.0,1225528.0,54366.0,23162.0,1688.0,6722.0,17000.0,23542.0,117806.0,5400.0,47450.0,2700.0,233845.0,1206.0,5528.0,2076.0,49500.0,,43345.0,17260.0,53.0,9346.0,3992.0,270255.0,205000.0,9499.0,60.0,6000.0,8437.0,27303.0,96.0,245.0,1099.0,7400.0,1261221.0,49300.0,11595.0,1630.0,9640.0,52531.0,27778.0,1774.0,8569.0,2184000.0,26700.0
2006,,700.0,28000.0,28000.0,9860.0,250900.0,678.0,145120.0,5540.0,163687.0,995391.0,1197.0,57441.0,22678.0,2665.0,173.0,65000.0,189627.0,15076.0,4034383.0,26731.0,453300.0,18761.0,370000.0,448.0,87379.0,4600.0,176300.0,120577.0,9206.0,8549300.0,130.0,27743.0,54613.0,3119.0,309103.0,21369.0,235090.0,129051.0,,,320690.0,,78.0,5270.0,9226.0,,61409.0,5539.0,205675.0,200.0,85000.0,500.0,19834.0,34907.0,34529.0,,97310.0,355.0,185000.0,950000.0,75290.0,160.0,73768.0,356381.0,4100.0,212862.0,783.0,247822.0,,76740.0,-1.0,20.0,619823.0,1822.0,35732.0,3500.0,-1.0,7525.0,894771.0,230000.0,154.0,32849.0,3045.0,80.0,320.0,14035.0,47669.0,8179.0,-1.0,849000.0,1132.0,600.0,95600.0,654.0,954774.0,75486.0,,1770.0,6991.0,19538.0,25650.0,77274.0,5350.0,66007.0,3200.0,242568.0,1496.0,4774.0,2115.0,42200.0,,47726.0,18240.0,67.0,6300.0,4079.0,228518.0,210000.0,9035.0,65.0,6300.0,7900.0,26984.0,96.0,283.0,1139.0,5500.0,1723219.0,54880.0,11653.0,1410.0,8700.0,22397.0,28889.0,1864.0,3677.0,2394000.0,20300.0
2007,,150.0,44291.0,44291.0,9550.0,278400.0,669.0,142880.0,5400.0,223357.0,846327.0,1340.0,40070.0,22405.0,2450.0,167.0,70309.0,179575.0,14600.0,3788280.0,110665.0,523500.0,21359.0,350000.0,355.0,81248.0,4800.0,152600.0,130656.0,8507.0,10000000.0,150.0,23038.0,49070.0,2782.0,306207.0,20061.0,251190.0,109250.0,,,420286.0,,84.0,5200.0,9555.0,,108000.0,6847.0,207486.0,150.0,85000.0,550.0,16895.0,33690.0,40919.0,,109355.0,327.0,183400.0,987000.0,75960.0,160.0,75110.0,358208.0,1200.0,199547.0,593.0,223601.0,,83793.0,-1.0,25.0,598617.0,1921.0,39011.0,1300.0,-1.0,7273.0,918742.0,225000.0,107.0,32779.0,2564.0,49.0,320.0,12017.0,48009.0,6006.0,-1.0,870000.0,675.0,500.0,169483.0,544.0,990890.0,65000.0,,1884.0,7131.0,-1.0,11179.0,79503.0,5500.0,56300.0,2200.0,260306.0,1394.0,3890.0,2150.0,43100.0,,35772.0,20850.0,80.0,6500.0,4492.0,231558.0,220000.0,9280.0,40.0,6100.0,7600.0,29400.0,100.0,236.0,1100.0,6748.0,1489218.0,50725.0,11619.0,1350.0,8765.0,45165.0,30045.0,4451.0,5334.0,2536000.0,20200.0
2008,,39.0,45000.0,45000.0,8830.0,247300.0,179.0,134880.0,5547.0,231433.0,641936.0,1368.0,36118.0,21366.0,2610.0,200.0,75583.0,191165.0,14300.0,3781908.0,114986.0,470700.0,22000.0,370000.0,355.0,107933.0,4800.0,125500.0,131714.0,6900.0,8000000.0,160.0,12243.0,45349.0,3050.0,278137.0,15104.0,254940.0,97848.0,,,375007.0,,77.0,5000.0,8000.0,,100000.0,6684.0,209316.0,170.0,55424.0,560.0,15227.0,29582.0,39511.0,,99427.0,200.0,185000.0,1000000.0,77340.0,170.0,77166.0,336577.0,2000.0,208186.0,661.0,224287.0,,95306.0,-1.0,34.0,584860.0,1950.0,39923.0,850.0,-1.0,7450.0,749540.0,215000.0,91.0,32874.0,2387.0,50.0,320.0,11311.0,46482.0,5988.0,-1.0,896000.0,546.0,800.0,171365.0,500.0,1004154.0,45605.0,,2083.0,7653.0,-1.0,11955.0,88050.0,5600.0,60117.0,1600.0,260287.0,1040.0,4154.0,2184.0,43000.0,,45932.0,31504.0,40.0,7100.0,4593.0,239165.0,220000.0,9388.0,30.0,3900.0,6300.0,25781.0,98.0,228.0,900.0,6723.0,1505690.0,43800.0,11586.0,1965.0,9363.0,59338.0,38000.0,2147.0,2055.0,2725000.0,19900.0
2009,,3422.0,54585.0,54585.0,8272.0,207400.0,236.0,136800.0,6168.0,244013.0,960705.0,1375.0,29673.0,21202.0,3250.0,139.0,79150.0,203748.0,14000.0,4099991.0,75784.0,500000.0,24800.0,375000.0,355.0,104062.0,5000.0,114300.0,123085.0,7982.0,6000000.0,155.0,7973.0,45193.0,3300.0,288206.0,14267.0,276670.0,97451.0,,,687446.0,,80.0,5200.0,9239.0,,118757.0,6362.0,211165.0,200.0,61400.0,650.0,13814.0,33745.0,38667.0,,93888.0,200.0,185000.0,900000.0,78200.0,190.0,83800.0,345851.0,1300.0,244034.0,539.0,230576.0,,150584.0,-1.0,42.0,592061.0,1850.0,38658.0,800.0,-1.0,7616.0,868310.0,220000.0,142.0,33123.0,2440.0,77.0,300.0,17234.0,55340.0,6290.0,-1.0,925000.0,637.0,1100.0,151000.0,500.0,904140.0,49599.0,,1952.0,6250.0,-1.0,16709.0,104059.0,5650.0,60925.0,2900.0,273525.0,1616.0,4140.0,2216.0,42900.0,,60523.0,23342.0,80.0,5300.0,4311.0,248592.0,225000.0,9497.0,30.0,4100.0,3600.0,29821.0,100.0,282.0,1383.0,6759.0,1205310.0,43800.0,11670.0,4245.0,8570.0,80000.0,38500.0,1947.0,1688.0,2719000.0,21800.0
2010,,2725.0,44900.0,44900.0,8272.0,161914.0,305.0,136877.0,8088.0,237366.0,689377.0,1409.0,24958.0,20268.0,3145.0,409.0,82076.0,210617.0,13700.0,3423646.0,169112.0,698336.0,25000.0,380000.0,289.0,102507.0,4444.0,127200.0,118154.0,7130.0,11000000.0,150.0,26887.0,47359.0,3500.0,258157.0,17833.0,268105.0,103255.0,,,691602.0,,355.0,5200.0,9116.0,,142317.0,5752.0,213030.0,175.0,56765.0,620.0,15071.0,36585.0,21184.0,,90844.0,300.0,174332.0,907000.0,78647.0,200.0,81219.0,319252.0,2000.0,285858.0,430.0,235317.0,,112712.0,-1.0,49.0,745720.0,2203.0,40257.0,940.0,-1.0,7770.0,1208690.0,250220.0,200.0,33779.0,3324.0,47.0,329.0,20332.0,59186.0,7001.0,-1.0,952000.0,1093.0,1300.0,128079.0,700.0,911141.0,63932.0,,1765.0,4395.0,-1.0,13512.0,97423.0,5583.0,57815.0,3200.0,290090.0,1214.0,4141.0,2248.0,42300.0,,67354.0,19664.0,85.0,6700.0,4511.0,216490.0,201785.0,8123.0,39.0,3700.0,3559.0,58587.0,102.0,116.0,2006.0,5800.0,1630224.0,44100.0,11734.0,4933.0,10280.0,49610.0,38786.0,1276.0,1400.0,2710000.0,22600.0
2011,,4331.0,86400.0,86400.0,8406.0,165278.0,106.0,134467.0,6768.0,331708.0,1036738.0,1409.0,24105.0,19555.0,3685.0,539.0,84367.0,207172.0,14400.0,3673162.0,154230.0,690752.0,35000.0,380000.0,289.0,97625.0,4731.0,74500.0,115542.0,6989.0,11000000.0,145.0,17649.0,54172.0,3207.0,297126.0,17541.0,272745.0,94625.0,,,786906.0,,93.0,5200.0,9780.0,,145960.0,5254.0,440841.0,115.0,61977.0,615.0,14541.0,38498.0,44500.0,,112527.0,200.0,182300.0,909330.0,76208.0,43.0,78918.0,341819.0,4000.0,357808.0,632.0,238141.0,,123914.0,-1.0,52.0,472633.0,3119.0,45283.0,1039.0,-1.0,7913.0,737661.0,263289.0,144.0,27518.0,3216.0,44.0,376.0,22070.0,68000.0,6320.0,-1.0,983460.0,843.0,2200.0,98930.0,700.0,914931.0,65644.0,,1864.0,3606.0,-1.0,12532.0,106740.0,5550.0,65004.0,2000.0,279579.0,1218.0,5601.0,2281.0,40800.0,,57351.0,34871.0,78.0,5800.0,4536.0,302827.0,189281.0,9300.0,47.0,3900.0,3511.0,41844.0,103.0,128.0,1335.0,6000.0,894972.0,41900.0,12126.0,2794.0,7254.0,52142.0,39184.0,1232.0,954.0,2712000.0,22800.0
2012,,3855.0,55000.0,55000.0,13090.0,159111.0,146.0,136388.0,8386.0,366877.0,1056046.0,1478.0,25407.0,12906.0,3345.0,293.0,90000.0,262227.0,14600.0,2709485.0,206482.0,789798.0,36000.0,350000.0,289.0,116703.0,5120.0,120700.0,117425.0,6554.0,9100000.0,150.0,17081.0,35109.0,3000.0,245006.0,13478.0,299963.0,93174.0,,,550738.0,,81.0,5200.0,9811.0,,159587.0,6875.0,457047.0,180.0,62500.0,600.0,14034.0,36119.0,49000.0,,112889.0,200.0,168800.0,748000.0,74944.0,76.0,82119.0,479899.0,4800.0,216715.0,580.0,241399.0,1680.0,123434.0,-1.0,55.0,684090.0,2026.0,44351.0,1273.0,-1.0,8250.0,1265404.0,340752.0,129.0,27496.0,3592.0,31.0,411.0,21549.0,67200.0,6154.0,-1.0,669000.0,522.0,2600.0,111197.0,617.0,754904.0,62682.0,,1868.0,,-1.0,6428.0,111480.0,5500.0,65798.0,3400.0,311114.0,1573.0,6904.0,2200.0,40400.0,3500.0,84411.0,26546.0,80.0,5800.0,4372.0,294925.0,175243.0,8955.0,38.0,3700.0,3402.0,62524.0,100.0,141.0,1585.0,8000.0,1558992.0,39750.0,11980.0,2452.0,6450.0,36731.0,40599.0,788.0,1541.0,2792735.0,26400.0
2013,,3855.0,38000.0,38000.0,9710.0,151848.0,68.0,127660.0,10131.0,326465.0,1083604.0,1539.0,21209.0,11931.0,2940.0,328.0,80000.0,353265.0,14200.0,2813506.0,207583.0,776777.0,35500.0,360000.0,396.0,119883.0,5092.0,85000.0,121619.0,6829.0,9100000.0,150.0,18855.0,32960.0,3000.0,182075.0,14843.0,144540.0,84691.0,,,783828.0,,330.0,5200.0,9982.0,,174670.0,9698.0,457558.0,175.0,70000.0,600.0,9537.0,39320.0,61700.0,,114400.0,146.0,162000.0,625000.0,73660.0,94.0,83172.0,480012.0,6900.0,262006.0,520.0,246361.0,1500.0,119775.0,-1.0,57.0,532690.0,2264.0,43589.0,1621.0,-1.0,8300.0,1151376.0,338129.0,129.0,25227.0,4049.0,100.0,345.0,20724.0,65000.0,5312.0,-1.0,672000.0,510.0,4400.0,120762.0,501.0,630693.0,65600.0,,1875.0,,-1.0,11050.0,130150.0,5200.0,68240.0,4000.0,307158.0,1427.0,5693.0,2200.0,41400.0,3400.0,92966.0,34298.0,75.0,8200.0,4252.0,281736.0,164802.0,8344.0,19.0,4129.0,3363.0,76153.0,105.0,135.0,1796.0,8000.0,1754843.0,43550.0,12050.0,2477.0,6273.0,19094.0,42036.0,1097.0,1034.0,2994530.0,25300.0
2014,,3855.0,35000.0,35000.0,8350.0,148172.0,60.0,108740.0,8837.0,323326.0,1052408.0,1408.0,21958.0,10531.0,2930.0,353.0,86473.0,363936.0,14600.0,3185745.0,211607.0,455400.0,34328.0,362824.0,396.0,121477.0,5166.0,119700.0,121698.0,7100.0,10000000.0,142.0,18065.0,26600.0,3013.0,208016.0,17455.0,350150.0,90449.0,,,786835.0,,2600.0,5438.0,10358.0,,156276.0,8195.0,459100.0,78.0,70000.0,600.0,13565.0,40231.0,50665.0,,109249.0,600.0,165720.0,600000.0,73017.0,104.0,76770.0,465865.0,21700.0,266543.0,670.0,250414.0,1340.0,129911.0,-1.0,60.0,667170.0,2501.0,42978.0,1200.0,-1.0,8141.0,1134394.0,380592.0,126.0,23312.0,4163.0,100.0,344.0,20970.0,18222.0,4904.0,-1.0,674000.0,602.0,8300.0,116559.0,519.0,605884.0,67286.0,,1808.0,,-1.0,14670.0,132659.0,5100.0,69651.0,2900.0,329959.0,1633.0,5884.0,2438.0,41300.0,3500.0,115404.0,45903.0,76.0,7900.0,4268.0,237230.0,157832.0,7361.0,19.0,4052.0,3120.0,69741.0,102.0,136.0,1829.0,7034.0,1680897.0,55820.0,12121.0,3077.0,5842.0,17225.0,43482.0,1483.0,880.0,3017250.0,28700.0
