,"China, Taiwan Province of",Belarus,Croatia,Saudi Arabia,Philippines,Syrian Arab Republic,Brazil,Australia,United Republic of Tanzania,Ethiopia,The former Yugoslav Republic of Macedonia,Greece,Zimbabwe,Republic of Korea,Uzbekistan,Australia & New Zealand,Yugoslav SFR,Guatemala,Algeria,Slovenia,United Arab Emirates,Madagascar,Luxembourg,Israel,Belgium,Turkmenistan,Switzerland,Uruguay,Azerbaijan,Egypt,Bosnia and Herzegovina,China,Malta,Colombia,Libya,Lebanon,Kyrgyzstan,Occupied Palestinian Territory,Chile,Hungary,Montenegro,Kazakhstan,Estonia,Portugal,Viet Nam,"China, mainland",Russian Federation,Italy,India,Ukraine,Bolivia (Plurinational State of),Peru,Yemen,Serbia and Montenegro,Czechoslovakia,Serbia,Tajikistan,Armenia,Germany,Namibia,United Kingdom,Canada,Japan,Afghanistan,Iraq,Venezuela (Bolivarian Republic of),Cyprus,Spain,New Zealand,Bulgaria,United States of America,Iran (Islamic Republic of),Pakistan,Kuwait,Czechia,Argentina,Paraguay,Georgia,Cuba,Austria,Bahrain,Morocco,Ethiopia PDR,Qatar,Mexico,USSR,Romania,Ecuador,Honduras,Jordan,Tunisia,Albania,Slovakia,France,South Africa,RÃ©union,Thailand,Lithuania,Netherlands,Turkey,Republic of Moldova,Belgium-Luxembourg
1961,201.0,-1.0,-1.0,550.0,-1.0,69425.0,64876.0,49288.0,-1.0,-1.0,-1.0,247130.0,-1.0,820.0,-1.0,49765.0,272000.0,100.0,349000.0,-1.0,-1.0,300.0,-1.0,12000.0,-1.0,-1.0,12189.0,20000.0,-1.0,9000.0,-1.0,10201.0,998.0,400.0,3155.0,24200.0,-1.0,-1.0,101000.0,204372.0,-1.0,-1.0,-1,225000.0,-1.0,10000.0,-1.0,1690700.0,4400.0,-1.0,1000.0,7690.0,3400.0,-1.0,20241.0,-1.0,-1.0,-1.0,66265.0,-1.0,-1.0,9235.0,17500.0,50000.0,15000.0,-1.0,35000.0,1742000.0,477.0,182000.0,206950.0,102000.0,2600.0,-1.0,-1.0,239000.0,1000.0,-1.0,-1.0,36000.0,25.0,76000.0,-1.0,-1.0,12176.0,491000.0,306300.0,200.0,-1.0,21000.0,45769.0,10200.0,-1.0,1418000.0,67000.0,20.0,100.0,-1,375.0,775000.0,-1.0,1586.0
1962,226.0,-1.0,-1.0,550.0,-1.0,69624.0,69550.0,49416.0,-1.0,-1.0,-1.0,243760.0,-1.0,1143.0,-1.0,49916.0,270000.0,100.0,346000.0,-1.0,-1.0,300.0,-1.0,12000.0,-1.0,-1.0,12156.0,20000.0,-1.0,8201.0,-1.0,12226.0,800.0,450.0,2760.0,24500.0,-1.0,-1.0,102000.0,219039.0,-1.0,-1.0,-1,240000.0,-1.0,12000.0,-1.0,1685000.0,4600.0,-1.0,1200.0,8050.0,3400.0,-1.0,20002.0,-1.0,-1.0,-1.0,67137.0,-1.0,-1.0,10000.0,19400.0,50000.0,15000.0,-1.0,35786.0,1640000.0,500.0,185000.0,214400.0,102000.0,2200.0,-1.0,-1.0,245000.0,1300.0,-1.0,-1.0,36000.0,25.0,78000.0,-1.0,-1.0,11872.0,580000.0,300900.0,140.0,-1.0,19730.0,45522.0,11100.0,-1.0,1414000.0,67000.0,20.0,100.0,-1,345.0,802040.0,-1.0,1574.0
1963,252.0,-1.0,-1.0,550.0,-1.0,70477.0,70563.0,49364.0,-1.0,-1.0,-1.0,239170.0,-1.0,975.0,-1.0,49868.0,266000.0,200.0,346000.0,-1.0,-1.0,300.0,-1.0,12000.0,-1.0,-1.0,12174.0,20000.0,-1.0,8447.0,-1.0,12252.0,894.0,450.0,2900.0,25000.0,-1.0,-1.0,101000.0,229312.0,-1.0,-1.0,-1,245000.0,-1.0,12000.0,-1.0,1663400.0,5000.0,-1.0,1220.0,7900.0,3500.0,-1.0,20320.0,-1.0,-1.0,-1.0,68354.0,-1.0,-1.0,11560.0,20900.0,50000.0,15000.0,-1.0,36121.0,1660000.0,504.0,189000.0,217520.0,105000.0,2600.0,-1.0,-1.0,253000.0,1400.0,-1.0,-1.0,40000.0,32.0,78000.0,-1.0,-1.0,13101.0,656000.0,303400.0,140.0,-1.0,19320.0,45613.0,11900.0,-1.0,1408000.0,75000.0,20.0,100.0,-1,301.0,794090.0,-1.0,1545.0
1964,428.0,-1.0,-1.0,550.0,-1.0,69811.0,67575.0,50144.0,-1.0,-1.0,-1.0,234830.0,50.0,2080.0,-1.0,50698.0,263000.0,200.0,351410.0,-1.0,-1.0,300.0,-1.0,12000.0,-1.0,-1.0,11854.0,20000.0,-1.0,8770.0,-1.0,13428.0,888.0,500.0,2700.0,23847.0,-1.0,-1.0,103000.0,242614.0,-1.0,-1.0,-1,250000.0,-1.0,13000.0,-1.0,1650200.0,5600.0,-1.0,1240.0,8320.0,3500.0,-1.0,20307.0,-1.0,-1.0,-1.0,68623.0,-1.0,-1.0,12950.0,21700.0,52500.0,15000.0,-1.0,36121.0,1678000.0,554.0,190000.0,219420.0,107000.0,2400.0,-1.0,-1.0,261000.0,1450.0,-1.0,-1.0,40000.0,32.0,78000.0,-1.0,-1.0,13370.0,734000.0,312700.0,149.0,-1.0,19450.0,45613.0,12519.0,-1.0,1401000.0,75000.0,20.0,100.0,-1,257.0,800000.0,-1.0,1554.0
1965,386.0,-1.0,-1.0,600.0,-1.0,70190.0,68979.0,50703.0,-1.0,-1.0,-1.0,234410.0,50.0,3434.0,-1.0,51357.0,261000.0,200.0,345714.0,-1.0,-1.0,300.0,-1.0,11600.0,-1.0,-1.0,11849.0,20000.0,-1.0,8653.0,-1.0,15386.0,850.0,550.0,2500.0,18100.0,-1.0,-1.0,103000.0,246560.0,-1.0,-1.0,-1,250000.0,-1.0,15000.0,-1.0,1555000.0,6200.0,-1.0,1140.0,7920.0,3600.0,-1.0,20678.0,-1.0,-1.0,-1.0,68816.0,-1.0,-1.0,13650.0,22600.0,55000.0,15000.0,-1.0,36121.0,1688000.0,654.0,191534.0,221200.0,110000.0,2600.0,-1.0,-1.0,267000.0,1500.0,-1.0,-1.0,45428.0,32.0,77000.0,-1.0,-1.0,13731.0,765000.0,312400.0,126.0,-1.0,19800.0,44880.0,12600.0,-1.0,1396000.0,85000.0,20.0,100.0,-1,244.0,800000.0,-1.0,1576.0
1966,454.0,-1.0,-1.0,600.0,-1.0,70170.0,67250.0,51483.0,-1.0,-1.0,-1.0,233040.0,50.0,3813.0,-1.0,52009.0,259000.0,300.0,335240.0,-1.0,-1.0,300.0,-1.0,11400.0,-1.0,-1.0,11902.0,18000.0,-1.0,10403.0,-1.0,17454.0,850.0,600.0,2666.0,18664.0,-1.0,-1.0,119000.0,244900.0,-1.0,-1.0,-1,255000.0,-1.0,17000.0,-1.0,1535300.0,6800.0,-1.0,1150.0,7666.0,3800.0,-1.0,21267.0,-1.0,-1.0,-1.0,69166.0,-1.0,-1.0,13270.0,22900.0,60000.0,16500.0,130.0,33846.0,1537100.0,526.0,194165.0,221240.0,115000.0,2600.0,-1.0,-1.0,271000.0,1500.0,-1.0,-1.0,45428.0,13.0,75000.0,-1.0,-1.0,14501.0,778000.0,326200.0,120.0,-1.0,19791.0,49598.0,12600.0,-1.0,1383773.0,85000.0,20.0,100.0,-1,230.0,830000.0,-1.0,1570.0
1967,487.0,-1.0,-1.0,600.0,-1.0,68598.0,64515.0,51488.0,-1.0,-1.0,-1.0,231550.0,50.0,4314.0,-1.0,52065.0,257000.0,300.0,313670.0,-1.0,-1.0,300.0,-1.0,11000.0,-1.0,-1.0,11945.0,18000.0,-1.0,10821.0,-1.0,17487.0,850.0,650.0,2666.0,15223.0,-1.0,-1.0,109000.0,239700.0,-1.0,-1.0,-1,255000.0,-1.0,17000.0,-1.0,1482900.0,7100.0,-1.0,1450.0,7742.0,4000.0,-1.0,21178.0,-1.0,-1.0,-1.0,69460.0,-1.0,-1.0,14520.0,23100.0,66200.0,16500.0,165.0,34114.0,1576400.0,577.0,200442.0,220000.0,115000.0,2600.0,-1.0,-1.0,276000.0,1700.0,-1.0,-1.0,45978.0,13.0,74000.0,-1.0,-1.0,14796.0,792000.0,333700.0,131.0,-1.0,17891.0,46040.0,12500.0,-1.0,1379811.0,90116.0,20.0,100.0,-1,213.0,840000.0,-1.0,1590.0
1968,563.0,-1.0,-1.0,650.0,-1.0,67708.0,72559.0,51736.0,-1.0,-1.0,-1.0,226670.0,50.0,4520.0,-1.0,52407.0,256000.0,300.0,305000.0,-1.0,-1.0,300.0,-1.0,10800.0,-1.0,-1.0,11990.0,18000.0,-1.0,10920.0,-1.0,17563.0,809.0,700.0,2639.0,15344.0,-1.0,-1.0,114000.0,236141.0,-1.0,-1.0,-1,255000.0,-1.0,17000.0,-1.0,1392800.0,7400.0,-1.0,1980.0,8445.0,4200.0,-1.0,22093.0,-1.0,-1.0,-1.0,70214.0,-1.0,-1.0,13160.0,23100.0,70000.0,16500.0,184.0,40000.0,1585800.0,671.0,202772.0,219130.0,110000.0,2300.0,15.0,-1.0,291000.0,1600.0,-1.0,-1.0,45978.0,13.0,67000.0,-1.0,-1.0,14894.0,791000.0,342803.0,149.0,-1.0,6783.0,41554.0,12600.0,-1.0,1363009.0,93800.0,20.0,100.0,-1,205.0,848000.0,-1.0,1569.0
1969,703.0,-1.0,-1.0,650.0,-1.0,69137.0,59744.0,51555.0,81.0,-1.0,-1.0,223640.0,50.0,5223.0,-1.0,52283.0,255907.0,400.0,308140.0,-1.0,-1.0,285.0,-1.0,10500.0,-1.0,-1.0,12073.0,18000.0,-1.0,12600.0,-1.0,18703.0,809.0,750.0,2531.0,16556.0,-1.0,-1.0,100000.0,233502.0,-1.0,-1.0,-1,255000.0,-1.0,18000.0,-1.0,1326900.0,7800.0,-1.0,2100.0,11009.0,4400.0,-1.0,23190.0,-1.0,-1.0,-1.0,71336.0,-1.0,-1.0,13450.0,23300.0,70000.0,17000.0,298.0,45000.0,1575000.0,728.0,169900.0,219820.0,118000.0,2400.0,20.0,-1.0,294167.0,1700.0,-1.0,-1.0,46473.0,16.0,61000.0,1000.0,-1.0,17160.0,795000.0,346744.0,156.0,-1.0,4138.0,46000.0,12600.0,-1.0,1258400.0,99178.0,20.0,200.0,-1,190.0,838000.0,-1.0,1529.0
1970,869.0,-1.0,-1.0,700.0,-1.0,65759.0,66197.0,52043.0,161.0,-1.0,-1.0,221300.0,50.0,6198.0,-1.0,53511.0,253966.0,400.0,299660.0,-1.0,-1.0,290.0,-1.0,9300.0,-1.0,-1.0,12138.0,20000.0,-1.0,15543.0,-1.0,18869.0,810.0,800.0,2546.0,16855.0,-1.0,-1.0,104002.0,229715.0,-1.0,-1.0,-1,255000.0,-1.0,18000.0,-1.0,1330800.0,8000.0,-1.0,2200.0,10253.0,4000.0,-1.0,24121.0,-1.0,-1.0,-1.0,73700.0,-1.0,-1.0,15640.0,23300.0,70000.0,17000.0,223.0,50836.0,1528500.0,1468.0,169196.0,216710.0,120000.0,2300.0,26.0,-1.0,294700.0,1600.0,-1.0,-1.0,46921.0,16.0,61000.0,1000.0,-1.0,19675.0,813000.0,292800.0,160.0,-1.0,6577.0,33867.0,12358.0,-1.0,1238400.0,100167.0,20.0,200.0,-1,166.0,845000.0,-1.0,1497.0
1971,1217.0,-1.0,-1.0,800.0,-1.0,66855.0,72774.0,53419.0,242.0,-1.0,-1.0,219800.0,90.0,7112.0,-1.0,54899.0,252000.0,500.0,290110.0,-1.0,2.0,350.0,-1.0,10000.0,-1.0,-1.0,12177.0,20000.0,-1.0,15693.0,-1.0,19217.0,800.0,850.0,2500.0,17754.0,-1.0,-1.0,105430.0,222323.0,-1.0,-1.0,-1,260000.0,-1.0,18000.0,-1.0,1275500.0,8400.0,-1.0,2500.0,9846.0,7000.0,-1.0,25592.0,-1.0,-1.0,-1.0,75514.0,-1.0,-1.0,9920.0,24200.0,70000.0,18000.0,274.0,50836.0,1476200.0,1480.0,169194.0,216540.0,129730.0,2300.0,24.0,-1.0,299664.0,1600.0,-1.0,-1.0,47693.0,20.0,61000.0,1000.0,-1.0,21438.0,828000.0,345000.0,153.0,-1.0,3908.0,33996.0,11800.0,-1.0,1219300.0,100000.0,20.0,250.0,-1,153.0,846500.0,-1.0,1367.0
1972,1590.0,-1.0,-1.0,834.0,-1.0,67016.0,73772.0,56800.0,323.0,-1.0,-1.0,214900.0,120.0,7560.0,-1.0,58300.0,250142.0,500.0,260700.0,-1.0,3.0,350.0,-1.0,8600.0,-1.0,-1.0,12403.0,20000.0,-1.0,16803.0,-1.0,19590.0,810.0,900.0,4359.0,17799.0,-1.0,-1.0,105852.0,218488.0,-1.0,-1.0,-1,260000.0,-1.0,18000.0,-1.0,1292300.0,8600.0,-1.0,2700.0,10327.0,7500.0,-1.0,27217.0,-1.0,-1.0,-1.0,77551.0,-1.0,-1.0,7970.0,25500.0,70000.0,24000.0,144.0,46154.0,1540800.0,1500.0,165785.0,214930.0,146000.0,2300.0,28.0,-1.0,304100.0,1700.0,-1.0,-1.0,47693.0,20.0,59000.0,1000.0,-1.0,21469.0,781000.0,339221.0,131.0,-1.0,2949.0,34629.0,11500.0,-1.0,1215200.0,100000.0,20.0,300.0,-1,134.0,850000.0,-1.0,1354.0
1973,1791.0,-1.0,-1.0,827.0,-1.0,73917.0,57969.0,59700.0,403.0,-1.0,-1.0,210000.0,140.0,8056.0,-1.0,61950.0,248649.0,600.0,241150.0,-1.0,6.0,370.0,-1.0,8250.0,-1.0,-1.0,12551.0,22000.0,-1.0,18063.0,-1.0,20791.0,800.0,1000.0,4564.0,16886.0,-1.0,-1.0,108134.0,213339.0,-1.0,-1.0,-1,260000.0,-1.0,19000.0,-1.0,1302500.0,8700.0,-1.0,2760.0,10778.0,7500.0,-1.0,29127.0,-1.0,-1.0,-1.0,80622.0,-1.0,-1.0,8460.0,26800.0,70000.0,30000.0,191.0,46154.0,1574200.0,2250.0,161557.0,222090.0,160000.0,2500.0,25.0,-1.0,299400.0,1800.0,-1.0,-1.0,47693.0,20.0,55000.0,1000.0,-1.0,23848.0,759000.0,334500.0,122.0,-1.0,3729.0,36665.0,11800.0,-1.0,1220600.0,105000.0,20.0,300.0,-1,118.0,816000.0,-1.0,1330.0
1974,1571.0,-1.0,-1.0,3233.0,-1.0,80536.0,53324.0,62500.0,484.0,-1.0,-1.0,207000.0,150.0,7997.0,-1.0,64850.0,247139.0,600.0,234070.0,-1.0,8.0,545.0,-1.0,8400.0,-1.0,-1.0,12523.0,22000.0,-1.0,18904.0,-1.0,20571.0,810.0,1100.0,6352.0,16937.0,-1.0,-1.0,106334.0,210330.0,-1.0,-1.0,-1,260000.0,-1.0,19000.0,-1.0,1320000.0,5200.0,-1.0,2820.0,10802.0,8000.0,-1.0,30138.0,-1.0,-1.0,-1.0,83028.0,-1.0,-1.0,10230.0,28200.0,70000.0,35000.0,256.0,46154.0,1567000.0,2350.0,164478.0,236700.0,180000.0,2500.0,27.0,-1.0,310000.0,1800.0,-1.0,-1.0,49843.0,23.0,54000.0,1000.0,-1.0,25724.0,784000.0,297652.0,88.0,-1.0,4357.0,38543.0,13000.0,-1.0,1218600.0,105000.0,20.0,400.0,-1,102.0,795000.0,-1.0,1341.0
1975,1301.0,-1.0,-1.0,4215.0,-1.0,81384.0,57709.0,64047.0,565.0,-1.0,-1.0,203000.0,160.0,7433.0,-1.0,66403.0,246974.0,700.0,216940.0,-1.0,10.0,950.0,-1.0,8220.0,-1.0,-1.0,12625.0,23000.0,-1.0,17643.0,-1.0,20301.0,820.0,1200.0,5870.0,17000.0,-1.0,-1.0,105156.0,206216.0,-1.0,-1.0,-1,260000.0,-1.0,19000.0,-1.0,1328000.0,5700.0,-1.0,2960.0,10613.0,8500.0,-1.0,31472.0,-1.0,-1.0,-1.0,84970.0,-1.0,-1.0,10840.0,29200.0,70000.0,35000.0,342.0,45485.0,1610600.0,2356.0,164850.0,253490.0,180000.0,2488.0,24.0,-1.0,331200.0,1800.0,-1.0,-1.0,44540.0,23.0,52700.0,1000.0,-1.0,24537.0,818000.0,295723.0,120.0,-1.0,6545.0,37730.0,14000.0,-1.0,1194100.0,105000.0,20.0,400.0,-1,97.0,790000.0,-1.0,1346.0
1976,1265.0,-1.0,-1.0,4468.0,-1.0,94888.0,60700.0,63400.0,645.0,-1.0,-1.0,203000.0,200.0,7354.0,-1.0,65900.0,245836.0,700.0,220990.0,-1.0,12.0,1375.0,-1.0,5560.0,-1.0,-1.0,13533.0,23000.0,-1.0,21365.0,-1.0,21265.0,800.0,1300.0,5990.0,15000.0,-1.0,-1.0,105933.0,199843.0,-1.0,-1.0,-1,260000.0,-1.0,20000.0,-1.0,1344500.0,5100.0,-1.0,3220.0,10648.0,8800.0,-1.0,31907.0,-1.0,-1.0,-1.0,86296.0,-1.0,-1.0,11400.0,29600.0,70000.0,35000.0,473.0,46154.0,1622000.0,2500.0,162401.0,283840.0,180000.0,2450.0,25.0,-1.0,339100.0,1800.0,-1.0,-1.0,44540.0,23.0,55300.0,1000.0,-1.0,29098.0,827000.0,298200.0,103.0,-1.0,3076.0,34790.0,14800.0,-1.0,1226400.0,110000.0,20.0,400.0,-1,80.0,768000.0,-1.0,1352.0
1977,1161.0,-1.0,-1.0,4980.0,-1.0,93973.0,59610.0,64432.0,726.0,-1.0,-1.0,209000.0,220.0,7377.0,-1.0,67498.0,246000.0,800.0,213030.0,-1.0,14.0,1585.0,-1.0,5710.0,-1.0,-1.0,13578.0,16000.0,-1.0,22879.0,-1.0,21161.0,800.0,1400.0,6777.0,16500.0,-1.0,-1.0,102789.0,191798.0,-1.0,-1.0,-1,260000.0,-1.0,20000.0,-1.0,1347400.0,9350.0,-1.0,3310.0,10070.0,10000.0,-1.0,33199.0,-1.0,-1.0,-1.0,87730.0,-1.0,-1.0,9000.0,29900.0,70100.0,32000.0,613.0,46154.0,1636900.0,3066.0,158592.0,293070.0,181000.0,2409.0,39.0,-1.0,340700.0,1900.0,-1.0,-1.0,47000.0,25.0,61100.0,1000.0,11.0,31929.0,851000.0,290600.0,75.0,-1.0,9373.0,33448.0,15600.0,-1.0,1203900.0,100000.0,20.0,1000.0,-1,70.0,760000.0,-1.0,1500.0
1978,1543.0,-1.0,-1.0,4379.0,410.0,93885.0,58223.0,64907.0,806.0,-1.0,-1.0,198000.0,220.0,6937.0,-1.0,68627.0,247000.0,1000.0,203350.0,-1.0,22.0,1400.0,-1.0,5490.0,-1.0,-1.0,13468.0,12000.0,-1.0,23144.0,-1.0,26543.0,800.0,1400.0,6255.0,18000.0,-1.0,-1.0,100542.0,185703.0,-1.0,-1.0,-1,275000.0,-1.0,25000.0,-1.0,1349500.0,8960.0,-1.0,3520.0,9190.0,10200.0,-1.0,34185.0,-1.0,-1.0,-1.0,88917.0,-1.0,-1.0,11900.0,29900.0,70500.0,30000.0,688.0,34248.0,1639622.0,3720.0,157444.0,291450.0,181000.0,2460.0,40.0,-1.0,341000.0,2000.0,-1.0,-1.0,48677.0,30.0,62000.0,1000.0,11.0,40404.0,845000.0,289670.0,70.0,-1.0,10053.0,32990.0,16500.0,-1.0,1176600.0,120000.0,20.0,1305.0,-1,60.0,790000.0,-1.0,1500.0
1979,2218.0,-1.0,-1.0,5059.0,390.0,96103.0,59912.0,65800.0,887.0,-1.0,-1.0,191000.0,250.0,7140.0,-1.0,69982.0,246000.0,1200.0,192840.0,-1.0,25.0,1595.0,-1.0,5860.0,-1.0,-1.0,13525.0,16000.0,-1.0,22034.0,-1.0,32918.0,800.0,1450.0,6650.0,19000.0,-1.0,-1.0,115000.0,173829.0,-1.0,-1.0,-1,275000.0,-1.0,30700.0,-1.0,1297700.0,9560.0,-1.0,3550.0,9040.0,10200.0,-1.0,35585.0,-1.0,-1.0,-1.0,87592.0,-1.0,-1.0,10350.0,30300.0,66900.0,28000.0,672.0,34248.0,1632026.0,4182.0,158025.0,281860.0,181000.0,2528.0,40.0,-1.0,316355.0,2100.0,-1.0,-1.0,48677.0,30.0,50000.0,1000.0,28.0,38777.0,867000.0,256496.0,70.0,-1.0,4020.0,34036.0,17100.0,-1.0,1166000.0,113000.0,21.0,2000.0,-1,50.0,850000.0,-1.0,1500.0
1980,2667.0,-1.0,-1.0,4193.0,390.0,99365.0,57345.0,65200.0,968.0,-1.0,-1.0,185000.0,280.0,7654.0,-1.0,70058.0,247000.0,1600.0,192000.0,-1.0,10.0,1595.0,-1.0,5680.0,-1.0,-1.0,13602.0,12000.0,-1.0,23979.0,-1.0,34667.0,810.0,1500.0,6160.0,20000.0,-1.0,-1.0,115000.0,167744.0,-1.0,-1.0,-1,250000.0,-1.0,32000.0,-1.0,1349000.0,10230.0,-1.0,3640.0,9455.0,11500.0,-1.0,36715.0,-1.0,-1.0,-1.0,89485.0,-1.0,-1.0,10570.0,30300.0,66000.0,25000.0,660.0,34515.0,1657400.0,4858.0,154179.0,281900.0,182000.0,2537.0,40.0,-1.0,318463.0,2300.0,-1.0,-1.0,53981.0,30.0,52300.0,1000.0,27.0,46273.0,902000.0,259206.0,75.0,-1.0,2245.0,34700.0,17366.0,-1.0,1113800.0,115000.0,21.0,3000.0,-1,45.0,820000.0,-1.0,1500.0
1981,3448.0,-1.0,-1.0,4034.0,390.0,100200.0,57529.0,64700.0,1048.0,-1.0,-1.0,186000.0,350.0,9186.0,-1.0,70107.0,249000.0,1400.0,182000.0,-1.0,12.0,1615.0,-1.0,4840.0,-1.0,-1.0,13737.0,20000.0,-1.0,25223.0,-1.0,40448.0,800.0,1600.0,6400.0,22500.0,-1.0,-1.0,125000.0,161282.0,-1.0,-1.0,-1,250000.0,-1.0,37000.0,-1.0,1335000.0,10830.0,-1.0,3620.0,9416.0,12500.0,-1.0,37462.0,-1.0,-1.0,-1.0,89007.0,-1.0,-1.0,10386.0,29900.0,63900.0,25000.0,659.0,34114.0,1657000.0,5407.0,169366.0,290800.0,182882.0,2563.0,36.0,-1.0,318904.0,2300.0,-1.0,-1.0,54855.0,30.0,54400.0,1000.0,30.0,54274.0,943000.0,256919.0,80.0,-1.0,2744.0,33340.0,17800.0,-1.0,1083000.0,100000.0,22.0,2500.0,-1,53.0,800000.0,-1.0,1500.0
1982,3630.0,-1.0,-1.0,2983.0,120.0,100993.0,57607.0,63700.0,1129.0,-1.0,-1.0,179000.0,350.0,11162.0,-1.0,68400.0,246000.0,1400.0,181000.0,-1.0,20.0,1685.0,-1.0,5570.0,-1.0,-1.0,13979.0,18099.0,-1.0,26881.0,-1.0,50330.0,450.0,1700.0,4000.0,23000.0,-1.0,-1.0,122000.0,159257.0,-1.0,-1.0,-1,255000.0,-1.0,46700.0,-1.0,1322600.0,11430.0,-1.0,3625.0,9353.0,13101.0,-1.0,38367.0,-1.0,-1.0,-1.0,89022.0,-1.0,-1.0,10500.0,29600.0,62000.0,24000.0,582.0,33445.0,1658000.0,4700.0,166988.0,302500.0,186263.0,2718.0,32.0,-1.0,321210.0,2400.0,-1.0,-1.0,55314.0,30.0,57100.0,1000.0,26.0,57124.0,973000.0,254674.0,80.0,-1.0,2841.0,32235.0,18000.0,-1.0,1069200.0,100000.0,22.0,2000.0,-1,50.0,655000.0,-1.0,1500.0
1983,3899.0,-1.0,-1.0,3831.0,100.0,105800.0,58269.0,61900.0,1210.0,-1.0,-1.0,178000.0,350.0,14165.0,-1.0,66900.0,242000.0,1400.0,171710.0,-1.0,25.0,1750.0,-1.0,5410.0,-1.0,-1.0,14134.0,18098.0,-1.0,29400.0,-1.0,62299.0,650.0,1240.0,4000.0,23500.0,-1.0,-1.0,121000.0,156656.0,-1.0,-1.0,-1,255000.0,-1.0,58400.0,-1.0,1106839.0,12050.0,-1.0,3625.0,9690.0,13661.0,-1.0,38136.0,-1.0,-1.0,-1.0,90372.0,-1.0,-1.0,12040.0,29300.0,59900.0,22000.0,671.0,33445.0,1645330.0,5000.0,147706.0,302010.0,193617.0,2785.0,28.0,-1.0,318675.0,2400.0,-1.0,-1.0,56042.0,30.0,56700.0,1000.0,27.0,56082.0,996000.0,255629.0,80.0,-1.0,2780.0,31400.0,19000.0,-1.0,1049700.0,100000.0,25.0,2306.0,-1,50.0,655000.0,-1.0,1500.0
1984,4590.0,-1.0,-1.0,5959.0,70.0,105900.0,56950.0,60200.0,1290.0,-1.0,-1.0,175000.0,350.0,15514.0,-1.0,65700.0,238331.0,1400.0,162480.0,-1.0,30.0,1820.0,-1.0,5400.0,-1.0,-1.0,13885.0,17000.0,-1.0,32350.0,-1.0,68590.0,630.0,1065.0,3900.0,23000.0,-1.0,-1.0,112000.0,154741.0,-1.0,-1.0,-1,255000.0,-1.0,64000.0,-1.0,1099767.0,12390.0,-1.0,3795.0,9475.0,14000.0,-1.0,39070.0,-1.0,-1.0,-1.0,92195.0,-1.0,-1.0,13380.0,28800.0,57800.0,22000.0,635.0,33177.0,1587250.0,5500.0,146436.0,311600.0,200083.0,2846.0,24.0,-1.0,305981.0,2500.0,-1.0,-1.0,54847.0,30.0,56800.0,1000.0,37.0,63397.0,995000.0,252546.0,75.0,-1.0,2167.0,31200.0,19000.0,-1.0,1032200.0,100000.0,25.0,2400.0,-1,44.0,625000.0,-1.0,1427.0
1985,4837.0,-1.0,-1.0,5262.0,140.0,109895.0,57855.0,59986.0,1371.0,-1.0,-1.0,172900.0,300.0,16206.0,-1.0,65886.0,232294.0,1500.0,157400.0,-1.0,39.0,1800.0,-1.0,5410.0,-1.0,-1.0,14031.0,16000.0,-1.0,36130.0,-1.0,91837.0,600.0,1450.0,4000.0,24000.0,-1.0,-1.0,112000.0,153564.0,-1.0,-1.0,-1,265000.0,-1.0,87000.0,-1.0,1071773.0,12530.0,-1.0,3652.0,9262.0,14000.0,-1.0,38885.0,-1.0,-1.0,-1.0,93020.0,-1.0,-1.0,10880.0,28400.0,56400.0,20000.0,720.0,30502.0,1552387.0,5900.0,144336.0,316540.0,202053.0,2800.0,24.0,-1.0,291906.0,1553.0,-1.0,-1.0,53622.0,30.0,59200.0,1000.0,32.0,61704.0,948000.0,249174.0,38.0,-1.0,6500.0,31775.0,19076.0,-1.0,1020400.0,95000.0,25.0,2600.0,-1,39.0,625000.0,-1.0,1418.0
1986,5023.0,-1.0,-1.0,5367.0,150.0,112900.0,57536.0,59965.0,1452.0,-1.0,-1.0,172000.0,280.0,17037.0,-1.0,64265.0,229000.0,1500.0,130430.0,-1.0,40.0,1900.0,-1.0,5100.0,-1.0,-1.0,14135.0,16000.0,-1.0,45790.0,-1.0,120023.0,620.0,1305.0,4200.0,25000.0,-1.0,-1.0,108000.0,147444.0,-1.0,-1.0,-1,266200.0,-1.0,115000.0,-1.0,1060432.0,12500.0,-1.0,3735.0,8795.0,14500.0,-1.0,37680.0,-1.0,-1.0,-1.0,93059.0,-1.0,-1.0,12670.0,28000.0,50000.0,20000.0,758.0,29833.0,1531200.0,4300.0,138427.0,311840.0,205537.0,2900.0,56.0,-1.0,280314.0,1578.0,-1.0,-1.0,54210.0,30.0,59400.0,1000.0,28.0,73014.0,907000.0,241300.0,19.0,-1.0,5503.0,31200.0,19190.0,-1.0,1002442.0,85000.0,20.0,2834.0,-1,35.0,600000.0,-1.0,1404.0
1987,5113.0,-1.0,-1.0,5546.0,160.0,115392.0,57806.0,53900.0,1532.0,-1.0,-1.0,168560.0,280.0,16813.0,-1.0,58200.0,229000.0,1500.0,121570.0,-1.0,36.0,2000.0,-1.0,5160.0,-1.0,-1.0,14188.0,15000.0,-1.0,46630.0,-1.0,148113.0,630.0,1393.0,6458.0,28566.0,-1.0,-1.0,115000.0,144861.0,-1.0,-1.0,-1,266700.0,-1.0,143000.0,-1.0,1055685.0,15389.0,-1.0,3700.0,8757.0,14700.0,-1.0,36660.0,-1.0,-1.0,-1.0,93276.0,-1.0,-1.0,10415.0,27500.0,50000.0,20000.0,777.0,29164.0,1514000.0,4300.0,137026.0,309050.0,205502.0,2900.0,50.0,-1.0,270939.0,1585.0,-1.0,-1.0,53793.0,32.0,47500.0,1000.0,30.0,54605.0,878000.0,220400.0,26.0,-1.0,5447.0,31890.0,19508.0,-1.0,989600.0,95000.0,20.0,1745.0,-1,35.0,590000.0,-1.0,1400.0
1988,4574.0,-1.0,-1.0,5525.0,190.0,114459.0,57070.0,53662.0,1613.0,-1.0,-1.0,161310.0,280.0,16119.0,-1.0,57962.0,227110.0,1600.0,110830.0,-1.0,36.0,2000.0,-1.0,5110.0,-1.0,-1.0,14176.0,19500.0,-1.0,46630.0,-1.0,151174.0,600.0,1448.0,6666.0,29025.0,-1.0,-1.0,117674.0,142168.0,-1.0,-1.0,-1,266800.0,-1.0,146600.0,-1.0,1046312.0,21355.0,-1.0,3550.0,8650.0,14996.0,-1.0,36243.0,-1.0,-1.0,-1.0,93475.0,-1.0,-1.0,9924.0,27100.0,52000.0,20000.0,811.0,28000.0,1439900.0,4300.0,138088.0,307880.0,229920.0,3200.0,50.0,-1.0,264736.0,1595.0,-1.0,-1.0,53811.0,35.0,46800.0,1000.0,34.0,51943.0,884000.0,217500.0,25.0,-1.0,5737.0,31500.0,19378.0,-1.0,945109.0,95000.0,22.0,1739.0,-1,35.0,590000.0,-1.0,1300.0
1989,4606.0,-1.0,-1.0,6234.0,220.0,109200.0,57825.0,53771.0,1694.0,-1.0,-1.0,156799.0,260.0,15836.0,-1.0,58141.0,226981.0,1350.0,105640.0,-1.0,37.0,2000.0,-1.0,5110.0,-1.0,-1.0,14752.0,19650.0,-1.0,45789.0,-1.0,143273.0,600.0,1466.0,6979.0,29379.0,-1.0,-1.0,118486.0,140345.0,-1.0,-1.0,-1,272600.0,-1.0,138667.0,-1.0,1037078.0,24878.0,-1.0,3490.0,8723.0,15484.0,-1.0,35269.0,-1.0,-1.0,-1.0,93945.0,-1.0,600.0,7273.0,24600.0,52000.0,20000.0,831.0,26800.0,1434900.0,4370.0,139332.0,301500.0,220114.0,3216.0,51.0,-1.0,258362.0,1602.0,-1.0,-1.0,54083.0,36.0,48160.0,1000.0,36.0,50419.0,891000.0,213400.0,23.0,-1.0,5643.0,31620.0,19221.0,-1.0,924300.0,95000.0,25.0,2101.0,-1,30.0,597000.0,-1.0,1351.0
1990,4678.0,-1.0,-1.0,7532.0,260.0,109000.0,58663.0,53914.0,2350.0,-1.0,-1.0,145919.0,270.0,14962.0,-1.0,58787.0,223442.0,1400.0,87730.0,-1.0,34.0,2000.0,-1.0,4640.0,-1.0,-1.0,14823.0,20150.0,-1.0,37952.0,-1.0,127278.0,587.0,1423.0,7313.0,29425.0,-1.0,-1.0,119626.0,111000.0,-1.0,-1.0,-1,273900.0,-1.0,122600.0,-1.0,1024282.0,25102.0,-1.0,3446.0,8685.0,17106.0,-1.0,34965.0,-1.0,-1.0,-1.0,94852.0,-1.0,600.0,6442.0,24000.0,52000.0,18803.0,924.0,25200.0,1402274.0,4873.0,140315.0,299400.0,224168.0,3253.0,55.0,-1.0,206014.0,1604.0,-1.0,-1.0,54942.0,38.0,49800.0,1035.0,34.0,47189.0,875775.0,223579.0,51.0,-1.0,11000.0,28950.0,14058.0,-1.0,907778.0,99817.0,34.0,2118.0,-1,31.0,580000.0,-1.0,1314.0
1991,4673.0,-1.0,-1.0,6172.0,280.0,109600.0,58913.0,54462.0,2400.0,-1.0,-1.0,139255.0,273.0,14802.0,-1.0,59902.0,202910.0,1470.0,79880.0,-1.0,33.0,2000.0,-1.0,4440.0,-1.0,-1.0,14927.0,11780.0,-1.0,37274.0,-1.0,118606.0,700.0,1499.0,7500.0,29446.0,-1.0,-1.0,120590.0,110228.0,-1.0,-1.0,-1,280700.0,-1.0,113933.0,-1.0,992867.0,24822.0,-1.0,3168.0,8799.0,17852.0,-1.0,34528.0,-1.0,-1.0,-1.0,99405.0,-1.0,600.0,5762.0,23040.0,52000.0,17746.0,959.0,23700.0,1378892.0,5440.0,138420.0,297800.0,231339.0,3488.0,2.0,-1.0,204890.0,1282.0,-1.0,-1.0,54083.0,40.0,50100.0,0.0,17.0,45831.0,845800.0,225034.0,32.0,-1.0,10000.0,28750.0,13684.0,-1.0,901829.0,99763.0,19.0,2100.0,-1,50.0,586000.0,-1.0,1346.0
1992,5038.0,-1.0,56000.0,7340.0,320.0,109000.0,59888.0,56371.0,2500.0,-1.0,33571.0,133430.0,260.0,14957.0,94500.0,62171.0,-1.0,1540.0,73920.0,20484.0,27.0,2000.0,-1.0,4871.0,-1.0,17501.0,15008.0,11500.0,156000.0,57921.0,5200.0,144038.0,800.0,1499.0,7000.0,29265.0,6100.0,-1.0,120690.0,111916.0,-1.0,16600.0,-1,283200.0,-1.0,139000.0,107000.0,975411.0,34010.0,139798.0,3642.0,8661.0,18645.0,88870.0,34000.0,-1.0,28500.0,23805.0,100365.0,-1.0,500.0,6206.0,22800.0,47845.0,18947.0,940.0,22250.0,1309169.0,5800.0,136570.0,301959.0,227201.0,3813.0,10.0,-1.0,208468.0,1290.0,86700.0,-1.0,54083.0,45.0,49500.0,0.0,17.0,42527.0,-1.0,235432.0,32.0,-1.0,12500.0,28700.0,6193.0,-1.0,907300.0,100527.0,19.0,2200.0,-1,41.0,576000.0,167291.0,1350.0
1993,5023.0,-1.0,56658.0,8918.0,347.0,66269.0,60200.0,58369.0,2300.0,1000.0,31341.0,125444.0,280.0,16991.0,94200.0,64349.0,-1.0,1680.0,70470.0,20570.0,28.0,1990.0,-1.0,4550.0,-1.0,17790.0,14757.0,11530.0,132500.0,58392.0,4400.0,139023.0,778.0,1300.0,6500.0,28000.0,5700.0,-1.0,119751.0,106656.0,-1.0,15600.0,-1,281100.0,-1.0,134000.0,101000.0,948262.0,35000.0,139000.0,3663.0,9124.0,18817.0,82725.0,-1.0,-1.0,29000.0,23700.0,102898.0,-1.0,500.0,6326.0,23400.0,48561.0,19715.0,877.0,21000.0,1235000.0,5980.0,117195.0,307450.0,228574.0,8078.0,12.0,11124.0,202857.0,1288.0,78933.0,-1.0,53785.0,48.0,47660.0,-1.0,19.0,42670.0,-1.0,245045.0,32.0,24.0,4148.0,25400.0,6193.0,26824.0,902000.0,101654.0,20.0,2498.0,-1,31.0,567000.0,172500.0,1346.0
1994,5149.0,-1.0,52806.0,9265.0,362.0,67006.0,60251.0,61362.0,2500.0,936.0,30098.0,126627.0,350.0,19773.0,92900.0,67472.0,-1.0,1820.0,69400.0,22464.0,24.0,1951.0,-1.0,4610.0,-1.0,19060.0,14844.0,9431.0,105100.0,49329.0,3500.0,154049.0,1000.0,1318.0,6400.0,26287.0,6800.0,9046.0,111927.0,101212.0,-1.0,15500.0,-1,260178.0,-1.0,148900.0,88000.0,925662.0,40000.0,140000.0,3745.0,9281.0,20735.0,88255.0,-1.0,-1.0,31000.0,25100.0,103727.0,-1.0,500.0,6526.0,22100.0,49352.0,15000.0,908.0,20200.0,1192600.0,6110.0,113280.0,314300.0,239593.0,8192.0,14.0,10717.0,206910.0,1288.0,75700.0,-1.0,53785.0,50.0,48280.0,-1.0,21.0,41854.0,-1.0,246872.0,32.0,25.0,2356.0,27000.0,4545.0,25928.0,898800.0,102625.0,20.0,2700.0,-1,31.0,567000.0,185600.0,1341.0
1995,5238.0,-1.0,52171.0,10367.0,353.0,67300.0,60810.0,62454.0,2700.0,948.0,28929.0,126712.0,350.0,26030.0,94500.0,68564.0,-1.0,1820.0,56580.0,20063.0,24.0,1991.0,-1.0,4800.0,-1.0,21000.0,14871.0,9433.0,81500.0,49183.0,3500.0,157738.0,1700.0,1305.0,6000.0,27000.0,6700.0,7628.0,113591.0,100108.0,-1.0,14800.0,-1,257248.0,-1.0,152500.0,79000.0,899105.0,40000.0,137700.0,3755.0,10702.0,21106.0,86652.0,-1.0,-1.0,31500.0,22700.0,103266.0,600.0,500.0,7177.0,22500.0,50875.0,14121.0,815.0,19300.0,1160100.0,6110.0,111920.0,316700.0,233487.0,8383.0,13.0,11915.0,206378.0,1307.0,76000.0,-1.0,48552.0,50.0,47200.0,-1.0,23.0,42836.0,-1.0,248768.0,56.0,25.0,2385.0,26940.0,4342.0,23390.0,894800.0,103325.0,20.0,2400.0,-1,31.0,565000.0,177524.0,1324.0
1996,5137.0,-1.0,54000.0,10745.0,350.0,70066.0,55916.0,64858.0,2800.0,981.0,28419.0,124480.0,339.0,27196.0,97200.0,71468.0,-1.0,1890.0,55670.0,16396.0,57.0,2013.0,-1.0,5050.0,-1.0,15000.0,14898.0,9433.0,79146.0,49961.0,3300.0,158627.0,1000.0,1200.0,7200.0,24246.0,6400.0,8317.0,116164.0,99660.0,-1.0,12600.0,-1,251178.0,-1.0,153490.0,75100.0,896260.0,39933.0,134323.0,3869.0,11314.0,21209.0,82259.0,-1.0,-1.0,31000.0,21900.0,102428.0,690.0,900.0,6970.0,21900.0,51412.0,14450.0,837.0,19430.0,1122400.0,6610.0,107001.0,327320.0,242363.0,8543.0,12.0,12139.0,205568.0,1307.0,76000.0,-1.0,48552.0,50.0,46240.0,-1.0,85.0,41724.0,-1.0,251831.0,70.0,25.0,2424.0,27000.0,4345.0,22089.0,886690.0,105608.0,20.0,2600.0,-1,33.0,560000.0,169300.0,1300.0
1997,2566.0,-1.0,53475.0,11194.0,331.0,69400.0,56682.0,72119.0,2500.0,1005.0,28077.0,124078.0,340.0,28290.0,96400.0,79529.0,-1.0,1890.0,52030.0,16046.0,55.0,2034.0,-1.0,5070.0,-1.0,20000.0,14934.0,9433.0,65495.0,50590.0,3200.0,160796.0,650.0,1073.0,7550.0,16000.0,7300.0,8366.0,123200.0,98901.0,-1.0,10500.0,-1,256282.0,-1.0,158230.0,72200.0,879526.0,37223.0,122900.0,4071.0,12367.0,21221.0,78750.0,-1.0,-1.0,31200.0,17200.0,102475.0,850.0,870.0,7017.0,21400.0,52000.0,13000.0,853.0,19030.0,1126989.0,7410.0,106900.0,338020.0,252197.0,8724.0,10.0,12360.0,204743.0,1326.0,75550.0,-1.0,47729.0,50.0,47438.0,-1.0,51.0,39443.0,-1.0,255000.0,150.0,25.0,3684.0,26464.0,4121.0,22000.0,878148.0,108449.0,20.0,2060.0,-1,11.0,545000.0,165400.0,1294.0
1998,2902.0,-1.0,55274.0,11232.0,349.0,69495.0,60721.0,78090.0,2500.0,1056.0,28812.0,122265.0,350.0,29871.0,80000.0,85670.0,-1.0,1890.0,51730.0,16017.0,55.0,2047.0,-1.0,5406.0,-1.0,14000.0,14991.0,10000.0,34500.0,52174.0,3600.0,180862.0,300.0,1150.0,7600.0,15300.0,7478.0,7480.0,135775.0,99099.0,-1.0,9100.0,-1,256859.0,-1.0,177960.0,63700.0,874390.0,40000.0,112300.0,3970.0,10321.0,22071.0,76000.0,-1.0,-1.0,31200.0,15200.0,101665.0,980.0,842.0,7080.0,20900.0,52000.0,12750.0,834.0,19045.0,1117900.0,7580.0,112408.0,346480.0,282292.0,8943.0,10.0,12519.0,199739.0,1321.0,68000.0,-1.0,47928.0,50.0,46920.0,-1.0,41.0,39135.0,-1.0,253900.0,89.0,25.0,3705.0,25451.0,4306.0,19518.0,862677.0,111277.0,20.0,1958.0,-1,11.0,541000.0,157500.0,1298.0
1999,3032.0,-1.0,54694.0,8461.0,356.0,69874.0,59379.0,95301.0,2500.0,1200.0,26900.0,122341.0,352.0,30537.0,100800.0,104301.0,-1.0,1960.0,50650.0,14820.0,61.0,2121.0,-1.0,6029.0,-1.0,12000.0,15042.0,9313.0,20250.0,59342.0,3100.0,226232.0,300.0,1229.0,7800.0,15500.0,7507.0,6767.0,146562.0,99000.0,-1.0,9500.0,-1,249101.0,1900.0,223200.0,61700.0,877194.0,42600.0,104800.0,4122.0,10324.0,22412.0,64000.0,-1.0,-1.0,32500.0,15076.0,101330.0,1200.0,813.0,7313.0,20500.0,52000.0,12612.0,807.0,18190.0,1115282.0,9000.0,110576.0,366132.0,263430.0,10400.0,4.0,12565.0,195418.0,1210.0,62857.0,2350.0,47946.0,50.0,47510.0,-1.0,42.0,40158.0,-1.0,251100.0,73.0,25.0,3709.0,26700.0,5377.0,19005.0,863355.0,104179.0,20.0,2413.0,-1,11.0,535000.0,147415.0,1316.0
2000,3088.0,-1.0,59000.0,8250.0,368.0,69288.0,59788.0,110623.0,2500.0,1550.0,26530.0,124790.0,356.0,29200.0,98900.0,120820.0,-1.0,1960.0,51020.0,15335.0,18.0,2091.0,1309.0,7090.0,65.0,12000.0,15058.0,9146.0,13880.0,59765.0,2991.0,286128.0,317.0,1027.0,7230.0,14100.0,7248.0,7361.0,164770.0,88672.0,-1.0,10800.0,-1,231959.0,1864.0,283040.0,61400.0,872730.0,40000.0,99400.0,4187.0,10292.0,22621.0,63140.0,-1.0,-1.0,33700.0,14571.0,101546.0,1000.0,809.0,7466.0,20200.0,52000.0,12767.0,800.0,18410.0,1167703.0,10197.0,111207.0,383016.0,263692.0,12456.0,4.0,11236.0,187740.0,915.0,62000.0,2400.0,48082.0,50.0,47300.0,-1.0,35.0,39154.0,-1.0,247500.0,107.0,25.0,3739.0,26866.0,4613.0,17531.0,860979.0,108419.0,20.0,2625.0,-1,11.0,535000.0,141489.0,-1.0
2001,3013.0,-1.0,57636.0,6965.0,338.0,68816.0,63273.0,130591.0,2700.0,1700.0,27800.0,132100.0,360.0,26803.0,99600.0,142239.0,-1.0,2000.0,51450.0,15335.0,56.0,2123.0,1298.0,7510.0,50.0,15000.0,15084.0,9066.0,11432.0,62355.0,3400.0,337383.0,460.0,1247.0,8000.0,13800.0,7420.0,7203.0,168440.0,82186.0,-1.0,10340.0,-1,224644.0,1794.0,334370.0,58600.0,859859.0,50000.0,94700.0,4336.0,11578.0,22672.0,64000.0,-1.0,-1.0,33200.0,14314.0,99714.0,1800.0,820.0,7800.0,19900.0,52000.0,12750.0,688.0,17096.0,1134892.0,11648.0,128717.0,377357.0,269459.0,12737.0,6.0,11317.0,201971.0,918.0,40309.0,2300.0,46184.0,50.0,48000.0,-1.0,9.0,37342.0,-1.0,244400.0,80.0,25.0,3771.0,31000.0,4878.0,16443.0,861343.0,111672.0,20.0,2793.0,-1,11.0,525000.0,149686.0,-1.0
2002,3030.0,-1.0,57698.0,6996.0,267.0,52437.0,66300.0,143373.0,2800.0,1750.0,27165.0,131800.0,363.0,26007.0,101300.0,157160.0,-1.0,2037.0,54200.0,15549.0,23.0,2152.0,1266.0,7710.0,50.0,16000.0,15014.0,9142.0,8850.0,56259.0,4000.0,395430.0,482.0,1150.0,8000.0,14269.0,7526.0,7890.0,170726.0,82846.0,-1.0,10700.0,-1,219839.0,1721.0,392400.0,55700.0,836330.0,47500.0,91200.0,4536.0,10937.0,22796.0,69619.0,-1.0,-1.0,33000.0,12434.0,98772.0,2350.0,734.0,8960.0,19700.0,52000.0,12750.0,632.0,17082.0,1186107.0,13787.0,114630.0,384431.0,272000.0,12745.0,6.0,12945.0,205919.0,916.0,30000.0,1800.0,45449.0,50.0,49945.0,-1.0,6.0,32904.0,-1.0,233095.0,75.0,25.0,3904.0,26178.0,5202.0,13221.0,861575.0,116709.0,20.0,2870.0,-1,11.0,530000.0,147997.0,-1.0
2003,3077.0,-1.0,57094.0,7691.0,261.0,43210.0,68432.0,142793.0,2800.0,1738.0,26530.0,131300.0,370.0,24801.0,97500.0,158593.0,-1.0,2116.0,60465.0,16556.0,13.0,2189.0,1259.0,7350.0,57.0,17000.0,14928.0,8803.0,7356.0,57214.0,5000.0,424077.0,550.0,1394.0,8000.0,13831.0,6525.0,7480.0,172635.0,93032.0,-1.0,9600.0,-1,218294.0,1900.0,421000.0,56600.0,835546.0,52100.0,85500.0,4691.0,10999.0,22870.0,68592.0,-1.0,-1.0,29957.0,11301.0,98270.0,2500.0,756.0,8869.0,19400.0,50000.0,12750.0,586.0,16289.0,1172797.0,15800.0,131069.0,384862.0,300000.0,12793.0,10.0,11825.0,205721.0,378.0,62000.0,1850.0,45017.0,50.0,52000.0,-1.0,6.0,39327.0,-1.0,223079.0,89.0,26.0,3630.0,21910.0,5741.0,13072.0,851208.0,110200.0,20.0,3715.0,-1,22.0,530000.0,142798.0,-1.0
2004,3133.0,-1.0,50000.0,9513.0,250.0,51300.0,71637.0,150561.0,2800.0,1747.0,25000.0,125800.0,370.0,22909.0,96800.0,168673.0,-1.0,2151.0,62532.0,16556.0,25.0,2191.0,1299.0,5860.0,51.0,16000.0,14937.0,8583.0,7303.0,58193.0,4900.0,416633.0,950.0,1328.0,8000.0,13900.0,6499.0,7217.0,175365.0,93217.0,-1.0,9200.0,-1,222507.0,1700.0,413500.0,56800.0,787000.0,57800.0,82800.0,4850.0,11425.0,12016.0,69879.0,-1.0,-1.0,31200.0,13560.0,98403.0,3100.0,750.0,9460.0,19200.0,50000.0,8000.0,586.0,15885.0,1170625.0,18112.0,129508.0,377614.0,313310.0,12994.0,10.0,12967.0,206300.0,454.0,49163.0,1700.0,43540.0,50.0,50000.0,-1.0,6.0,33000.0,-1.0,205381.0,61.0,28.0,3635.0,23136.0,6364.0,12003.0,851970.0,111599.0,20.0,2929.0,-1,55.0,520000.0,138442.0,-1.0
2005,3232.0,-1.0,29670.0,10470.0,269.0,53977.0,73203.0,153204.0,2700.0,1767.0,28214.0,126400.0,375.0,22057.0,99200.0,174206.0,-1.0,2189.0,69633.0,16428.0,28.0,2212.0,1300.0,5940.0,55.0,15000.0,14919.0,8484.0,7173.0,60740.0,5200.0,411332.0,661.0,1958.0,8000.0,12800.0,6549.0,7414.0,179096.0,86028.0,-1.0,9300.0,-1,222529.0,1800.0,408100.0,54500.0,793000.0,60500.0,80600.0,4898.0,11477.0,12424.0,71510.0,-1.0,-1.0,31500.0,13475.0,98875.0,3800.0,742.0,8812.0,19000.0,50000.0,8000.0,856.0,15461.0,1161411.0,21002.0,126842.0,378320.0,314547.0,13133.0,28.0,14247.0,212030.0,470.0,63000.0,1700.0,45733.0,50.0,50200.0,-1.0,8.0,26349.0,-1.0,170975.0,77.0,30.0,3635.0,23973.0,6637.0,13130.0,854824.0,112589.0,20.0,4038.0,-1,90.0,516000.0,140205.0,-1.0
2006,3303.0,1150.0,30766.0,11302.0,278.0,55700.0,75354.0,158167.0,2600.0,1800.0,26434.0,112800.0,379.0,19248.0,101176.0,180783.0,-1.0,2226.0,75187.0,16428.0,20.0,2300.0,1386.0,5640.0,60.0,18000.0,14885.0,8576.0,7496.0,61850.0,5300.0,422003.0,2100.0,2147.0,8000.0,12930.0,6583.0,7178.0,181848.0,75634.0,10000.0,8700.0,-1,222621.0,1500.0,418700.0,44300.0,786000.0,66000.0,75800.0,4942.0,11508.0,12544.0,-1.0,-1.0,62151.0,32300.0,14098.0,99172.0,4800.0,728.0,10336.0,18900.0,52000.0,8000.0,919.0,12289.0,1135229.0,22616.0,128857.0,379271.0,315000.0,13867.0,35.0,15519.0,216340.0,475.0,44100.0,1600.0,43949.0,50.0,56900.0,-1.0,6.0,29324.0,-1.0,190294.0,80.0,31.0,3646.0,29000.0,6915.0,11781.0,885165.0,112717.0,21.0,4095.0,-1,100.0,513830.0,140387.0,-1.0
2007,3266.0,2000.0,32454.0,11675.0,302.0,54800.0,78273.0,163951.0,2500.0,1875.0,21312.0,108000.0,390.0,18843.0,99200.0,189306.0,-1.0,2264.0,76754.0,16086.0,20.0,2500.0,1386.0,5700.0,10.0,20700.0,14847.0,8652.0,6518.0,62730.0,5100.0,441666.0,1000.0,2378.0,8000.0,13200.0,6622.0,8414.0,182660.0,75260.0,9900.0,8400.0,-1,193988.0,1300.0,438400.0,42890.0,782000.0,65000.0,71200.0,5028.0,12207.0,12420.0,-1.0,-1.0,59068.0,32800.0,14097.0,99702.0,5000.0,700.0,9609.0,18600.0,55000.0,8600.0,1074.0,15045.0,1131315.0,25355.0,120341.0,378992.0,300000.0,15323.0,40.0,17008.0,219070.0,500.0,41200.0,1700.0,44202.0,50.0,57400.0,-1.0,5.0,29268.0,-1.0,174323.0,85.0,35.0,3089.0,25000.0,7497.0,11507.0,828885.0,115000.0,20.0,4177.0,-1,160.0,484610.0,138266.0,-1.0
2008,3232.0,3500.0,33741.0,10740.0,379.0,54700.0,79946.0,166197.0,2400.0,1945.0,21676.0,86800.0,386.0,18240.0,102200.0,195507.0,-1.0,2302.0,73739.0,16086.0,20.0,2539.0,1400.0,5820.0,10.0,17400.0,14841.0,8503.0,8856.0,64660.0,5500.0,454432.0,1900.0,2394.0,8000.0,13200.0,6331.0,7400.0,198000.0,75776.0,9700.0,8700.0,-1,187801.0,1200.0,451200.0,41900.0,788100.0,68000.0,70900.0,5094.0,13250.0,13178.0,-1.0,-1.0,58324.0,31944.0,14390.0,99744.0,5034.0,686.0,9959.0,18400.0,57600.0,9500.0,1390.0,8448.0,1109049.0,29310.0,110816.0,378766.0,220836.0,15358.0,40.0,16302.0,226450.0,342.0,46300.0,1700.0,45622.0,50.0,47271.0,-1.0,4.0,25956.0,-1.0,187038.0,60.0,34.0,3110.0,28400.0,8061.0,9650.0,814697.0,120000.0,23.0,4249.0,-1,180.0,482789.0,136474.0,-1.0
2009,3196.0,2000.0,34380.0,11039.0,378.0,55861.0,81355.0,170427.0,2500.0,2000.0,19960.0,98000.0,389.0,17996.0,105600.0,202391.0,-1.0,2339.0,69110.0,16086.0,20.0,2546.0,1238.0,5820.0,10.0,17000.0,14820.0,8127.0,10138.0,63958.0,5800.0,496596.0,1800.0,2579.0,8000.0,12024.0,6076.0,5000.0,199000.0,75933.0,9600.0,9500.0,-1,181199.0,1000.0,493400.0,41900.0,801900.0,80000.0,71000.0,4135.0,13947.0,13488.0,-1.0,-1.0,57540.0,31460.0,14292.0,100101.0,5064.0,652.0,11052.0,18300.0,60832.0,9100.0,1000.0,8892.0,1049358.0,31964.0,101434.0,382348.0,235000.0,15312.0,36.0,16089.0,228575.0,350.0,48000.0,1600.0,45098.0,49.0,45600.0,-1.0,3.0,25755.0,-1.0,183814.0,65.0,33.0,3138.0,27700.0,8532.0,9340.0,796128.0,115000.0,26.0,4337.0,-1,190.0,479024.0,135501.0,-1.0
2010,3137.0,3000.0,32709.0,12383.0,377.0,52218.0,81518.0,163785.0,2500.0,1733.0,20033.0,99300.0,392.0,17572.0,107100.0,197213.0,-1.0,2376.0,69224.0,16351.0,26.0,2545.0,1221.0,5720.0,9.0,17135.0,14942.0,8001.0,11166.0,64034.0,5298.0,555137.0,1818.0,2575.0,8500.0,10609.0,6018.0,2140.0,200000.0,73922.0,10000.0,9500.0,-1,180079.0,800.0,552000.0,42900.0,777500.0,106400.0,67600.0,4130.0,15000.0,13645.0,-1.0,-1.0,46611.0,37134.0,14613.0,99907.0,5500.0,574.0,10466.0,18000.0,61132.0,10247.0,1302.0,7620.0,1002100.0,33428.0,82675.0,385221.0,220836.0,15274.0,44.0,15991.0,217750.0,349.0,33820.0,1700.0,43663.0,49.0,44116.0,-1.0,3.0,27104.0,-1.0,175953.0,74.0,34.0,3199.0,22090.0,8630.0,8152.0,771530.0,104719.0,30.0,4426.0,-1,200.0,477786.0,132813.0,-1.0
2011,3054.0,3600.0,32485.0,14287.0,374.0,46295.0,81839.0,167422.0,2000.0,1905.0,20164.0,103200.0,394.0,17445.0,111518.0,200822.0,-1.0,2413.0,72042.0,16352.0,25.0,2529.0,1221.0,7890.0,6.0,17909.0,14920.0,7903.0,11997.0,64835.0,4901.0,599954.0,1844.0,2253.0,8350.0,9192.0,6106.0,3554.0,202000.0,75511.0,9000.0,10000.0,-1,179472.0,662.0,596900.0,45100.0,725353.0,111000.0,69100.0,4141.0,16573.0,13477.0,-1.0,-1.0,45029.0,36508.0,14478.0,99747.0,5672.0,538.0,10661.0,17800.0,61558.0,10992.0,1425.0,7693.0,963095.0,33400.0,78468.0,388539.0,212400.0,15302.0,58.0,16006.0,218499.0,349.0,43249.0,1600.0,43839.0,48.0,44905.0,-1.0,4.0,27210.0,-1.0,176170.0,74.0,35.0,3941.0,23523.0,9077.0,9929.0,764164.0,103519.0,29.0,4478.0,-1,235.0,472545.0,128350.0,-1.0
2012,3041.0,3500.0,29237.0,12408.0,370.0,46013.0,82063.0,148489.0,1500.0,2200.0,20948.0,99200.0,390.0,17181.0,111095.0,183094.0,-1.0,2450.0,74114.0,16351.0,27.0,2500.0,1223.0,7780.0,4.0,18160.0,14920.0,8022.0,12443.0,66262.0,5600.0,668641.0,2187.0,2236.0,8300.0,9559.0,5498.0,5393.0,189882.0,72320.0,8500.0,11000.0,-1,179500.0,740.0,665600.0,43108.0,750397.0,116000.0,67900.0,4452.0,19483.0,13532.0,-1.0,-1.0,34451.0,36511.0,15723.0,99584.0,5800.0,500.0,11308.0,17600.0,61690.0,11545.0,975.0,6790.0,947096.0,34605.0,60440.0,411979.0,224381.0,15282.0,71.0,15667.0,221202.0,349.0,38113.0,1700.0,43615.0,47.0,45015.0,-1.0,3.0,26915.0,-1.0,177661.0,72.0,36.0,3952.0,20736.0,9348.0,10492.0,760804.0,125654.0,30.0,4403.0,-1,302.0,462296.0,129351.0,-1.0
2013,2912.0,3500.0,26100.0,12201.0,365.0,46821.0,79483.0,146462.0,1040.0,2200.0,21109.0,110700.0,390.0,16931.0,113843.0,181948.0,-1.0,2487.0,73352.0,16085.0,27.0,2500.0,1239.0,8106.0,3.0,18346.0,14883.0,7844.0,13128.0,69010.0,5185.0,717512.0,2189.0,2254.0,8226.0,9435.0,5840.0,5291.0,192082.0,69320.0,2649.0,13900.0,-1,179500.0,752.0,714600.0,46128.0,725564.0,118000.0,67100.0,4519.0,21756.0,13613.0,-1.0,-1.0,21201.0,37812.0,16065.0,99488.0,5892.0,450.0,11453.0,17400.0,62118.0,12916.0,1166.0,5906.0,946970.0,35486.0,50192.0,421651.0,224661.0,15350.0,105.0,15654.0,223580.0,349.0,58907.0,1700.0,43994.0,48.0,43207.0,-1.0,4.0,27512.0,-1.0,177781.0,72.0,37.0,3801.0,22580.0,9579.0,10039.0,760546.0,102728.0,29.0,4453.0,-1,400.0,468792.0,127677.0,-1.0
2014,2901.0,3500.0,25749.0,3817.0,366.0,46726.0,78765.0,137859.0,1310.0,2544.0,22726.0,110770.0,400.0,16348.0,125223.0,171620.0,-1.0,2524.0,66417.0,16009.0,26.0,2511.0,1246.0,8144.0,3.0,18530.0,14835.0,7512.0,13491.0,72190.0,4104.0,770101.0,2233.0,2175.0,8298.0,9164.0,5758.0,5182.0,198028.0,70720.0,2703.0,14597.0,-1,178986.0,842.0,767200.0,66730.0,702904.0,118740.0,44200.0,4565.0,23588.0,13448.0,-1.0,-1.0,21201.0,36125.0,16323.0,100075.0,6000.0,392.0,11224.0,17300.0,78405.0,12063.0,1075.0,6142.0,931065.0,33761.0,31892.0,418607.0,213111.0,15360.0,100.0,15783.0,226388.0,348.0,59400.0,1650.0,44786.0,50.0,43324.0,-1.0,11.0,27237.0,-1.0,175545.0,71.0,37.0,3806.0,23370.0,9625.0,8757.0,757948.0,123839.0,28.0,4498.0,-1,420.0,467093.0,133668.0,-1.0
