,USSR,United States of America,South Africa,Syrian Arab Republic,Bahrain,Australia & New Zealand,Australia,Iraq,Pakistan,United Republic of Tanzania,Philippines,Thailand,Kiribati,Ethiopia,Kenya,Czechia,Costa Rica,Poland,Italy,Ukraine,Senegal,Solomon Islands,Lebanon,Turkmenistan,Papua New Guinea,Tajikistan,Portugal,Benin,Slovenia,Albania,Uzbekistan,Brazil,Cambodia,Democratic People's Republic of Korea,Mongolia,Chile,Colombia,Spain,Kyrgyzstan,Malawi,Slovakia,Israel,Indonesia,Maldives,Turkey,Belarus,Afghanistan,Ethiopia PDR,Egypt,Melanesia,Togo,Georgia,Mexico,Czechoslovakia,Republic of Korea,Viet Nam,Nigeria,Mali,Zimbabwe,Republic of Moldova,Russian Federation,Micronesia,Bulgaria,Tunisia,Occupied Palestinian Territory,Iran (Islamic Republic of),Kazakhstan,Ghana,Guinea,China,"China, mainland",Dominica,Azerbaijan,Guam,Peru,CÃ´te d'Ivoire,Cameroon,Guatemala,Liberia
1961,-1.0,-1.0,-1.0,5200.0,-1.0,106.0,106.0,-1.0,2800.0,4000.0,,-1.0,210.0,,1200.0,,,,-1.0,,1500.0,200.0,-1.0,,4000.0,,2000.0,-1.0,,-1.0,,-1.0,-1.0,500.0,-1.0,,-1.0,-1.0,,-1.0,,,-1.0,200.0,-1.0,,7000.0,-1.0,800.0,4200.0,,,1253.0,-1.0,1000.0,1300.0,-1.0,-1.0,-1.0,,,210.0,280.0,-1.0,-1.0,150.0,,-1.0,-1.0,-1.0,-1.0,,,-1.0,150.0,-1.0,-1.0,,-1.0
1962,-1.0,-1.0,-1.0,5500.0,-1.0,119.0,119.0,-1.0,2800.0,4100.0,600.0,-1.0,210.0,,1200.0,,,,-1.0,,1500.0,200.0,-1.0,,4200.0,,2000.0,-1.0,,-1.0,,-1.0,-1.0,500.0,-1.0,,-1.0,-1.0,,-1.0,,,-1.0,200.0,-1.0,,7150.0,-1.0,800.0,4400.0,,,1094.0,-1.0,1000.0,1300.0,-1.0,-1.0,-1.0,,,210.0,440.0,-1.0,-1.0,200.0,,-1.0,-1.0,-1.0,-1.0,,,-1.0,220.0,-1.0,-1.0,,-1.0
1963,-1.0,-1.0,-1.0,4304.0,-1.0,111.0,111.0,-1.0,2800.0,4200.0,600.0,-1.0,220.0,,1200.0,,,,-1.0,,2000.0,200.0,-1.0,,4400.0,,2000.0,-1.0,,-1.0,,-1.0,-1.0,500.0,-1.0,,-1.0,-1.0,,-1.0,,,-1.0,200.0,-1.0,,7300.0,-1.0,800.0,4600.0,,,1247.0,-1.0,1200.0,1300.0,-1.0,-1.0,-1.0,,,220.0,320.0,-1.0,-1.0,200.0,,-1.0,-1.0,-1.0,-1.0,,,-1.0,300.0,-1.0,-1.0,,-1.0
1964,-1.0,-1.0,-1.0,4640.0,-1.0,113.0,113.0,-1.0,2800.0,4300.0,680.0,-1.0,220.0,,1200.0,,,,-1.0,,1500.0,200.0,-1.0,,4500.0,,2000.0,-1.0,,-1.0,,-1.0,-1.0,500.0,-1.0,,-1.0,-1.0,,-1.0,,,-1.0,200.0,-1.0,,7450.0,-1.0,800.0,4700.0,,,1293.0,-1.0,1200.0,1300.0,-1.0,-1.0,-1.0,,,220.0,440.0,-1.0,-1.0,150.0,,-1.0,-1.0,-1.0,-1.0,,,-1.0,300.0,-1.0,-1.0,,-1.0
1965,-1.0,-1.0,-1.0,4711.0,-1.0,131.0,131.0,-1.0,2800.0,4400.0,670.0,-1.0,220.0,,1200.0,,,,-1.0,,2000.0,200.0,-1.0,,4600.0,,2000.0,-1.0,,-1.0,,-1.0,-1.0,500.0,-1.0,,-1.0,-1.0,,-1.0,,,-1.0,200.0,-1.0,,8000.0,-1.0,800.0,4800.0,,,1896.0,-1.0,1400.0,1200.0,-1.0,-1.0,-1.0,,,220.0,560.0,-1.0,-1.0,150.0,,-1.0,-1.0,-1.0,-1.0,,,-1.0,180.0,-1.0,-1.0,,-1.0
1966,-1.0,-1.0,-1.0,4986.0,-1.0,129.0,129.0,-1.0,2800.0,4600.0,660.0,-1.0,225.0,,1200.0,,,,-1.0,,2000.0,200.0,-1.0,,4800.0,,2000.0,-1.0,,-1.0,,-1.0,-1.0,500.0,-1.0,,-1.0,-1.0,,-1.0,,400.0,-1.0,200.0,-1.0,,9250.0,-1.0,800.0,5000.0,,,1963.0,-1.0,1400.0,1200.0,-1.0,-1.0,-1.0,,,225.0,800.0,-1.0,-1.0,150.0,,-1.0,-1.0,-1.0,-1.0,,,-1.0,100.0,-1.0,-1.0,,-1.0
1967,-1.0,-1.0,-1.0,5023.0,-1.0,137.0,137.0,-1.0,2800.0,4700.0,700.0,-1.0,225.0,,1200.0,,,,-1.0,,2000.0,260.0,-1.0,,5000.0,,2000.0,-1.0,,-1.0,,-1.0,-1.0,500.0,-1.0,,-1.0,-1.0,,-1.0,,400.0,-1.0,200.0,-1.0,,9500.0,-1.0,800.0,5260.0,,,2036.0,-1.0,1400.0,1200.0,-1.0,-1.0,-1.0,,,225.0,640.0,-1.0,-1.0,150.0,,-1.0,-1.0,-1.0,-1.0,,,-1.0,100.0,-1.0,-1.0,,-1.0
1968,-1.0,-1.0,-1.0,5159.0,-1.0,100.0,100.0,-1.0,3000.0,4800.0,820.0,-1.0,225.0,,1200.0,,,,-1.0,,2000.0,200.0,-1.0,,5200.0,,2000.0,-1.0,,-1.0,,-1.0,-1.0,500.0,-1.0,,-1.0,-1.0,,-1.0,,500.0,-1.0,200.0,-1.0,,9950.0,-1.0,800.0,5400.0,,,2212.0,-1.0,1400.0,1200.0,-1.0,-1.0,-1.0,,,225.0,1320.0,-1.0,-1.0,150.0,,-1.0,-1.0,-1.0,-1.0,,,-1.0,72.0,-1.0,-1.0,,-1.0
1969,-1.0,-1.0,-1.0,5277.0,-1.0,120.0,120.0,-1.0,3000.0,4900.0,880.0,-1.0,230.0,,1200.0,,,,-1.0,,2000.0,200.0,-1.0,,5400.0,,2000.0,-1.0,,-1.0,,-1.0,-1.0,500.0,-1.0,,-1.0,-1.0,,-1.0,,700.0,-1.0,200.0,-1.0,,10100.0,-1.0,800.0,5600.0,,,3041.0,-1.0,1400.0,1200.0,-1.0,-1.0,-1.0,,,230.0,1300.0,-1.0,-1.0,150.0,,-1.0,-1.0,-1.0,-1.0,,,-1.0,78.0,-1.0,-1.0,,-1.0
1970,-1.0,-1.0,-1.0,5015.0,-1.0,129.0,129.0,-1.0,3000.0,5000.0,2500.0,-1.0,230.0,,1200.0,,,,-1.0,,2000.0,200.0,-1.0,,5500.0,,2000.0,-1.0,,-1.0,,-1.0,-1.0,500.0,-1.0,,-1.0,-1.0,,60.0,,600.0,-1.0,200.0,-1.0,,10350.0,-1.0,800.0,5700.0,,,3356.0,-1.0,1400.0,1200.0,-1.0,-1.0,-1.0,,,230.0,1270.0,-1.0,-1.0,150.0,,-1.0,-1.0,-1.0,-1.0,,,-1.0,91.0,-1.0,-1.0,,-1.0
1971,-1.0,-1.0,-1.0,5183.0,-1.0,150.0,150.0,-1.0,3000.0,5100.0,2690.0,-1.0,230.0,,1200.0,,,,-1.0,,2000.0,200.0,-1.0,,5600.0,,2000.0,-1.0,,-1.0,,-1.0,-1.0,500.0,-1.0,,-1.0,-1.0,,80.0,,800.0,-1.0,205.0,-1.0,,10500.0,-1.0,800.0,5800.0,,,6011.0,-1.0,1900.0,1200.0,-1.0,-1.0,-1.0,,,230.0,1240.0,-1.0,-1.0,150.0,,-1.0,-1.0,-1.0,-1.0,,,-1.0,180.0,-1.0,-1.0,,-1.0
1972,-1.0,-1.0,-1.0,3260.0,-1.0,200.0,200.0,-1.0,3000.0,5100.0,2890.0,-1.0,230.0,,1200.0,,,,-1.0,,2000.0,200.0,-1.0,,5700.0,,2000.0,-1.0,,-1.0,,-1.0,-1.0,500.0,-1.0,,-1.0,-1.0,,100.0,,1000.0,-1.0,210.0,-1.0,,11300.0,-1.0,800.0,5900.0,,,8596.0,-1.0,1900.0,1200.0,-1.0,-1.0,-1.0,,,230.0,1210.0,-1.0,-1.0,200.0,,-1.0,-1.0,-1.0,-1.0,,,-1.0,201.0,-1.0,-1.0,,-1.0
1973,-1.0,-1.0,-1.0,2902.0,-1.0,150.0,150.0,-1.0,3000.0,5200.0,2390.0,-1.0,230.0,,1200.0,,,,-1.0,,2000.0,200.0,-1.0,,5800.0,,2000.0,-1.0,,-1.0,,-1.0,-1.0,1000.0,-1.0,,-1.0,-1.0,,100.0,,1100.0,-1.0,215.0,-1.0,,12100.0,-1.0,800.0,6000.0,,,9820.0,-1.0,1900.0,1200.0,-1.0,-1.0,-1.0,,,230.0,1190.0,-1.0,-1.0,200.0,,-1.0,-1.0,-1.0,-1.0,,,-1.0,275.0,-1.0,-1.0,,-1.0
1974,-1.0,-1.0,-1.0,3034.0,-1.0,150.0,150.0,-1.0,3000.0,5300.0,2580.0,-1.0,230.0,,1200.0,,,,-1.0,,2000.0,200.0,-1.0,,6000.0,,2000.0,-1.0,,-1.0,,-1.0,-1.0,1000.0,-1.0,,-1.0,-1.0,,120.0,,1300.0,-1.0,220.0,-1.0,,12450.0,-1.0,800.0,6200.0,,,11629.0,-1.0,1400.0,1200.0,-1.0,-1.0,-1.0,,,230.0,1160.0,-1.0,-1.0,250.0,,-1.0,-1.0,-1.0,-1.0,,,-1.0,299.0,-1.0,-1.0,,-1.0
1975,-1.0,-1.0,-1.0,3309.0,-1.0,250.0,250.0,-1.0,3000.0,5400.0,2540.0,-1.0,230.0,,1200.0,,,,-1.0,,2000.0,200.0,-1.0,,6200.0,,2000.0,-1.0,,-1.0,,-1.0,-1.0,1000.0,-1.0,,-1.0,-1.0,,160.0,,1300.0,-1.0,225.0,-1.0,,12600.0,-1.0,800.0,6400.0,,,12756.0,-1.0,1200.0,1200.0,-1.0,-1.0,-1.0,,,230.0,1130.0,-1.0,-1.0,400.0,,-1.0,-1.0,-1.0,-1.0,,,-1.0,302.0,-1.0,-1.0,,-1.0
1976,-1.0,-1.0,-1.0,3885.0,-1.0,500.0,500.0,-1.0,3000.0,5500.0,2530.0,-1.0,235.0,,1200.0,,,,-1.0,,2000.0,200.0,-1.0,,6400.0,,2000.0,-1.0,,-1.0,,-1.0,-1.0,1000.0,-1.0,,-1.0,-1.0,,200.0,,1300.0,-1.0,230.0,-1.0,,200.0,-1.0,800.0,6600.0,,,13937.0,-1.0,1200.0,1200.0,-1.0,-1.0,-1.0,,,235.0,1100.0,-1.0,-1.0,300.0,,-1.0,-1.0,-1.0,-1.0,,,-1.0,300.0,-1.0,-1.0,,-1.0
1977,-1.0,-1.0,-1.0,4024.0,-1.0,500.0,500.0,-1.0,3000.0,5500.0,3100.0,-1.0,235.0,,1200.0,,,,-1.0,,2000.0,200.0,-1.0,,6600.0,,2000.0,-1.0,,-1.0,,-1.0,-1.0,1000.0,-1.0,,-1.0,-1.0,,300.0,,1700.0,-1.0,230.0,-1.0,,1000.0,-1.0,800.0,6800.0,,,18396.0,-1.0,1200.0,1200.0,-1.0,-1.0,-1.0,,,235.0,1080.0,-1.0,-1.0,400.0,,-1.0,-1.0,-1.0,-1.0,,,-1.0,325.0,-1.0,-1.0,,-1.0
1978,-1.0,-1.0,-1.0,4051.0,-1.0,1000.0,1000.0,-1.0,3000.0,5500.0,2850.0,-1.0,235.0,,1200.0,,,,-1.0,,2000.0,200.0,-1.0,,6800.0,,2000.0,-1.0,,-1.0,,-1.0,-1.0,1000.0,-1.0,,-1.0,-1.0,,400.0,,1700.0,-1.0,235.0,-1.0,,850.0,-1.0,800.0,7000.0,,,18666.0,-1.0,900.0,1200.0,-1.0,-1.0,-1.0,,,235.0,1060.0,-1.0,-1.0,400.0,,-1.0,-1.0,-1.0,-1.0,,,-1.0,375.0,-1.0,-1.0,,-1.0
1979,-1.0,-1.0,-1.0,4220.0,-1.0,1100.0,1100.0,-1.0,3000.0,5600.0,2980.0,-1.0,235.0,,1200.0,,100.0,,-1.0,,2000.0,200.0,-1.0,,7000.0,,2000.0,-1.0,,-1.0,,-1.0,-1.0,1000.0,-1.0,,-1.0,-1.0,,600.0,,1660.0,-1.0,240.0,-1.0,,1000.0,-1.0,800.0,7200.0,,,20956.0,-1.0,900.0,1200.0,-1.0,-1.0,70.0,,,235.0,1030.0,-1.0,-1.0,400.0,,-1.0,-1.0,-1.0,-1.0,,,-1.0,445.0,-1.0,-1.0,8.0,-1.0
1980,-1.0,-1.0,-1.0,4323.0,-1.0,1000.0,1000.0,-1.0,3000.0,5600.0,2900.0,-1.0,235.0,,1400.0,,100.0,,-1.0,,2000.0,200.0,-1.0,,7200.0,,2000.0,-1.0,,-1.0,,-1.0,-1.0,1000.0,-1.0,,-1.0,-1.0,,800.0,,1660.0,-1.0,245.0,-1.0,,950.0,-1.0,800.0,7400.0,,,26025.0,-1.0,900.0,1200.0,-1.0,-1.0,100.0,,,235.0,1000.0,-1.0,-1.0,300.0,,-1.0,-1.0,-1.0,-1.0,,,-1.0,420.0,-1.0,-1.0,13.0,-1.0
1981,-1.0,-1.0,-1.0,4420.0,-1.0,1500.0,1500.0,-1.0,3000.0,5700.0,2890.0,-1.0,240.0,,1650.0,,150.0,,-1.0,,2000.0,200.0,-1.0,,7400.0,,2000.0,-1.0,,-1.0,,-1.0,-1.0,1500.0,-1.0,,-1.0,-1.0,,1200.0,,1460.0,-1.0,250.0,-1.0,,1100.0,-1.0,1200.0,7600.0,,,30257.0,-1.0,7500.0,1200.0,-1.0,-1.0,130.0,,,240.0,980.0,-1.0,-1.0,310.0,,-1.0,-1.0,-1.0,-1.0,,,-1.0,490.0,-1.0,-1.0,15.0,-1.0
1982,-1.0,-1.0,-1.0,4552.0,-1.0,1000.0,1000.0,-1.0,3000.0,5700.0,2870.0,-1.0,240.0,,1900.0,,300.0,,-1.0,,2000.0,200.0,-1.0,,7600.0,,2000.0,-1.0,,-1.0,,-1.0,-1.0,1500.0,-1.0,,-1.0,-1.0,,1500.0,,1620.0,-1.0,255.0,-1.0,,900.0,-1.0,1200.0,7800.0,,,26662.0,-1.0,900.0,1300.0,-1.0,-1.0,130.0,,,240.0,950.0,-1.0,-1.0,300.0,,-1.0,-1.0,-1.0,-1.0,,,-1.0,535.0,-1.0,-1.0,125.0,-1.0
1983,-1.0,-1.0,-1.0,4500.0,-1.0,1000.0,1000.0,-1.0,3000.0,5800.0,2880.0,-1.0,240.0,,2100.0,,500.0,,-1.0,,2000.0,200.0,-1.0,,7800.0,,2000.0,-1.0,,-1.0,,-1.0,-1.0,2000.0,-1.0,,-1.0,-1.0,,1700.0,,1540.0,-1.0,260.0,-1.0,,950.0,-1.0,1200.0,8000.0,,,25652.0,-1.0,800.0,1300.0,-1.0,-1.0,130.0,,,240.0,924.0,-1.0,-1.0,300.0,,-1.0,-1.0,-1.0,-1.0,,,-1.0,537.0,-1.0,-1.0,150.0,-1.0
1984,-1.0,-1.0,-1.0,4400.0,-1.0,1600.0,1600.0,-1.0,3000.0,5800.0,2700.0,-1.0,240.0,,2300.0,,850.0,,-1.0,,2000.0,200.0,-1.0,,7900.0,,2000.0,-1.0,,-1.0,,-1.0,-1.0,2000.0,-1.0,,-1.0,-1.0,,2000.0,,1510.0,74736.0,265.0,-1.0,,1800.0,-1.0,1200.0,8100.0,,,25253.0,-1.0,2000.0,1300.0,-1.0,-1.0,200.0,,,240.0,900.0,-1.0,-1.0,300.0,,-1.0,-1.0,-1.0,-1.0,,,-1.0,535.0,-1.0,-1.0,240.0,-1.0
1985,1300.0,65000.0,190.0,4466.0,170.0,2000.0,2000.0,900.0,3200.0,5900.0,2670.0,10900.0,240.0,,2800.0,,600.0,,1700.0,,2000.0,200.0,130.0,,8200.0,,2000.0,-1.0,,3500.0,,-1.0,840.0,2500.0,-1.0,,-1.0,3000.0,,2100.0,,1480.0,68444.0,270.0,300.0,,2800.0,58000.0,1200.0,8400.0,,,23729.0,3000.0,1900.0,1200.0,100.0,1500.0,250.0,,,285.0,870.0,14.0,-1.0,300.0,,-1.0,-1.0,11300.0,11300.0,,,45.0,454.0,-1.0,-1.0,300.0,2300.0
1986,1600.0,65000.0,190.0,4500.0,170.0,2000.0,2000.0,900.0,3200.0,5900.0,2620.0,10900.0,250.0,,2800.0,,750.0,,1000.0,,2000.0,200.0,130.0,,8200.0,,2500.0,-1.0,,3500.0,,-1.0,840.0,2500.0,-1.0,,-1.0,3000.0,,2200.0,,1460.0,84668.0,275.0,300.0,,2100.0,58000.0,1300.0,8400.0,,,33753.0,3000.0,1900.0,1300.0,300.0,1500.0,250.0,,,295.0,845.0,7.0,-1.0,300.0,,-1.0,-1.0,11300.0,11300.0,,,45.0,425.0,-1.0,-1.0,400.0,2300.0
1987,1800.0,65000.0,190.0,4700.0,170.0,2000.0,2000.0,900.0,3200.0,5900.0,2600.0,10900.0,250.0,,2800.0,,1000.0,,1000.0,,2000.0,200.0,130.0,,8400.0,,3500.0,-1.0,,3500.0,,-1.0,840.0,3100.0,-1.0,,-1.0,2000.0,,2200.0,,1350.0,69632.0,280.0,300.0,,1800.0,58000.0,1600.0,8600.0,,,32127.0,3000.0,2400.0,1300.0,100.0,1500.0,250.0,,,295.0,820.0,7.0,-1.0,250.0,,1600.0,-1.0,11300.0,11300.0,,,45.0,415.0,-1.0,-1.0,1890.0,2300.0
1988,1900.0,65000.0,360.0,4700.0,170.0,2500.0,2500.0,900.0,3200.0,5900.0,2700.0,11600.0,250.0,,3300.0,,1300.0,,1000.0,,2000.0,200.0,130.0,,8600.0,,3500.0,-1.0,,3500.0,,-1.0,840.0,3100.0,-1.0,,-1.0,2000.0,,2200.0,,1260.0,70621.0,285.0,500.0,,1800.0,58000.0,1700.0,8800.0,,,33522.0,3000.0,2600.0,1300.0,100.0,1500.0,430.0,,,295.0,790.0,7.0,-1.0,250.0,,1600.0,-1.0,11300.0,11300.0,,,45.0,435.0,-1.0,-1.0,1890.0,2300.0
1989,2000.0,65000.0,360.0,4500.0,170.0,4500.0,4500.0,900.0,3200.0,5900.0,2800.0,11600.0,250.0,,2900.0,,1200.0,,1000.0,,2000.0,200.0,130.0,,8800.0,,3500.0,2000.0,,3500.0,,-1.0,1000.0,3500.0,-1.0,,-1.0,2000.0,,2400.0,,1220.0,85177.0,200.0,300.0,,700.0,58000.0,1700.0,9000.0,,,34718.0,3000.0,2700.0,1600.0,100.0,1500.0,490.0,,,295.0,790.0,14.0,-1.0,120.0,,1600.0,-1.0,11300.0,11300.0,,,45.0,464.0,-1.0,-1.0,2240.0,2300.0
1990,2100.0,60000.0,700.0,4500.0,180.0,5000.0,5000.0,894.0,3211.0,6000.0,2500.0,11500.0,250.0,,2700.0,,8356.0,-1.0,995.0,,2000.0,200.0,137.0,,9000.0,,4200.0,2000.0,,3528.0,,1200.0,1289.0,3570.0,-1.0,,-1.0,2011.0,,2200.0,,1179.0,109806.0,208.0,306.0,,700.0,58000.0,1900.0,9200.0,,,40848.0,2894.0,2600.0,1700.0,2500.0,1500.0,800.0,,,295.0,760.0,28.0,-1.0,147.0,,1600.0,-1.0,11526.0,11526.0,-1.0,,45.0,464.0,-1.0,-1.0,2730.0,2300.0
1991,2300.0,66000.0,700.0,4600.0,170.0,7000.0,7000.0,853.0,7309.0,6000.0,2200.0,12800.0,250.0,,2300.0,,8988.0,-1.0,1511.0,,2000.0,200.0,188.0,,9000.0,,7100.0,2200.0,,3300.0,,1166.0,984.0,3708.0,-1.0,,-1.0,2603.0,,2200.0,,1085.0,130122.0,185.0,353.0,,700.0,58000.0,1931.0,9200.0,-1.0,,36942.0,2968.0,3100.0,1692.0,2500.0,1500.0,800.0,,,295.0,737.0,14.0,-1.0,500.0,,1600.0,-1.0,10092.0,10092.0,-1.0,,45.0,446.0,-1.0,10.0,3850.0,2300.0
1992,,54000.0,938.0,4700.0,170.0,7000.0,7000.0,957.0,7307.0,6000.0,2300.0,12849.0,250.0,,633.0,,9188.0,-1.0,1206.0,1000.0,2000.0,200.0,194.0,200.0,9200.0,750.0,9892.0,2200.0,-1.0,3703.0,250.0,1250.0,1050.0,3568.0,-1.0,,-1.0,2583.0,1000.0,2210.0,,1040.0,135486.0,203.0,295.0,1000.0,700.0,58000.0,1877.0,9400.0,,-1.0,37744.0,2632.0,4500.0,1800.0,2500.0,1500.0,660.0,300.0,5000.0,295.0,710.0,16.0,-1.0,601.0,-1.0,1600.0,-1.0,10380.0,10380.0,-1.0,800.0,45.0,484.0,-1.0,10.0,3920.0,2300.0
1993,,75000.0,1030.0,4200.0,170.0,7000.0,7000.0,986.0,7522.0,6000.0,2100.0,13300.0,250.0,58500.0,637.0,,6680.0,-1.0,1310.0,600.0,2000.0,200.0,201.0,300.0,9400.0,700.0,2000.0,2200.0,-1.0,3796.0,200.0,1750.0,1150.0,3315.0,-1.0,-1.0,-1.0,2608.0,1069.0,2300.0,-1.0,950.0,148024.0,220.0,160.0,1154.0,700.0,,2100.0,9600.0,,-1.0,38471.0,,3200.0,2005.0,2500.0,1500.0,542.0,350.0,8000.0,295.0,680.0,16.0,-1.0,600.0,-1.0,1600.0,-1.0,10583.0,10583.0,-1.0,800.0,45.0,475.0,-1.0,10.0,4200.0,2300.0
1994,,57000.0,1560.0,4330.0,170.0,7000.0,7000.0,965.0,7581.0,6000.0,2000.0,13816.0,260.0,58500.0,800.0,-1.0,6700.0,,1569.0,800.0,2000.0,200.0,207.0,300.0,9500.0,727.0,4500.0,2200.0,-1.0,3471.0,350.0,2500.0,1173.0,3671.0,-1.0,-1.0,-1.0,2595.0,1099.0,2100.0,-1.0,890.0,170098.0,250.0,120.0,748.0,700.0,,2145.0,9700.0,,-1.0,39645.0,,6500.0,2100.0,2500.0,1500.0,660.0,383.0,18000.0,305.0,660.0,14.0,-1.0,650.0,-1.0,1600.0,-1.0,11115.0,11115.0,-1.0,1000.0,45.0,553.0,-1.0,10.0,4270.0,2300.0
1995,,65000.0,1917.0,4400.0,170.0,9000.0,9000.0,939.0,7725.0,6000.0,2100.0,14285.0,260.0,59000.0,2632.0,-1.0,6300.0,,1315.0,900.0,2009.0,220.0,232.0,300.0,9500.0,735.0,3300.0,2249.0,-1.0,3435.0,300.0,2250.0,1200.0,3074.0,-1.0,-1.0,-1.0,2400.0,1127.0,2000.0,-1.0,720.0,178378.0,300.0,163.0,800.0,700.0,,2181.0,9720.0,-1.0,-1.0,42729.0,,6571.0,2221.0,5540.0,1844.0,503.0,400.0,18000.0,305.0,630.0,14.0,-1.0,613.0,-1.0,2500.0,-1.0,11500.0,11500.0,,1200.0,45.0,597.0,-1.0,10.0,4410.0,2374.0
1996,,55000.0,2100.0,4700.0,170.0,9000.0,9000.0,909.0,7609.0,6000.0,2000.0,15000.0,280.0,59973.0,2304.0,,5800.0,,684.0,1000.0,2017.0,227.0,169.0,300.0,9550.0,648.0,3000.0,2290.0,-1.0,2750.0,221.0,2350.0,1184.0,3272.0,-1.0,-1.0,-1.0,2338.0,1154.0,2100.0,-1.0,650.0,182593.0,319.0,160.0,928.0,700.0,,2200.0,9777.0,-1.0,-1.0,42051.0,,6642.0,2200.0,12709.0,1977.0,670.0,500.0,17000.0,325.0,608.0,15.0,-1.0,700.0,-1.0,3570.0,-1.0,12000.0,12000.0,,1500.0,45.0,571.0,-1.0,11.0,4480.0,2395.0
1997,,73000.0,2300.0,4500.0,170.0,9200.0,9200.0,920.0,7593.0,6000.0,1900.0,15215.0,287.0,60110.0,2380.0,,6000.0,,883.0,1000.0,2026.0,230.0,100.0,250.0,9600.0,650.0,9000.0,2313.0,-1.0,2250.0,200.0,2480.0,1300.0,3687.0,-1.0,-1.0,-1.0,2000.0,1180.0,2094.0,-1.0,640.0,179627.0,320.0,400.0,946.0,700.0,,2238.0,9830.0,-1.0,-1.0,43025.0,,6000.0,2400.0,15337.0,2673.0,663.0,551.0,16200.0,333.0,600.0,14.0,25.0,500.0,-1.0,5300.0,-1.0,12799.0,12799.0,,2000.0,46.0,559.0,-1.0,12.0,4550.0,2419.0
1998,,41000.0,2500.0,4600.0,170.0,9600.0,9600.0,947.0,7548.0,6000.0,2000.0,16000.0,296.0,60441.0,2668.0,,2746.0,,721.0,1000.0,2035.0,234.0,100.0,300.0,9650.0,700.0,8486.0,2344.0,-1.0,2300.0,250.0,2470.0,1400.0,3800.0,300.0,,-1.0,2191.0,1205.0,2050.0,-1.0,590.0,174798.0,350.0,417.0,926.0,700.0,,2300.0,9884.0,-1.0,-1.0,46408.0,,5000.0,2500.0,14382.0,3071.0,800.0,600.0,15500.0,343.0,600.0,14.0,-1.0,574.0,200.0,8170.0,-1.0,12500.0,12500.0,,2400.0,47.0,583.0,-1.0,13.0,4550.0,2459.0
1999,,84000.0,3000.0,4656.0,170.0,11278.0,11278.0,923.0,7475.0,6000.0,1950.0,16086.0,300.0,59267.0,2435.0,,2088.0,,3000.0,1500.0,2044.0,240.0,100.0,320.0,9700.0,725.0,8813.0,2300.0,-1.0,2340.0,278.0,2664.0,1500.0,3950.0,590.0,,120.0,2313.0,1228.0,2100.0,-1.0,570.0,144764.0,359.0,477.0,1137.0,700.0,,2312.0,9940.0,-1.0,-1.0,49159.0,,4805.0,2542.0,3444.0,2811.0,900.0,617.0,12500.0,348.0,600.0,14.0,-1.0,570.0,178.0,8000.0,-1.0,10500.0,10500.0,,2500.0,48.0,685.0,-1.0,13.0,4550.0,2486.0
2000,,45000.0,3300.0,4765.0,170.0,12030.0,12030.0,900.0,7520.0,6000.0,1850.0,17000.0,310.0,60000.0,2290.0,,3490.0,,2000.0,850.0,2054.0,250.0,730.0,300.0,9800.0,900.0,13800.0,2418.0,-1.0,2653.0,280.0,2950.0,1600.0,4000.0,500.0,,125.0,2800.0,1250.0,2000.0,-1.0,560.0,205532.0,320.0,597.0,996.0,700.0,,2318.0,10050.0,-1.0,500.0,48825.0,,5128.0,2637.0,2948.0,3267.0,1000.0,635.0,23000.0,359.0,600.0,14.0,-1.0,570.0,166.0,7117.0,-1.0,10000.0,10000.0,,2500.0,49.0,697.0,-1.0,13.0,4620.0,2500.0
2001,,69000.0,3400.0,5300.0,170.0,12632.0,12632.0,901.0,7222.0,6000.0,1894.0,17800.0,320.0,65000.0,2474.0,,3490.0,,1000.0,500.0,2063.0,260.0,780.0,300.0,9822.0,1200.0,19200.0,2490.0,-1.0,2561.0,275.0,3111.0,1700.0,6500.0,1500.0,,130.0,4000.0,1272.0,2200.0,-1.0,530.0,205322.0,310.0,694.0,986.0,700.0,,2300.0,10082.0,-1.0,400.0,48847.0,,5228.0,3000.0,2820.0,3277.0,1300.0,500.0,25000.0,368.0,640.0,14.0,-1.0,572.0,160.0,7192.0,-1.0,9394.0,9394.0,,2600.0,48.0,725.0,8000.0,13.0,4620.0,2563.0
2002,,40000.0,3650.0,3600.0,170.0,13264.0,13264.0,800.0,7045.0,6000.0,1909.0,18000.0,326.0,63000.0,2557.0,,3996.0,,1019.0,300.0,2056.0,270.0,469.0,300.0,9827.0,900.0,8400.0,2470.0,-1.0,2378.0,300.0,3000.0,1800.0,6537.0,1700.0,,135.0,3200.0,1283.0,2400.0,,560.0,212487.0,260.0,800.0,990.0,700.0,,2300.0,10097.0,,50.0,50011.0,,4800.0,4900.0,2716.0,2000.0,1450.0,600.0,10000.0,376.0,670.0,14.0,-1.0,577.0,300.0,6942.0,-1.0,12000.0,12000.0,,2700.0,50.0,694.0,7698.0,13.0,4620.0,2607.0
2003,,58000.0,3750.0,3300.0,170.0,13500.0,13500.0,750.0,6625.0,6000.0,2049.0,19000.0,330.0,64000.0,2613.0,,2418.0,,991.0,230.0,2063.0,275.0,778.0,300.0,10000.0,844.0,18000.0,2545.0,-1.0,2000.0,284.0,3400.0,1794.0,6800.0,1000.0,,137.0,2000.0,1303.0,2650.0,,400.0,212677.0,270.0,854.0,1040.0,800.0,,2350.0,10275.0,,50.0,56128.0,,5000.0,4693.0,2627.0,1868.0,1600.0,600.0,10000.0,385.0,1039.0,14.0,-1.0,587.0,250.0,7050.0,-1.0,11264.0,11264.0,,2700.0,55.0,698.0,7500.0,13.0,4620.0,2649.0
2004,,42500.0,3900.0,3400.0,170.0,14045.0,14045.0,809.0,6316.0,6000.0,2045.0,19000.0,340.0,65121.0,3500.0,,1415.0,,959.0,30.0,2065.0,280.0,456.0,300.0,11500.0,855.0,23724.0,2400.0,-1.0,2300.0,278.0,3500.0,1800.0,7700.0,2000.0,,148.0,1939.0,1316.0,2800.0,,393.0,206321.0,300.0,863.0,1000.0,1000.0,,2350.0,11780.0,,315.0,56800.0,,6000.0,5000.0,2569.0,1976.0,1950.0,400.0,22000.0,400.0,900.0,14.0,-1.0,601.0,80.0,7118.0,-1.0,10939.0,10939.0,,2700.0,60.0,699.0,7000.0,13.0,4620.0,2762.0
2005,,45700.0,4000.0,3279.0,170.0,14326.0,14326.0,715.0,6009.0,6000.0,2122.0,19000.0,350.0,65000.0,2800.0,,1335.0,,250.0,110.0,2086.0,285.0,360.0,300.0,12000.0,876.0,3300.0,2439.0,100.0,2500.0,270.0,3657.0,1900.0,7700.0,1500.0,,210.0,1642.0,1328.0,2950.0,,380.0,209268.0,350.0,897.0,993.0,1105.0,,2400.0,12285.0,,180.0,57000.0,,6004.0,3812.0,2550.0,2005.0,1933.0,400.0,15000.0,412.0,1094.0,14.0,-1.0,606.0,40.0,7029.0,-1.0,15000.0,15000.0,,2800.0,63.0,686.0,7044.0,13.0,4620.0,2754.0
2006,,38000.0,4173.0,3264.0,170.0,15200.0,15200.0,900.0,5711.0,6000.0,2130.0,20000.0,350.0,65493.0,2700.0,,1286.0,,1000.0,50.0,2095.0,280.0,380.0,300.0,10000.0,925.0,2500.0,2368.0,32.0,2500.0,309.0,3600.0,1900.0,8000.0,1550.0,,220.0,2003.0,1339.0,3000.0,,358.0,205454.0,390.0,925.0,1100.0,1105.0,,2500.0,10280.0,,195.0,56128.0,,5600.0,3000.0,2600.0,1917.0,2000.0,300.0,13200.0,415.0,1070.0,14.0,-1.0,610.0,10.0,7277.0,-1.0,16401.0,16401.0,,2600.0,65.0,707.0,7300.0,13.0,4650.0,3250.0
2007,,60000.0,4300.0,3246.0,170.0,16100.0,16100.0,850.0,5430.0,6000.0,2130.0,18000.0,370.0,64735.0,3150.0,,1286.0,,800.0,20.0,2100.0,280.0,350.0,300.0,10000.0,900.0,5675.0,2458.0,32.0,2200.0,300.0,3600.0,1900.0,7000.0,1550.0,,203.0,2113.0,1350.0,3204.0,,349.0,209375.0,400.0,951.0,900.0,755.0,,2600.0,10280.0,,200.0,57000.0,,6600.0,3000.0,2700.0,2100.0,1868.0,300.0,12700.0,440.0,770.0,14.0,-1.0,614.0,19.0,8200.0,-1.0,20000.0,20000.0,,2500.0,70.0,689.0,7658.0,13.0,5000.0,2600.0
2008,,43200.0,4600.0,3200.0,170.0,16800.0,16800.0,813.0,5171.0,6000.0,2152.0,18000.0,380.0,65000.0,3500.0,,621.0,,790.0,70.0,2200.0,300.0,328.0,300.0,10000.0,900.0,3000.0,2450.0,31.0,2100.0,292.0,3526.0,2000.0,8000.0,1702.0,,212.0,2200.0,1360.0,3900.0,,1300.0,216906.0,410.0,977.0,929.0,800.0,,3400.0,10300.0,,181.0,58349.0,,6400.0,3100.0,2700.0,2100.0,2000.0,300.0,6500.0,450.0,810.0,13.0,-1.0,618.0,15.0,8200.0,240.0,22000.0,22000.0,,2700.0,70.0,690.0,7500.0,13.0,5500.0,2650.0
2009,,59000.0,4700.0,3314.0,170.0,17400.0,17400.0,798.0,4937.0,6000.0,2161.0,17000.0,380.0,60000.0,3534.0,,620.0,,761.0,56.0,2300.0,300.0,317.0,300.0,10000.0,900.0,4657.0,2545.0,27.0,2600.0,286.0,3628.0,1977.0,7146.0,1400.0,,222.0,2200.0,1370.0,3200.0,,1400.0,216700.0,434.0,1000.0,923.0,1061.0,,4611.0,10300.0,,158.0,59654.0,,7500.0,3182.0,2750.0,1800.0,2500.0,200.0,6300.0,452.0,850.0,13.0,-1.0,625.0,60.0,8547.0,180.0,22000.0,22000.0,,2700.0,72.0,700.0,7600.0,13.0,6300.0,2700.0
2010,,56161.0,5000.0,3395.0,170.0,17950.0,17950.0,788.0,4696.0,6000.0,2158.0,15586.0,400.0,60158.0,3585.0,,620.0,,747.0,30.0,2400.0,300.0,304.0,400.0,10000.0,900.0,4543.0,2573.0,36.0,1914.0,300.0,3705.0,1949.0,7252.0,1660.0,,233.0,2094.0,1400.0,3426.0,,1449.0,215000.0,435.0,1021.0,900.0,1005.0,,3916.0,10300.0,,149.0,58704.0,,8400.0,3200.0,2800.0,1900.0,3200.0,300.0,6400.0,471.0,918.0,13.0,-1.0,634.0,150.0,8873.0,125.0,23000.0,23000.0,,2800.0,71.0,711.0,7700.0,13.0,6799.0,2750.0
2011,,52189.0,5300.0,3479.0,170.0,18350.0,18350.0,779.0,5437.0,6000.0,2292.0,14278.0,386.0,59916.0,3767.0,,615.0,,727.0,27.0,2500.0,300.0,295.0,400.0,10000.0,900.0,4472.0,2464.0,36.0,2190.0,289.0,3751.0,1929.0,7000.0,1690.0,,261.0,2058.0,1400.0,3566.0,,1506.0,206700.0,430.0,1038.0,912.0,1046.0,,2508.0,10300.0,,141.0,59287.0,,6800.0,3279.0,2850.0,2053.0,4000.0,200.0,5841.0,458.0,1034.0,13.0,-1.0,642.0,300.0,8250.0,130.0,24000.0,24000.0,,2900.0,72.0,744.0,8176.0,13.0,5625.0,2773.0
2012,,65000.0,5491.0,3356.0,170.0,19810.0,19810.0,769.0,4300.0,6000.0,2589.0,12600.0,385.0,61000.0,3797.0,,230.0,,750.0,30.0,2500.0,304.0,287.0,400.0,9774.0,900.0,2980.0,2900.0,36.0,2680.0,300.0,3797.0,1900.0,7000.0,1698.0,,211.0,2000.0,1400.0,3699.0,,2084.0,213900.0,430.0,1070.0,900.0,1081.0,,2531.0,10078.0,,135.0,59850.0,,7100.0,3180.0,2700.0,1887.0,4000.0,200.0,5330.0,459.0,1031.0,13.0,-1.0,651.0,400.0,9133.0,112.0,24500.0,24500.0,,4400.0,74.0,736.0,8000.0,13.0,5681.0,2841.0
2013,,52854.0,5497.0,3087.0,170.0,16133.0,16133.0,759.0,4400.0,6000.0,2670.0,12600.0,405.0,61000.0,3884.0,,230.0,,707.0,30.0,2440.0,315.0,279.0,400.0,9793.0,900.0,3000.0,3000.0,36.0,340.0,300.0,3842.0,1934.0,7000.0,1710.0,,259.0,2000.0,1400.0,3804.0,,2499.0,215400.0,410.0,1084.0,910.0,1120.0,,2584.0,10108.0,,129.0,60386.0,,7249.0,3200.0,2750.0,1844.0,4000.0,200.0,5484.0,480.0,1031.0,13.0,-1.0,675.0,400.0,9570.0,81.0,24500.0,24500.0,,4000.0,75.0,743.0,8000.0,13.0,5771.0,2891.0
2014,,55400.0,5669.0,3096.0,170.0,17251.0,17251.0,750.0,4333.0,6029.0,2400.0,12470.0,407.0,60189.0,3970.0,,315.0,,760.0,30.0,2408.0,316.0,273.0,400.0,10128.0,900.0,4533.0,2918.0,36.0,614.0,300.0,3887.0,2003.0,7348.0,1723.0,,266.0,2000.0,1400.0,3908.0,,2497.0,210100.0,430.0,1210.0,900.0,1161.0,,2752.0,10444.0,,123.0,60900.0,,9200.0,3383.0,2706.0,1798.0,4739.0,150.0,6493.0,484.0,1030.0,12.0,-1.0,665.0,400.0,9480.0,71.0,25067.0,25067.0,,4300.0,77.0,750.0,7888.0,13.0,5859.0,2915.0
