,USSR,Finland,Fiji,Kenya,Guyana,Solomon Islands,Papua New Guinea,Somalia,Albania,Brazil,Serbia,El Salvador,Saint Lucia,Canada,Colombia,Spain,Grenada,New Zealand,Honduras,Jamaica,Cabo Verde,Republic of Moldova,Mongolia,Belgium-Luxembourg,Angola,Saudi Arabia,"China, Macao SAR",Togo,Greece,Tajikistan,Haiti,Mali,Hungary,Dominican Republic,Syrian Arab Republic,Yugoslav SFR,Iran (Islamic Republic of),Gambia,Ghana,Sweden,Cyprus,Kazakhstan,Rwanda,Bosnia and Herzegovina,Portugal,Saint Kitts and Nevis,"China, Taiwan Province of",Puerto Rico,Turkmenistan,Dominica,Madagascar,United Republic of Tanzania,Nepal,Libya,Costa Rica,Bangladesh,Germany,Comoros,Latvia,Benin,Occupied Palestinian Territory,Cambodia,Armenia,Chile,Malta,Denmark,Lebanon,Malawi,Algeria,Slovakia,Israel,Réunion,Belarus,Afghanistan,Trinidad and Tobago,Sudan,Mauritius,Georgia,Lithuania,Russian Federation,Tunisia,Paraguay,Venezuela (Bolivarian Republic of),Djibouti,Guadeloupe,South Africa,Myanmar,Eritrea,Bahrain,Australia & New Zealand,Australia,Panama,Pakistan,Thailand,Belize,Ethiopia,Bhutan,Lao People's Democratic Republic,Zambia,Botswana,Yemen,Suriname,Mozambique,Niger,Democratic People's Republic of Korea,Slovenia,South Sudan,New Caledonia,Central African Republic,Bahamas,Ecuador,Indonesia,Poland,Chad,Jordan,Ethiopia PDR,Estonia,Melanesia,France,Republic of Korea,Democratic Republic of the Congo,Nigeria,Congo,Martinique,Peru,United States of America,"China, mainland",The former Yugoslav Republic of Macedonia,India,Guinea-Bissau,Cameroon,Netherlands,Guatemala,Cuba,Lesotho,Romania,Norway,Philippines,Iraq,Swaziland,Burundi,Belgium,Luxembourg,Czechia,Senegal,Italy,Ireland,Uganda,Uzbekistan,China,Burkina Faso,Serbia and Montenegro,Sudan (former),Morocco,Switzerland,Sierra Leone,Uruguay,Zimbabwe,Kyrgyzstan,Gabon,Austria,Japan,Maldives,Timor-Leste,Egypt,Argentina,Namibia,United Kingdom,Azerbaijan,Nicaragua,Viet Nam,Barbados,Turkey,Bolivia (Plurinational State of),Saint Vincent and the Grenadines,Mexico,Guinea,Mauritania,Czechoslovakia,Sri Lanka,Côte d'Ivoire,Croatia,Bulgaria,Montenegro,Ukraine,Liberia
1961,4274000.0,3362.0,900.0,645000.0,85.0,1500.0,1100.0,3600.0,21005.0,2695313.0,,21468.0,15.0,53417.0,167700.0,1108475.0,700.0,11458.0,69322.0,3364.0,18000.0,,7000.0,11918.0,115000.0,1500.0,,56000.0,259685.0,,157900.0,110550.0,140952.0,48930.0,137793.0,1143056.0,231800.0,10000.0,50000.0,17450.0,18271.0,,173500.0,,576745.0,70.0,27047.0,12018.0,,200.0,67300.0,295000.0,173100.0,7100.0,41100.0,364991.0,134865.0,2000.0,,133244.0,0.0,35037.0,,126910.0,2202.0,15640.0,11700.0,204000.0,70650.0,,7715.0,650.0,,20500.0,2260.0,,,,,,62009.0,28500.0,96559.0,0.0,,210500.0,502504.0,,,37635.0,26177.0,21400.0,1905408.0,44340.0,219.0,,1800.0,10000.0,12500.0,23000.0,30000.0,364.0,135000.0,450000.0,265000.0,,,80.0,8000.0,290.0,105483.0,271800.0,379000.0,144000.0,40910.0,793700.0,,3580.0,159100.0,45636.0,201300.0,1309000.0,6900.0,0.0,100800.0,783459.0,9700000.0,,23810206.0,1500.0,112600.0,29404.0,82100.0,68000.0,21871.0,1529800.0,132.0,71140.0,42431.0,5621.0,263800.0,,,,48400.0,1089291.0,1300.0,267655.0,,9727047.0,206500.0,,81331.0,393119.0,0.0,47740.0,4780.0,32731.0,,200.0,3656.0,270000.0,50.0,5600.0,208790.0,67671.0,4500.0,42896.0,,51600.0,161855.0,400.0,586850.0,16000.0,180.0,1817341.0,55000.0,43184.0,135492.0,8670.0,15000.0,,303191.0,,,4000.0
1962,7106000.0,2800.0,911.0,645000.0,85.0,1550.0,1200.0,1500.0,20619.0,2836692.0,,32898.0,16.0,46538.0,176787.0,1114940.0,700.0,11343.0,71217.0,3457.0,18000.0,,7000.0,11753.0,115000.0,1600.0,,59017.0,237601.0,,160900.0,110650.0,162772.0,48145.0,196393.0,1122800.0,234200.0,10000.0,50000.0,15910.0,20936.0,,170466.0,,576911.0,70.0,23530.0,12332.0,,200.0,68400.0,311000.0,176000.0,6100.0,44400.0,378322.0,156736.0,2000.0,,102602.0,0.0,32686.0,,117750.0,2146.0,13280.0,9400.0,211000.0,103200.0,,7315.0,650.0,,21000.0,2450.0,,,,,,57416.0,28500.0,79446.0,0.0,,306000.0,492910.0,,,36841.0,25498.0,27600.0,1987028.0,57820.0,642.0,,1850.0,10200.0,12500.0,20000.0,30000.0,376.0,110000.0,500000.0,294000.0,,,75.0,8000.0,320.0,96050.0,273800.0,362000.0,139000.0,48530.0,804900.0,,3736.0,138350.0,46795.0,206300.0,1566000.0,7500.0,0.0,105500.0,796006.0,11000000.0,,23987847.0,1500.0,113600.0,20121.0,79100.0,68000.0,17000.0,1610582.0,50.0,47000.0,41557.0,5500.0,265000.0,,,,49400.0,1052364.0,1600.0,263164.0,,11023530.0,249000.0,,75518.0,403663.0,0.0,47800.0,5830.0,32595.0,,200.0,3438.0,273800.0,50.0,5700.0,235126.0,67046.0,4500.0,42087.0,,47904.0,168752.0,400.0,585394.0,16040.0,180.0,1871495.0,55000.0,43184.0,162399.0,10432.0,26000.0,,258548.0,,,4000.0
1963,10673000.0,1700.0,911.0,650000.0,85.0,1550.0,1300.0,2200.0,29164.0,3124156.0,,27783.0,17.0,50181.0,175421.0,1115195.0,700.0,12069.0,76988.0,3645.0,18000.0,,7000.0,11761.0,115000.0,1700.0,,64720.0,213370.0,,168000.0,110650.0,175440.0,48245.0,177010.0,1130100.0,236600.0,10000.0,60000.0,12446.0,19900.0,,168360.0,,579701.0,70.0,22822.0,11728.0,,200.0,70805.0,389562.0,196900.0,6200.0,51799.0,367799.0,153549.0,2100.0,,103808.0,0.0,50000.0,,113520.0,2362.0,11340.0,8400.0,217000.0,100700.0,,6620.0,650.0,,22500.0,3070.0,,,,,,71000.0,28800.0,94468.0,0.0,,344000.0,615483.0,,,36236.0,24167.0,27300.0,1987843.0,108280.0,732.0,,2000.0,10300.0,13750.0,20000.0,35000.0,247.0,120000.0,531000.0,343000.0,,,75.0,8000.0,340.0,90034.0,262900.0,396000.0,141000.0,35930.0,833500.0,,3836.0,129360.0,49644.0,211300.0,2733000.0,7900.0,0.0,106660.0,765654.0,8800000.0,,24216600.0,1500.0,114600.0,23824.0,93800.0,65000.0,16000.0,1786450.0,23.0,48200.0,40997.0,5143.0,269400.0,,,,51430.0,996672.0,1500.0,279443.0,,8822822.0,256000.0,,85374.0,402845.0,0.0,47800.0,5830.0,31954.0,,200.0,5404.0,256190.0,50.0,5800.0,239736.0,69185.0,4500.0,39100.0,,47900.0,173970.0,400.0,564389.0,18568.0,180.0,1875143.0,55000.0,43184.0,163244.0,11730.0,16000.0,,265240.0,,,4000.0
1964,10503000.0,1900.0,870.0,650000.0,167.0,1600.0,1400.0,3000.0,27210.0,3270488.0,,21379.0,18.0,64384.0,173193.0,1020737.0,700.0,12111.0,86954.0,3413.0,17000.0,,7000.0,11523.0,120000.0,1800.0,,72000.0,188460.0,,171000.0,111050.0,146166.0,55300.0,210473.0,1104600.0,240000.0,10000.0,65000.0,12569.0,18497.0,,138283.0,,578248.0,70.0,25921.0,10847.0,,200.0,71200.0,312743.0,185800.0,5100.0,43728.0,380631.0,154906.0,2100.0,,68757.0,0.0,45000.0,,102180.0,1891.0,9816.0,12410.0,232000.0,58460.0,,6955.0,650.0,,22500.0,3030.0,,,,,,84000.0,32200.0,100758.0,0.0,,212000.0,663095.0,,,33806.0,21695.0,21500.0,1852813.0,109780.0,947.0,,2100.0,10300.0,15000.0,20000.0,35000.0,294.0,120000.0,545550.0,355000.0,,,75.0,8000.0,350.0,135457.0,273800.0,355000.0,145000.0,51001.0,840500.0,,3945.0,107509.0,50478.0,215300.0,2629000.0,8200.0,0.0,110870.0,743396.0,8700000.0,,24401000.0,1500.0,104600.0,24604.0,109900.0,62000.0,19000.0,1784500.0,,45400.0,42855.0,5345.0,295100.0,,,,51450.0,918807.0,1600.0,323920.0,,8725921.0,279000.0,,87663.0,406790.0,0.0,47900.0,5950.0,31174.0,,200.0,5032.0,249500.0,50.0,6000.0,264011.0,71133.0,4500.0,42883.0,,55400.0,179510.0,400.0,562439.0,18712.0,180.0,2287887.0,55000.0,43184.0,177529.0,10247.0,21000.0,,316161.0,,,4000.0
1965,6759000.0,2400.0,870.0,655000.0,123.0,1600.0,1500.0,6500.0,21159.0,3429935.0,,23520.0,19.0,62321.0,172042.0,991462.0,700.0,11020.0,62683.0,2900.0,17000.0,,7600.0,10203.0,119000.0,1900.0,,73467.0,195670.0,,174000.0,110400.0,153579.0,54210.0,247591.0,1078800.0,242300.0,10000.0,68000.0,11351.0,12962.0,,175140.0,,563891.0,70.0,21441.0,9570.0,,200.0,68810.0,250619.0,203500.0,5100.0,52390.0,381036.0,143796.0,2300.0,,70277.0,0.0,47200.0,,98151.0,1761.0,6739.0,13980.0,248000.0,73090.0,,7035.0,400.0,,24000.0,3030.0,,,,,,60500.0,39300.0,101821.0,0.0,,314000.0,580121.0,,,35132.0,24112.0,16800.0,1879706.0,130440.0,1031.0,,2050.0,10400.0,16250.0,20000.0,35000.0,200.0,120000.0,504042.0,340000.0,,,73.0,8000.0,380.0,129440.0,284100.0,397000.0,142000.0,65689.0,850700.0,,4043.0,99728.0,53633.0,218300.0,2844000.0,8500.0,0.0,104870.0,767947.0,8700000.0,,23605400.0,1500.0,104600.0,20337.0,105800.0,60000.0,18900.0,1619287.0,,43000.0,48583.0,5000.0,298600.0,,,,54480.0,839357.0,1600.0,303000.0,,8721441.0,266000.0,,88054.0,409822.0,0.0,47900.0,5950.0,36436.0,,200.0,5503.0,234610.0,50.0,6800.0,262620.0,82649.0,4500.0,48200.0,,58800.0,183300.0,400.0,552163.0,18757.0,180.0,2332273.0,55000.0,44184.0,165377.0,13441.0,12000.0,,283318.0,,,4000.0
1966,5927000.0,2200.0,870.0,665000.0,140.0,1650.0,1600.0,7300.0,26213.0,3488762.0,,26433.0,20.0,72558.0,167979.0,1020500.0,700.0,11649.0,69788.0,5494.0,16428.0,,3300.0,9412.0,119000.0,2000.0,,67573.0,179090.0,,179000.0,110400.0,185860.0,64060.0,152741.0,306685.0,244800.0,11000.0,100000.0,9612.0,15307.0,,228000.0,,559743.0,70.0,22307.0,9314.0,,200.0,69025.0,334556.0,194100.0,5460.0,43200.0,410257.0,136013.0,2300.0,,71688.0,0.0,47900.0,,94719.0,770.0,3500.0,17325.0,242000.0,56530.0,,4910.0,500.0,,25500.0,2520.0,,,,,,92500.0,40650.0,106305.0,0.0,,300273.0,598148.0,,,38356.0,26707.0,24100.0,1711587.0,148160.0,1410.0,,2150.0,10400.0,17500.0,20000.0,40000.0,224.0,120000.0,652500.0,312000.0,,,70.0,8000.0,400.0,153627.0,284700.0,410000.0,139000.0,40950.0,856100.0,,4190.0,92388.0,61606.0,223800.0,3145000.0,8800.0,0.0,123170.0,776206.0,8000000.0,,22333500.0,1500.0,102600.0,18408.0,93500.0,60000.0,19100.0,1648700.0,,42100.0,48113.0,5361.0,300530.0,,,,86400.0,806248.0,1200.0,288060.0,,8022307.0,277000.0,,83837.0,438510.0,0.0,46810.0,4136.0,42000.0,,200.0,8402.0,245490.0,50.0,6900.0,242701.0,70706.0,4700.0,55864.0,,62900.0,187050.0,400.0,555853.0,18474.0,190.0,2464418.0,55000.0,45184.0,152463.0,12107.0,10600.0,,265249.0,,,4000.0
1967,5460000.0,2100.0,1133.0,665000.0,132.0,1650.0,1700.0,7600.0,27991.0,3845233.0,,28417.0,19.0,53903.0,169110.0,995316.0,700.0,11057.0,73387.0,7818.0,14237.0,,2700.0,8673.0,119380.0,2100.0,,71130.0,167461.0,,179200.0,110500.0,157742.0,54666.0,194737.0,258081.0,247000.0,10000.0,100000.0,7948.0,13614.0,,219500.0,,517391.0,75.0,22944.0,8646.0,,200.0,70685.0,340000.0,197800.0,5540.0,37000.0,409200.0,127329.0,2450.0,,94800.0,0.0,53900.0,,93000.0,760.0,10000.0,13517.0,253000.0,63470.0,,6210.0,400.0,,18000.0,3240.0,,,,,,98500.0,41220.0,109488.0,0.0,,307139.0,606825.0,,,36021.0,24964.0,23600.0,1953623.0,149440.0,898.0,,2250.0,10500.0,18750.0,20000.0,40000.0,249.0,120000.0,738500.0,312000.0,,,68.0,8000.0,405.0,150059.0,278500.0,358000.0,140000.0,37360.0,875000.0,,4551.0,83425.0,61820.0,227500.0,4037000.0,9000.0,0.0,138325.0,664484.0,8000000.0,,22422100.0,1500.0,76000.0,16165.0,94700.0,60000.0,20000.0,1603600.0,,37100.0,55818.0,5742.0,320600.0,,,,99600.0,768132.0,1000.0,371000.0,,8022944.0,286500.0,,75527.0,416681.0,0.0,47920.0,4150.0,42000.0,,210.0,8297.0,219560.0,50.0,6000.0,191525.0,75573.0,4700.0,72887.0,,65600.0,201560.0,430.0,551328.0,18351.0,195.0,2181688.0,60000.0,46184.0,152465.0,12964.0,12000.0,,235198.0,,,4000.0
1968,5052000.0,1700.0,1928.0,675000.0,123.0,1700.0,1800.0,7600.0,29496.0,3850361.0,,31689.0,18.0,58193.0,177180.0,940048.0,700.0,14028.0,72803.0,9950.0,3000.0,,1700.0,7832.0,119380.0,2200.0,,75000.0,133040.0,,176200.0,110750.0,118131.0,47846.0,209061.0,255330.0,249400.0,10000.0,105000.0,8268.0,12102.0,,221700.0,,498676.0,80.0,24701.0,4512.0,,200.0,72265.0,386871.0,202600.0,6245.0,27600.0,386676.0,107522.0,2500.0,,93900.0,0.0,61800.0,,93860.0,823.0,13630.0,13757.0,260700.0,91160.0,,5795.0,400.0,,27000.0,2650.0,,,,,,89500.0,38500.0,117872.0,0.0,,300565.0,562516.0,,,46276.0,32248.0,20500.0,1791965.0,210820.0,1624.0,,2300.0,10800.0,20000.0,20000.0,40000.0,213.0,120000.0,792800.0,312000.0,,,65.0,8000.0,410.0,166528.0,217500.0,278000.0,137000.0,33735.0,894800.0,,5493.0,76506.0,61768.0,230500.0,3468000.0,9400.0,0.0,121775.0,701220.0,7800000.0,,22501200.0,1500.0,80817.0,13981.0,115100.0,45000.0,20449.0,1474592.0,,37900.0,52969.0,4900.0,330900.0,,,,70100.0,719097.0,700.0,447000.0,,7824701.0,299000.0,,69636.0,371200.0,0.0,49820.0,4350.0,42000.0,,210.0,7001.0,193100.0,50.0,7000.0,186093.0,76484.0,4700.0,112934.0,,66600.0,194405.0,480.0,544763.0,18681.0,195.0,2047706.0,60000.0,46184.0,109866.0,13763.0,12000.0,,185269.0,,,4000.0
1969,5187000.0,1300.0,1272.0,680000.0,141.0,1700.0,1900.0,10000.0,26649.0,3815193.0,,32875.0,18.0,65801.0,175500.0,875087.0,675.0,20285.0,72219.0,7223.0,5000.0,,1700.0,7703.0,120000.0,2300.0,,80000.0,123020.0,,178300.0,110550.0,124946.0,56280.0,245469.0,227690.0,251800.0,10000.0,125000.0,7266.0,13594.0,,235240.0,,484371.0,85.0,24328.0,4630.0,,200.0,75820.0,387501.0,206500.0,6650.0,38000.0,439762.0,107885.0,2600.0,,84700.0,0.0,53300.0,,76244.0,736.0,23320.0,13244.0,268500.0,89890.0,,7350.0,400.0,,27000.0,2290.0,,,,,,96000.0,35190.0,122774.0,0.0,,285000.0,640628.0,,,62853.0,42568.0,19200.0,1495257.0,231120.0,1921.0,,2400.0,10800.0,20000.0,20000.0,45000.0,165.0,120000.0,1028300.0,315000.0,,,65.0,9000.0,415.0,133201.0,224000.0,284000.0,135641.0,32781.0,902500.0,,4937.0,71212.0,63486.0,225000.0,4153000.0,9700.0,0.0,142054.0,750459.0,7500000.0,,21318400.0,1500.0,103266.0,15340.0,100654.0,35000.0,22668.0,1304700.0,,36000.0,48294.0,5666.0,296542.0,,,,71700.0,682099.0,800.0,430000.0,,7524328.0,287000.0,,65644.0,370800.0,0.0,50920.0,4450.0,42000.0,,210.0,3166.0,176000.0,50.0,6500.0,199537.0,105555.0,4700.0,111581.0,,65600.0,188000.0,530.0,539819.0,24250.0,195.0,1925920.0,60000.0,48184.0,104151.0,12468.0,12000.0,,158781.0,,,4500.0
1970,5065000.0,1500.0,1000.0,710000.0,162.0,1750.0,2000.0,23600.0,26797.0,3654043.0,,36120.0,18.0,67986.0,169400.0,820100.0,655.0,24500.0,71699.0,6610.0,2000.0,,900.0,6528.0,120000.0,2400.0,,83449.0,123100.0,,180300.0,111500.0,114825.0,50310.0,229291.0,225586.0,254200.0,10000.0,153000.0,8337.0,16629.0,,238315.0,,470854.0,80.0,25126.0,3700.0,,200.0,73700.0,444920.0,211000.0,6057.0,30000.0,450636.0,90289.0,2700.0,,90065.0,0.0,30600.0,,96540.0,662.0,23650.0,12324.0,276800.0,89580.0,,8445.0,400.0,,28000.0,1910.0,,,,,,96000.0,62114.0,110544.0,0.0,,257869.0,579924.0,,,75326.0,50826.0,19463.0,1472037.0,258660.0,3049.0,,2600.0,10800.0,21250.0,20000.0,65000.0,256.0,120000.0,1036100.0,315000.0,,,60.0,9600.0,420.0,141995.0,248700.0,284000.0,135000.0,31307.0,917900.0,,4810.0,83143.0,62721.0,230600.0,3928000.0,9900.0,0.0,146180.0,727867.0,7600000.0,,22357900.0,1500.0,120654.0,16861.0,165374.0,35000.0,28541.0,1305800.0,,44200.0,54309.0,5700.0,315482.0,,,,63600.0,643247.0,900.0,416000.0,,7625126.0,294000.0,,61703.0,470000.0,0.0,51816.0,5309.0,40200.0,,220.0,2911.0,184100.0,50.0,11000.0,182333.0,88310.0,4800.0,106027.0,,61390.0,187000.0,550.0,527385.0,11950.0,200.0,2019630.0,60000.0,48184.0,73336.0,11607.0,11000.0,,147032.0,,,4500.0
1971,5178000.0,1300.0,600.0,760000.0,219.0,1750.0,2100.0,21200.0,25977.0,4135444.0,,39900.0,18.0,78508.0,166800.0,757400.0,510.0,22533.0,71050.0,7666.0,2000.0,,100.0,5597.0,120000.0,2500.0,,80000.0,117000.0,,183400.0,111350.0,107796.0,56410.0,215617.0,218526.0,256000.0,12000.0,152000.0,8717.0,19984.0,,236724.0,,425884.0,90.0,24256.0,3900.0,,200.0,80775.0,425000.0,212500.0,2941.0,23330.0,473715.0,98250.0,2800.0,,80311.0,0.0,35500.0,,114150.0,621.0,22360.0,12112.0,285100.0,82280.0,,7615.0,300.0,,26000.0,3060.0,,,,,,104000.0,61400.0,111758.0,0.0,,167000.0,574977.0,,,103754.0,81221.0,15567.0,1480060.0,187900.0,2114.0,,2800.0,10800.0,21250.0,25000.0,65000.0,147.0,120000.0,1055900.0,315000.0,,,45.0,10000.0,427.0,117676.0,282000.0,257000.0,135000.0,28138.0,936200.0,,4495.0,76732.0,56406.0,236900.0,3898000.0,10300.0,0.0,131465.0,663223.0,6400000.0,,22258000.0,1500.0,124476.0,12978.0,192272.0,35000.0,29000.0,1173600.0,,43400.0,49499.0,6632.0,322100.0,,,,71300.0,513231.0,1200.0,622000.0,,6424256.0,248000.0,,61803.0,432900.0,300.0,51950.0,4450.0,42200.0,,220.0,2530.0,176597.0,50.0,14000.0,173982.0,102865.0,4800.0,85792.0,,62230.0,188000.0,580.0,535030.0,13650.0,200.0,2253871.0,60000.0,49184.0,67594.0,9609.0,12000.0,,136762.0,,,5000.0
1972,5855000.0,2700.0,600.0,800000.0,222.0,1800.0,2200.0,28500.0,25100.0,4175160.0,,39795.0,18.0,81664.0,184600.0,777369.0,600.0,22454.0,70466.0,9236.0,2500.0,,3200.0,4165.0,120000.0,2600.0,,50900.0,111700.0,,186400.0,111050.0,94271.0,55920.0,236791.0,206934.0,266080.0,14000.0,124000.0,8406.0,17870.0,,223748.0,,418461.0,85.0,29138.0,3412.0,,200.0,77547.0,470000.0,218300.0,3880.0,35500.0,566585.0,90861.0,2900.0,,71900.0,0.0,28800.0,,131140.0,684.0,10510.0,13235.0,290000.0,85780.0,,4645.0,210.0,,30000.0,2970.0,,,,,,121000.0,59100.0,96973.0,0.0,,176000.0,657170.0,,,101015.0,78561.0,14000.0,1567183.0,258800.0,2042.0,,3000.0,10500.0,23500.0,25000.0,60000.0,132.0,120000.0,971405.0,320000.0,,,38.0,10000.0,436.0,96878.0,310000.0,234000.0,135000.0,38947.0,956100.0,,4638.0,50705.0,52008.0,242200.0,2573000.0,10600.0,0.0,127266.0,657866.0,6200000.0,,22122800.0,1500.0,127807.0,9321.0,116000.0,40000.0,20000.0,1181600.0,,43340.0,46480.0,7273.0,297883.0,,,,86892.0,435595.0,400.0,531400.0,,6229138.0,249000.0,,67365.0,482900.0,390.0,50950.0,4590.0,42300.0,,220.0,2753.0,175100.0,50.0,16000.0,201637.0,94195.0,5000.0,74461.0,,60900.0,191000.0,600.0,586690.0,12850.0,200.0,2010725.0,60000.0,46184.0,48943.0,12489.0,12000.0,,126104.0,,,5000.0
1973,6082400.0,3300.0,500.0,870000.0,379.0,1800.0,2300.0,17900.0,21800.0,3999217.0,,45108.0,18.0,80659.0,188000.0,745091.0,615.0,21390.0,62075.0,6760.0,1000.0,,4300.0,2959.0,120000.0,2700.0,,51800.0,111586.0,,184400.0,110800.0,78207.0,57920.0,241205.0,219300.0,267600.0,14000.0,104000.0,11124.0,20051.0,,230395.0,,395234.0,100.0,31255.0,3255.0,,200.0,71070.0,451000.0,219000.0,5357.0,26681.0,637880.0,84987.0,3000.0,,67942.0,0.0,30000.0,,110810.0,723.0,4210.0,19670.0,297000.0,88090.0,,7220.0,310.0,,36000.0,2235.0,,,,,,125600.0,57800.0,78161.0,0.0,800.0,183000.0,618407.0,,,112104.0,90714.0,12300.0,1616486.0,291500.0,2145.0,,3100.0,10800.0,24200.0,25000.0,60000.0,159.0,120000.0,856660.0,320000.0,,,35.0,10200.0,441.0,105135.0,344500.0,213000.0,135000.0,39966.0,995000.0,,4635.0,46733.0,53531.0,248600.0,3365000.0,10700.0,0.0,128150.0,669761.0,6200000.0,,22051300.0,1500.0,127721.0,8661.0,129907.0,20000.0,24000.0,955900.0,,45480.0,46577.0,5842.0,333879.0,,,,53430.0,365690.0,300.0,511200.0,,6231255.0,237000.0,,61802.0,554600.0,720.0,50050.0,5030.0,43300.0,,230.0,2240.0,157600.0,50.0,12000.0,178951.0,104690.0,5000.0,81343.0,,46970.0,185000.0,600.0,567900.0,13250.0,204.0,2157929.0,60000.0,44184.0,38625.0,14567.0,12000.0,,116515.0,,,5000.0
1974,5780000.0,6500.0,500.0,890000.0,1214.0,1850.0,2400.0,16100.0,24600.0,4488315.0,,51429.0,20.0,101199.0,201700.0,749645.0,620.0,20357.0,62015.0,6560.0,2000.0,,4900.0,3912.0,120000.0,2800.0,,53013.0,102800.0,,184500.0,111200.0,74212.0,66330.0,255893.0,203223.0,266600.0,14500.0,150000.0,10301.0,19422.0,,261981.0,,392301.0,115.0,29903.0,5416.0,,200.0,75470.0,408000.0,226700.0,6142.0,35520.0,722947.0,81384.0,3100.0,,58385.0,0.0,30000.0,,122570.0,782.0,3920.0,16570.0,301000.0,96630.0,,8635.0,408.0,,33000.0,2283.0,,,,,,142800.0,55718.0,92049.0,0.0,750.0,166000.0,581630.0,,,167709.0,147352.0,14100.0,1858204.0,254720.0,2054.0,,3200.0,10900.0,19100.0,25000.0,65000.0,138.0,120000.0,942000.0,325000.0,,,35.0,10600.0,449.0,101232.0,375200.0,236700.0,135000.0,42445.0,1002309.0,,4785.0,55184.0,56483.0,253200.0,3047000.0,10900.0,0.0,129970.0,770390.0,5800000.0,,23134200.0,1500.0,140365.0,11862.0,107915.0,18000.0,29900.0,979200.0,,42150.0,47301.0,4733.0,285492.0,,,,59894.0,340010.0,400.0,629600.0,,5829903.0,303000.0,,65483.0,588100.0,1310.0,50100.0,5050.0,45300.0,,230.0,2148.0,146500.0,50.0,7000.0,165909.0,135430.0,5500.0,93483.0,,65100.0,185000.0,600.0,602850.0,16500.0,200.0,1858484.0,60000.0,44184.0,69220.0,15085.0,12400.0,,124816.0,,,5000.0
1975,5670300.0,5200.0,600.0,900000.0,1457.0,1850.0,2500.0,18800.0,20800.0,4344703.0,,55860.0,20.0,96558.0,219700.0,674600.0,650.0,21822.0,73525.0,7251.0,2500.0,,3800.0,5222.0,120000.0,2900.0,,54275.0,93500.0,,164500.0,113800.0,83345.0,67310.0,223293.0,201118.0,266100.0,14500.0,147000.0,10059.0,7890.0,,262303.0,,391224.0,120.0,30256.0,7381.0,,200.0,85542.0,407000.0,228500.0,6702.0,35520.0,785000.0,77281.0,3200.0,,61500.0,0.0,28000.0,,105014.0,743.0,4164.0,14810.0,303500.0,96460.0,,5175.0,408.0,,33000.0,2275.0,,,,,,144800.0,67786.0,100595.0,0.0,520.0,156000.0,627726.0,,,193834.0,172012.0,18100.0,1592813.0,220400.0,2023.0,,3350.0,11000.0,10000.0,30000.0,72000.0,129.0,120000.0,865800.0,330000.0,,,30.0,10800.0,453.0,102995.0,300300.0,228946.0,135000.0,23355.0,921900.0,,4980.0,79451.0,59320.0,257500.0,3143000.0,11100.0,0.0,124115.0,741344.0,5800000.0,,22379700.0,1500.0,157475.0,11873.0,175700.0,15000.0,38045.0,903500.0,,47420.0,51335.0,5162.0,338100.0,,,,62500.0,317460.0,30.0,584500.0,,5830256.0,345000.0,,71442.0,564300.0,1087.0,50100.0,5100.0,45400.0,,240.0,1137.0,129500.0,50.0,5000.0,163812.0,168760.0,5500.0,69500.0,,56140.0,173800.0,600.0,566680.0,17450.0,200.0,2002342.0,60000.0,47184.0,91044.0,20028.0,12000.0,,110923.0,,,6000.0
1976,5153300.0,4800.0,600.0,910000.0,1140.0,1900.0,2600.0,19700.0,26750.0,4237132.0,,52878.0,20.0,91465.0,203000.0,623500.0,685.0,18980.0,75111.0,6780.0,5000.0,,3600.0,4355.0,120000.0,3000.0,,56310.0,84900.0,,166500.0,111000.0,81490.0,62035.0,314196.0,186263.0,265100.0,15000.0,163000.0,10351.0,8528.0,,273949.0,,365286.0,120.0,34338.0,6202.0,,200.0,84237.0,484000.0,236300.0,6999.0,27571.0,903000.0,71071.0,3300.0,,65954.0,0.0,31000.0,,119675.0,799.0,3260.0,10300.0,313500.0,97480.0,,4815.0,408.0,,35000.0,2290.0,,,,,,147600.0,76697.0,84206.0,0.0,510.0,142000.0,581115.0,,,173845.0,154865.0,18590.0,1800567.0,289680.0,1950.0,,3450.0,10900.0,19000.0,30000.0,76000.0,183.0,120000.0,885100.0,325000.0,,,30.0,11000.0,445.0,102480.0,224500.0,198944.0,135000.0,29769.0,791000.0,,5130.0,72657.0,63411.0,262600.0,2831000.0,11200.0,0.0,127510.0,703139.0,5800000.0,,23725500.0,2000.0,163858.0,9545.0,151300.0,15000.0,39790.0,837800.0,,51570.0,47918.0,5570.0,339100.0,,,,62900.0,306830.0,100.0,654184.0,,5834338.0,280000.0,,71729.0,581800.0,650.0,50150.0,5550.0,46400.0,,240.0,1125.0,117100.0,50.0,5000.0,174119.0,178364.0,6000.0,75400.0,,67550.0,194900.0,600.0,627310.0,18060.0,200.0,1488038.0,60000.0,48184.0,64705.0,32693.0,12000.0,,103243.0,,,6000.0
1977,5195200.0,5500.0,800.0,950000.0,2000.0,1900.0,2700.0,18800.0,29600.0,4729908.0,,52588.0,20.0,106900.0,209800.0,579000.0,740.0,18804.0,76696.0,7541.0,1500.0,,3800.0,2678.0,120000.0,3100.0,,57630.0,78100.0,,169958.0,110800.0,70913.0,59928.0,319130.0,175431.0,261100.0,15000.0,157000.0,11991.0,8742.0,,282630.0,,339779.0,140.0,35000.0,6500.0,,200.0,73035.0,545132.0,240000.0,7156.0,24192.0,993000.0,69593.0,3400.0,,69370.0,0.0,33000.0,,152120.0,754.0,3814.0,12810.0,322000.0,93200.0,,6750.0,410.0,,37000.0,2442.0,,,,,,105800.0,86678.0,71454.0,0.0,355.0,132000.0,579058.0,,,146784.0,127980.0,17560.0,1823937.0,464920.0,1983.0,,3450.0,11500.0,29000.0,30000.0,72000.0,128.0,120000.0,764000.0,325000.0,,,30.0,11200.0,448.0,85940.0,301500.0,179779.0,132000.0,19695.0,836500.0,,5430.0,70450.0,73206.0,266800.0,1662000.0,11200.0,0.0,122681.0,665501.0,5800000.0,,23048600.0,2000.0,173626.0,7625.0,104300.0,25000.0,21741.0,694000.0,,52440.0,45398.0,5582.0,345400.0,,,,57769.0,259696.0,30.0,559268.0,,5835000.0,308000.0,,72860.0,470800.0,220.0,51200.0,5610.0,47500.0,,250.0,2370.0,117500.0,50.0,5000.0,175044.0,222900.0,6200.0,74000.0,,61600.0,213800.0,610.0,689890.0,17850.0,220.0,1952869.0,60000.0,48184.0,88754.0,56403.0,12000.0,,98948.0,,,6000.0
1978,5058100.0,6800.0,800.0,970000.0,2300.0,1900.0,2800.0,21800.0,30500.0,4799349.0,,51748.0,25.0,112093.0,211900.0,575220.0,670.0,20802.0,80972.0,11601.0,6000.0,,3600.0,2403.0,110000.0,3200.0,,61660.0,75800.0,,210778.0,110550.0,73694.0,70529.0,277334.0,159456.0,264100.0,15000.0,118000.0,12701.0,5998.0,,279923.0,,369261.0,150.0,35214.0,6596.0,,200.0,64075.0,700879.0,244700.0,7083.0,29000.0,942000.0,64606.0,3500.0,,91250.0,0.0,28000.0,,174040.0,719.0,4590.0,9430.0,325000.0,108720.0,,9156.0,425.0,,37000.0,2794.0,,,,,,127600.0,105774.0,79934.0,0.0,355.0,144000.0,637390.0,,,140587.0,119785.0,16850.0,1791130.0,464400.0,1943.0,,3600.0,11900.0,21000.0,30000.0,76000.0,124.0,120000.0,967035.0,325000.0,,,40.0,11400.0,373.0,55509.0,325000.0,182081.0,126000.0,20451.0,792100.0,,5540.0,80500.0,55080.0,269200.0,1516000.0,10900.0,0.0,122415.0,765699.0,5000000.0,,23473700.0,2000.0,156600.0,9132.0,113800.0,27000.0,15414.0,642272.0,,53890.0,50196.0,5882.0,303400.0,,,,62922.0,270961.0,100.0,612300.0,,5035214.0,324000.0,,77600.0,512000.0,200.0,51750.0,5710.0,42500.0,,255.0,4200.0,94000.0,50.0,5000.0,145667.0,238975.0,6200.0,74400.0,,66500.0,211300.0,630.0,642100.0,19325.0,200.0,1838761.0,65000.0,49184.0,90548.0,53842.0,12000.0,,64456.0,,,6000.0
1979,5021000.0,8400.0,400.0,930000.0,2600.0,1900.0,2900.0,16600.0,32000.0,4375245.0,,55035.0,25.0,97191.0,210400.0,548812.0,711.0,22535.0,72549.0,9460.0,12000.0,,1600.0,2518.0,110000.0,3300.0,,94500.0,82640.0,,205432.0,110500.0,85841.0,68588.0,175665.0,178944.0,256000.0,15000.0,121000.0,13703.0,5822.0,,294600.0,,339284.0,160.0,35399.0,6989.0,,200.0,69255.0,702432.0,251500.0,7600.0,25000.0,877600.0,61941.0,3600.0,,85622.0,0.0,20000.0,,195820.0,701.0,3755.0,10740.0,320000.0,119090.0,,10590.0,420.0,,37500.0,2749.0,,,,,,148900.0,101186.0,76132.0,0.0,300.0,170000.0,658798.0,,4.0,190200.0,167665.0,12950.0,2036768.0,469560.0,2266.0,,3750.0,12500.0,22000.0,30000.0,74000.0,223.0,122369.0,959400.0,327000.0,,,50.0,11600.0,400.0,65433.0,348500.0,171975.0,120000.0,14445.0,815800.0,,5250.0,90000.0,57790.0,260400.0,1521000.0,9300.0,0.0,123350.0,712336.0,5500000.0,,23213900.0,2000.0,162800.0,7770.0,87400.0,27000.0,15853.0,425891.0,,54170.0,41750.0,5219.0,306300.0,,,,46987.0,247519.0,100.0,350000.0,,5535399.0,328000.0,,76400.0,447100.0,150.0,52300.0,5710.0,42600.0,,260.0,6100.0,89225.0,50.0,5000.0,148376.0,273070.0,6500.0,78400.0,,53337.0,207900.0,630.0,673250.0,15520.0,220.0,1409621.0,65000.0,49184.0,79803.0,51217.0,12000.0,,67380.0,,,6000.0
1980,4696200.0,4300.0,300.0,700000.0,2600.0,1900.0,3000.0,18500.0,31500.0,4776510.0,,52448.0,25.0,132450.0,211400.0,513100.0,550.0,24222.0,68333.0,8813.0,20000.0,,300.0,2143.0,110000.0,3400.0,,99500.0,78125.0,,183500.0,114400.0,72880.0,75765.0,256111.0,163786.0,290000.0,15000.0,120800.0,13125.0,5685.0,,307754.0,,355765.0,160.0,34290.0,7185.0,,200.0,62984.0,713422.0,261200.0,8170.0,22000.0,908300.0,60557.0,3700.0,,67800.0,0.0,16000.0,,206420.0,610.0,4441.0,11030.0,327000.0,126450.0,,9545.0,420.0,,41500.0,2704.0,,,,,,173400.0,99700.0,75727.0,0.0,300.0,119500.0,533533.0,,5.0,213374.0,189152.0,11763.0,1809073.0,486845.0,2490.0,,3900.0,12910.0,22000.0,30000.0,75000.0,66.0,150000.0,1118100.0,330000.0,,,30.0,11800.0,420.0,71036.0,438500.0,188131.0,114000.0,14162.0,964940.0,,5230.0,105030.0,57815.0,282100.0,1578000.0,8142.0,0.0,130589.0,933444.0,5400000.0,,22909500.0,2000.0,166100.0,7449.0,84500.0,39100.0,12801.0,491205.0,,56940.0,52150.0,5488.0,337150.0,,,,50500.0,240584.0,100.0,332000.0,,5434290.0,294000.0,,80460.0,396600.0,252.0,54320.0,5710.0,42600.0,,265.0,8000.0,83810.0,55.0,4500.0,141693.0,252820.0,6500.0,81500.0,,54294.0,176100.0,640.0,730125.0,15860.0,230.0,1758327.0,65000.0,60184.0,81518.0,48094.0,12000.0,,61596.0,,,6000.0
1981,5649200.0,5400.0,129.0,890000.0,1800.0,1950.0,3100.0,25900.0,30600.0,5168262.0,,39859.0,25.0,155000.0,213300.0,479790.0,454.0,16833.0,76470.0,8500.0,2500.0,,1200.0,1826.0,110000.0,3500.0,,97900.0,64925.0,,183500.0,112400.0,92427.0,85761.0,229523.0,191987.0,395230.0,15000.0,176200.0,15370.0,4437.0,,310055.0,,307191.0,170.0,32237.0,6085.0,,200.0,61307.0,720411.0,269000.0,8470.0,23681.0,885300.0,60536.0,4000.0,,75401.0,0.0,39000.0,,206890.0,593.0,4040.0,10220.0,331000.0,116500.0,,6850.0,370.0,,45000.0,2610.0,,,,,,154300.0,60500.0,68591.0,0.0,300.0,116000.0,688814.0,,5.0,284180.0,267347.0,9748.0,1514312.0,540983.0,3040.0,,4000.0,13000.0,14400.0,30000.0,73556.0,191.0,200000.0,1226700.0,333000.0,,,40.0,12000.0,440.0,76116.0,418500.0,167975.0,108000.0,15937.0,856330.0,,5219.0,112400.0,63413.0,290000.0,1288000.0,8000.0,0.0,135469.0,1080600.0,5300000.0,,22216900.0,2100.0,171100.0,7239.0,101900.0,34100.0,12056.0,431229.0,,61273.0,43100.0,5373.0,348800.0,,,,59733.0,233383.0,30.0,417000.0,,5332237.0,350500.0,,77943.0,320400.0,190.0,54350.0,5820.0,36864.0,,270.0,9900.0,83230.0,55.0,4800.0,133636.0,253850.0,6500.0,67000.0,,89014.0,253000.0,640.0,747550.0,21765.0,240.0,2198586.0,65000.0,60384.0,82142.0,66388.0,12000.0,,80264.0,,,6000.0
1982,5155000.0,7800.0,280.0,890000.0,1900.0,1950.0,3200.0,27000.0,28600.0,6061151.0,,55580.0,25.0,199800.0,208200.0,449900.0,460.0,17690.0,51075.0,7106.0,12000.0,,300.0,2159.0,120000.0,3600.0,,107500.0,57214.0,,178500.0,115400.0,91950.0,79460.0,171507.0,191511.0,343510.0,15000.0,160500.0,21552.0,4219.0,,311777.0,,313272.0,150.0,31336.0,5600.0,,200.0,62694.0,744899.0,278000.0,8905.0,38485.0,819600.0,65856.0,6000.0,,79254.0,0.0,37000.0,,187620.0,565.0,10777.0,10200.0,339500.0,98070.0,,6750.0,200.0,,37500.0,2525.0,,,,,,149660.0,61300.0,73554.0,0.0,325.0,109500.0,682679.0,,5.0,342117.0,324427.0,11370.0,1678425.0,542444.0,3120.0,,4038.0,13000.0,14350.0,30000.0,69086.0,41.0,250000.0,1383668.0,330000.0,,,30.0,12200.0,460.0,71838.0,342500.0,166374.0,102000.0,16368.0,908860.0,,5460.0,165400.0,62216.0,297600.0,1638000.0,8100.0,0.0,135052.0,904199.0,4800000.0,,23391000.0,2100.0,173100.0,10051.0,103040.0,40000.0,22732.0,452889.0,,63286.0,40175.0,5591.0,354200.0,,,,46486.0,223940.0,400.0,494000.0,,4831336.0,335000.0,,74653.0,303900.0,260.0,54450.0,5920.0,65225.0,,280.0,11800.0,97120.0,60.0,4200.0,156642.0,256190.0,6500.0,61000.0,,68471.0,266000.0,650.0,1203858.0,20035.0,250.0,1800993.0,65000.0,60384.0,83422.0,66990.0,12000.0,,84417.0,,,6000.0
1983,6105000.0,9400.0,489.0,880000.0,2100.0,1900.0,3300.0,27000.0,27400.0,4148689.0,,56350.0,25.0,147600.0,209500.0,433600.0,460.0,22860.0,50722.0,8088.0,10000.0,,300.0,1487.0,130000.0,3600.0,,116100.0,54700.0,,178500.0,96376.0,88758.0,88504.0,240249.0,193333.0,487797.0,15000.0,126200.0,33753.0,4482.0,,348000.0,,291834.0,140.0,27046.0,6000.0,,200.0,64680.0,749288.0,291000.0,9235.0,38500.0,805500.0,65927.0,6000.0,,80408.0,0.0,40000.0,,132990.0,585.0,23446.0,10779.0,348300.0,122970.0,,8440.0,270.0,,39000.0,2340.0,,,,,,142300.0,63900.0,73793.0,0.0,300.0,113000.0,591545.0,,5.0,543062.0,520202.0,12910.0,1621064.0,515971.0,2760.0,,4150.0,13000.0,17650.0,30000.0,69166.0,36.0,255000.0,1559135.0,330000.0,,,30.0,12400.0,480.0,54317.0,422500.0,220054.0,96000.0,16883.0,919520.0,,5719.0,203700.0,53557.0,306600.0,1303000.0,8000.0,0.0,120584.0,603700.0,4820000.0,,23282300.0,2100.0,186480.0,12021.0,123210.0,38700.0,13382.0,666057.0,,58766.0,33250.0,3985.0,352400.0,,,,40033.0,221285.0,342.0,534400.0,,4847046.0,313000.0,,73636.0,422700.0,579.0,54500.0,5920.0,66200.0,,280.0,13800.0,101900.0,70.0,4000.0,176435.0,219530.0,6500.0,81000.0,,88340.0,270000.0,658.0,1365517.0,12775.0,260.0,2141366.0,65000.0,58184.0,94964.0,91847.0,12000.0,,84369.0,,,6100.0
1984,6702000.0,4400.0,470.0,790000.0,2000.0,1950.0,3400.0,38100.0,26300.0,5454953.0,,57750.0,25.0,175900.0,206560.0,424947.0,460.0,21987.0,58855.0,8501.0,19080.0,,500.0,1245.0,140000.0,3700.0,,133800.0,49800.0,,178500.0,195630.0,88035.0,98794.0,172875.0,157280.0,500522.0,15000.0,138000.0,48465.0,4710.0,,345700.0,,265273.0,180.0,21993.0,5698.0,,200.0,62609.0,801077.0,282000.0,9315.0,43279.0,791800.0,72797.0,7000.0,,87172.0,0.0,35000.0,,136790.0,650.0,74500.0,10700.0,351800.0,156592.0,,6957.0,270.0,,39000.0,2050.0,,,,,,99640.0,66800.0,62220.0,0.0,300.0,123000.0,716506.0,,5.0,833929.0,811942.0,12450.0,1713724.0,584416.0,1860.0,,3016.0,13000.0,7550.0,30000.0,22566.0,41.0,260000.0,1518738.0,330000.0,,,50.0,12600.0,500.0,60558.0,427800.0,271574.0,90000.0,10583.0,871100.0,,5870.0,228900.0,46244.0,313600.0,1226000.0,8200.0,0.0,129112.0,726860.0,4700000.0,,23491000.0,2100.0,110487.0,16040.0,139016.0,38100.0,16102.0,684600.0,,59409.0,32325.0,4587.0,286800.0,,,,53098.0,212048.0,393.0,527000.0,,4721993.0,305000.0,,87434.0,454300.0,600.0,54400.0,6020.0,66400.0,,290.0,15800.0,99380.0,70.0,4000.0,175126.0,209575.0,6500.0,96000.0,,82530.0,280000.0,660.0,1326994.0,21055.0,260.0,1873950.0,65000.0,58184.0,96483.0,94251.0,12000.0,,79050.0,,,6150.0
1985,6523000.0,4000.0,470.0,970000.0,2150.0,2000.0,3600.0,46800.0,24300.0,5453888.0,,58310.0,20.0,190700.0,228864.0,411385.0,480.0,22666.0,67618.0,8149.0,10000.0,,1400.0,1521.0,140000.0,3700.0,,126100.0,45810.0,,178500.0,222373.0,97496.0,100361.0,214932.0,155233.0,556544.0,15000.0,110000.0,44806.0,4008.0,,379260.0,,246155.0,180.0,19123.0,5390.0,,200.0,65090.0,824365.0,216770.0,9500.0,41261.0,777500.0,89406.0,7000.0,,86252.0,0.0,39000.0,,148900.0,650.0,126836.0,11250.0,359000.0,157330.0,,7199.0,285.0,,43500.0,2260.0,,,,,,144700.0,70365.0,84481.0,0.0,290.0,102000.0,720026.0,,2.0,912196.0,889530.0,15140.0,1827469.0,684756.0,1800.0,,4400.0,13418.0,8346.0,30000.0,32000.0,50.0,270000.0,1573269.0,335000.0,,,55.0,12800.0,500.0,52772.0,393800.0,300239.0,84000.0,12974.0,884260.0,,6125.0,254500.0,42313.0,323900.0,1525000.0,8300.0,0.0,125371.0,732520.0,4400000.0,,23131100.0,2100.0,91380.0,24950.0,190791.0,41400.0,14537.0,278000.0,,61110.0,36455.0,4658.0,357300.0,,,,121316.0,192649.0,400.0,465442.0,,4419123.0,434000.0,,84700.0,523100.0,718.0,54560.0,6020.0,67600.0,,300.0,16600.0,87470.0,72.0,3500.0,190760.0,226128.0,6500.0,137000.0,,72310.0,277000.0,660.0,1413478.0,24117.0,200.0,1966932.0,65000.0,60184.0,104643.0,56374.0,12000.0,,84518.0,,,6200.0
1986,6723000.0,2500.0,402.0,1000000.0,2500.0,2000.0,4000.0,28900.0,25300.0,5629705.0,,60970.0,20.0,313900.0,223986.0,417901.0,480.0,28238.0,74807.0,8431.0,20506.0,,3700.0,2864.0,150000.0,3800.0,,128431.0,43697.0,,165500.0,165822.0,119779.0,74421.0,163186.0,218935.0,587091.0,15000.0,205600.0,42312.0,3847.0,,354960.0,,93161.0,150.0,15090.0,3820.0,,200.0,73845.0,624354.0,239780.0,9830.0,56499.0,737840.0,130372.0,7400.0,,92636.0,0.0,26000.0,,155250.0,650.0,144595.0,11775.0,368977.0,155920.0,,8440.0,310.0,,39500.0,1770.0,,,,,,113800.0,52279.0,88366.0,0.0,280.0,120000.0,736268.0,,3.0,1267728.0,1239490.0,14180.0,1746876.0,570900.0,2800.0,,4500.0,13250.0,19683.0,30000.0,27668.0,69.0,280000.0,1602541.0,342000.0,,,60.0,13000.0,500.0,67430.0,400500.0,309722.0,78000.0,5905.0,819780.0,,6462.0,355600.0,50420.0,333000.0,1525000.0,8400.0,0.0,131021.0,770940.0,4400000.0,,24189200.0,2100.0,98161.0,31548.0,194424.0,39500.0,20445.0,296400.0,,61981.0,40875.0,6600.0,369300.0,,,,118207.0,178442.0,400.0,535491.0,,4415090.0,511950.0,,93150.0,512500.0,962.0,54580.0,6120.0,68800.0,,300.0,17444.0,80216.0,73.0,3000.0,180363.0,258780.0,6500.0,149000.0,,99680.0,295000.0,660.0,1718781.0,23570.0,270.0,1985550.0,65000.0,60184.0,108135.0,62224.0,12000.0,,84613.0,,,6000.0
1987,6423000.0,2200.0,418.0,1060000.0,2200.0,2000.0,4100.0,48300.0,30600.0,5342459.0,,62510.0,20.0,544800.0,218100.0,430437.0,495.0,39304.0,66241.0,8297.0,49648.0,,4000.0,5864.0,150000.0,3800.0,,121303.0,45085.0,,174500.0,150237.0,141605.0,86251.0,241361.0,172539.0,502206.0,15000.0,160200.0,60414.0,4172.0,,354940.0,,92467.0,190.0,13483.0,3767.0,,200.0,67650.0,765686.0,247750.0,10310.0,52183.0,721825.0,210794.0,7800.0,,96716.0,0.0,29000.0,,159990.0,655.0,203604.0,14542.0,394612.0,168260.0,,7810.0,330.0,,39000.0,1870.0,,,,,,113400.0,65063.0,89432.0,0.0,260.0,127000.0,668614.0,,3.0,1655958.0,1616654.0,12200.0,1895990.0,505576.0,3500.0,,5300.0,14790.0,23637.0,30000.0,24703.0,80.0,280000.0,1800800.0,348000.0,,,65.0,13800.0,510.0,70753.0,383500.0,299578.0,74000.0,8232.0,733102.0,,6583.0,507900.0,60077.0,317600.0,1616000.0,8500.0,0.0,132322.0,822668.0,4400000.0,,22520800.0,2200.0,75519.0,47383.0,198158.0,52300.0,16681.0,296000.0,,62126.0,24700.0,7600.0,381300.0,,,,72080.0,174873.0,400.0,502000.0,,4413483.0,448300.0,,93900.0,540600.0,1354.0,55600.0,6320.0,70000.0,,300.0,33094.0,87189.0,74.0,3000.0,183911.0,188903.0,6500.0,207600.0,,67620.0,296000.0,670.0,2047680.0,23980.0,270.0,2027356.0,65000.0,61184.0,106265.0,63100.0,12000.0,,88512.0,,,6000.0
1988,6426000.0,2500.0,420.0,1328000.0,2200.0,2000.0,4200.0,39700.0,31800.0,5903757.0,,67270.0,25.0,457100.0,225000.0,369648.0,505.0,26672.0,78915.0,6751.0,42840.0,,4000.0,4088.0,132000.0,3900.0,,109700.0,38798.0,,164727.0,302638.0,164987.0,108836.0,297328.0,149205.0,561045.0,15000.0,112200.0,46350.0,2881.0,,330000.0,,87774.0,200.0,10412.0,3717.0,,200.0,64100.0,724950.0,293220.0,9060.0,51380.0,736951.0,176274.0,8100.0,,97641.0,0.0,44000.0,,135500.0,655.0,146927.0,15278.0,399256.0,137180.0,,7760.0,345.0,,35000.0,2270.0,,,,,,70114.0,66684.0,91100.0,0.0,260.0,120000.0,630455.0,,4.0,1511178.0,1484506.0,12450.0,1433095.0,526046.0,3500.0,,1910.0,14463.0,17550.0,30000.0,30592.0,145.0,285000.0,1935194.0,350000.0,,,70.0,13800.0,510.0,73198.0,437000.0,339187.0,46481.0,8462.0,838437.0,,6690.0,570900.0,54105.0,329800.0,1662000.0,8800.0,0.0,127442.0,655070.0,4147000.0,,21970900.0,2200.0,107288.0,43700.0,165650.0,50900.0,28652.0,309900.0,0.0,65171.0,18010.0,9691.0,370800.0,,,,71287.0,166185.0,3517.0,584000.0,,4157412.0,570000.0,,91910.0,494200.0,1300.0,56670.0,6000.0,71200.0,,300.0,33100.0,89008.0,75.0,3000.0,194920.0,212705.0,6500.0,260600.0,,107590.0,298000.0,670.0,2237438.0,26003.0,280.0,2062920.0,65000.0,61184.0,108170.0,63300.0,12000.0,,98089.0,,,6000.0
1989,6058000.0,2700.0,493.0,1641740.0,2200.0,2000.0,4000.0,42000.0,31800.0,5311094.0,,64019.0,25.0,304200.0,229400.0,325715.0,570.0,21031.0,81228.0,6125.0,47970.0,,4000.0,3510.0,132000.0,3900.0,,116700.0,35131.0,,155500.0,176725.0,186220.0,112834.0,281331.0,215283.0,617669.0,15000.0,168300.0,44756.0,2376.0,,300200.0,,90490.0,200.0,11310.0,3642.0,,200.0,64350.0,866426.0,292230.0,9470.0,62930.0,737001.0,152584.0,8400.0,,104718.0,0.0,26000.0,,101040.0,655.0,122573.0,16051.0,377380.0,106970.0,,7210.0,345.0,,35000.0,1970.0,,,,,,98130.0,63135.0,95132.0,0.0,245.0,117500.0,518435.0,,5.0,1344155.0,1323124.0,19150.0,1945709.0,555379.0,4593.0,,2000.0,15921.0,18665.0,31000.0,44833.0,55.0,285000.0,2210838.0,350000.0,,,73.0,16000.0,500.0,86330.0,467000.0,385602.0,54823.0,7605.0,753990.0,,6566.0,668859.0,45896.0,333900.0,1763000.0,9000.0,0.0,126689.0,780440.0,4180000.0,,23374800.0,2250.0,83845.0,27000.0,116970.0,54000.0,19416.0,311300.0,0.0,68187.0,16230.0,9180.0,304900.0,,,,65409.0,162557.0,2053.0,625785.0,,4191310.0,540000.0,,93800.0,502900.0,1500.0,57720.0,6220.0,71800.0,,300.0,33000.0,92348.0,76.0,2700.0,198014.0,175850.0,6900.0,214600.0,,105700.0,290000.0,670.0,2167261.0,24080.0,290.0,1484028.0,70000.0,62184.0,99729.0,63208.0,12000.0,,87340.0,,,6000.0
1990,5445900.0,3100.0,811.0,1462987.0,2250.0,2102.0,4200.0,43000.0,29200.0,4783025.0,,62650.0,23.0,313900.0,285191.0,318713.0,600.0,20147.0,92792.0,6752.0,45824.0,,4000.0,3991.0,121000.0,4000.0,,119686.0,32986.0,,150300.0,242712.0,147834.0,103071.0,255412.0,145526.0,480879.0,15241.0,150000.0,39507.0,2345.0,,308459.0,,84475.0,180.0,10530.0,3617.0,,183.0,65159.0,860927.0,277350.0,10486.0,63660.0,734251.0,111010.0,8880.0,,105652.0,-1.0,25000.0,,107570.0,732.0,114354.0,16825.0,452941.0,92162.0,,9389.0,385.0,,33465.0,1780.0,,,,,,113430.0,54699.0,101257.0,7400.0,250.0,122138.0,673748.0,,6.0,1413214.0,1393067.0,21739.0,1865114.0,480902.0,3960.0,,1912.0,15602.0,26435.0,32000.0,49274.0,83.0,290112.0,2604328.0,353000.0,,,75.0,16380.0,443.0,74570.0,509220.0,317951.0,49656.0,8894.0,760180.0,,7188.0,726403.0,37172.0,349094.0,1936832.0,9200.0,-1.0,109968.0,959090.0,3794000.0,,23415000.0,2289.0,96629.0,16200.0,149910.0,49866.0,16335.0,129442.0,-1.0,69193.0,22175.0,12368.0,312822.0,,,,45754.0,151917.0,1556.0,636915.0,,3804530.0,445600.0,,94300.0,516226.0,1835.0,58750.0,6502.0,72730.0,,307.0,50800.0,90945.0,78.0,2906.0,181414.0,259450.0,7300.0,219700.0,,112700.0,296291.0,680.0,2270839.0,31310.0,270.0,2268077.0,71127.0,62484.0,100060.0,64327.0,12193.0,,92064.0,,,6097.0
1991,4948500.0,11200.0,500.0,1580066.0,2169.0,1966.0,4269.0,47118.0,22192.0,5546508.0,,77420.0,30.0,534040.0,230361.0,299959.0,600.0,21732.0,109760.0,6756.0,45345.0,,3200.0,6132.0,132000.0,4019.0,,92370.0,33026.0,,152100.0,248727.0,127636.0,99799.0,166391.0,199745.0,980790.0,12726.0,155000.0,25787.0,2012.0,,285000.0,,83787.0,185.0,7575.0,3572.0,,191.0,95043.0,901069.0,273210.0,11595.0,69580.0,725368.0,74862.0,9077.0,,113664.0,-1.0,27000.0,,129650.0,814.0,98876.0,18010.0,424100.0,104555.0,,7941.0,407.0,,36000.0,1652.0,,,,,,138547.0,54092.0,97264.0,7715.0,231.0,133349.0,829958.0,,8.0,1770525.0,1748793.0,20873.0,1859290.0,468616.0,3379.0,,1530.0,15014.0,28940.0,33000.0,39019.0,120.0,295617.0,2647263.0,355000.0,,,30.0,19000.0,440.0,81420.0,458136.0,330045.0,47930.0,7899.0,837688.0,,6766.0,697574.0,36873.0,405877.0,1975926.0,9500.0,-1.0,116336.0,905260.0,2122000.0,,24662000.0,2500.0,112223.0,10000.0,164550.0,45650.0,18173.0,81158.0,-1.0,67244.0,19775.0,6652.0,364111.0,,,,51073.0,150157.0,1500.0,648507.0,,2129575.0,652917.0,,103350.0,455774.0,2150.0,58760.0,6115.0,73283.0,,373.0,47300.0,78241.0,75.0,6968.0,173213.0,236990.0,7500.0,223000.0,,112420.0,291700.0,680.0,2149912.0,28674.0,300.0,2158497.0,71914.0,66084.0,121640.0,68409.0,5349.0,,82307.0,,,4000.0
1992,,16300.0,471.0,1748683.0,2122.0,2028.0,4300.0,38000.0,27480.0,5241758.0,,79170.0,26.0,596500.0,217183.0,246266.0,601.0,26181.0,71575.0,6888.0,40110.0,71300.0,2600.0,4980.0,135000.0,4050.0,,100827.0,29924.0,12831.0,156058.0,537905.0,123167.0,92163.0,225829.0,,1120828.0,12621.0,150000.0,26600.0,2046.0,150000.0,300000.0,18059.0,64605.0,190.0,6988.0,2492.0,1700.0,180.0,101663.0,874857.0,267760.0,12100.0,63160.0,718854.0,54991.0,9379.0,6700.0,116221.0,-1.0,24000.0,1601.0,116630.0,818.0,118124.0,18800.0,401000.0,102457.0,,6495.0,420.0,118000.0,37000.0,1352.0,,,9500.0,30585.0,2256600.0,128848.0,54601.0,70186.0,7667.0,233.0,101976.0,1052890.0,,9.0,1802056.0,1775875.0,26627.0,1707000.0,399753.0,3403.0,,1553.0,15762.0,38508.0,32000.0,54571.0,150.0,260000.0,3911572.0,345266.0,7122.0,,40.0,20000.0,360.0,83090.0,564450.0,352048.0,58705.0,9976.0,856510.0,400.0,6839.0,728191.0,31198.0,416186.0,2859729.0,8846.0,-1.0,99808.0,741780.0,2012500.0,14007.0,22542000.0,3970.0,122577.0,8000.0,160980.0,98516.0,7975.0,68986.0,-1.0,65569.0,32550.0,6302.0,375063.0,,,,73986.0,133914.0,2473.0,678000.0,11000.0,2019488.0,650666.0,38783.0,95600.0,463055.0,2790.0,62792.0,6339.0,64768.0,1600.0,385.0,57700.0,70191.0,76.0,4851.0,211693.0,229510.0,7100.0,208000.0,6600.0,100730.0,301100.0,670.0,2047902.0,28018.0,310.0,1421150.0,71638.0,69384.0,155617.0,69600.0,6073.0,13095.0,56486.0,,1276522.0,3000.0
1993,,12700.0,464.0,1533490.0,2200.0,2100.0,4400.0,45000.0,26834.0,3930103.0,,74340.0,26.0,879800.0,210111.0,210609.0,590.0,22508.0,83370.0,6095.0,38511.0,70500.0,2500.0,7626.0,138000.0,4100.0,,188600.0,29141.0,12416.0,127139.0,585047.0,98816.0,100478.0,232987.0,,1047558.0,12517.0,145000.0,27323.0,1882.0,130000.0,202000.0,20775.0,64558.0,215.0,6018.0,2175.0,1000.0,200.0,104115.0,931303.0,320110.0,12225.0,59030.0,713115.0,73241.0,9657.0,2800.0,105369.0,-1.0,20830.0,1840.0,89340.0,779.0,120536.0,18950.0,406900.0,100930.0,80613.0,8210.0,750.0,99000.0,41647.0,1524.0,,-1.0,11200.0,20500.0,2039970.0,127060.0,65222.0,59410.0,7659.0,205.0,89497.0,1311532.0,62262.0,10.0,1881681.0,1859173.0,23810.0,1694367.0,363560.0,4113.0,739410.0,1577.0,15177.0,38489.0,33216.0,53737.0,190.0,291000.0,3320367.0,324897.0,6496.0,,35.0,22000.0,295.0,81520.0,532490.0,217045.0,50565.0,12679.0,,400.0,6999.0,753586.0,28939.0,423515.0,3185209.0,9123.0,-1.0,113717.0,781590.0,2922000.0,13894.0,22498500.0,4000.0,133132.0,5500.0,141690.0,102270.0,6310.0,66344.0,-1.0,65632.0,41910.0,7091.0,384048.0,,,90827.0,118770.0,124393.0,4890.0,700000.0,8000.0,2928018.0,584059.0,39480.0,99650.0,336185.0,2520.0,62352.0,6452.0,66257.0,900.0,397.0,54668.0,70769.0,77.0,8445.0,160182.0,196660.0,7300.0,244000.0,7000.0,114628.0,317622.0,670.0,1976549.0,26690.0,350.0,2032869.0,71363.0,71789.0,,55395.0,6792.0,10580.0,45130.0,,1237000.0,2000.0
1994,,6200.0,459.0,1625400.0,2015.0,2300.0,4500.0,53700.0,26673.0,5546941.0,,74270.0,25.0,1158520.0,188322.0,356333.0,585.0,21480.0,117579.0,6375.0,39547.0,64800.0,2000.0,6409.0,312000.0,4125.0,-1.0,101265.0,26767.0,10169.0,112424.0,179062.0,63613.0,81859.0,231563.0,,946311.0,12414.0,140000.0,27600.0,1310.0,121300.0,48800.0,20067.0,61764.0,200.0,6365.0,2370.0,3000.0,189.0,93402.0,928414.0,333435.0,12565.0,56866.0,709760.0,76400.0,9996.0,2800.0,111671.0,-1.0,26000.0,2075.0,87460.0,739.0,101585.0,19257.0,410973.0,111292.0,68697.0,8012.0,780.0,105000.0,46553.0,1534.0,,-1.0,13200.0,23653.0,1958420.0,102472.0,77281.0,49741.0,7653.0,205.0,99310.0,1309183.0,69633.0,11.0,2251014.0,2229534.0,22750.0,1674731.0,384441.0,3628.0,866546.0,1600.0,15017.0,48616.0,33000.0,52466.0,226.0,328000.0,3021624.0,340000.0,3414.0,,31.0,21000.0,193.0,97980.0,462715.0,158995.0,55177.0,8894.0,,760.0,7290.0,688954.0,25869.0,433005.0,3126629.0,9467.0,-1.0,118543.0,871590.0,3513500.0,13844.0,22131700.0,3808.0,154688.0,5100.0,156587.0,114522.0,12773.0,66663.0,-1.0,71328.0,56325.0,7235.0,302100.0,,,71049.0,91848.0,105111.0,4614.0,727801.0,8000.0,3519865.0,519778.0,42682.0,113080.0,360700.0,2520.0,57650.0,6460.0,69250.0,689.0,405.0,48920.0,72860.0,78.0,6925.0,191964.0,208450.0,7500.0,228000.0,5700.0,112898.0,327393.0,670.0,1881498.0,24859.0,320.0,2208648.0,71090.0,74043.0,,49937.0,7506.0,10804.0,49217.0,,1190900.0,3000.0
1995,,4500.0,450.0,1665512.0,1956.0,2500.0,4543.0,55000.0,28339.0,5081315.0,,60620.0,24.0,1227770.0,177012.0,495854.0,591.0,19824.0,68273.0,5619.0,36765.0,53970.0,1500.0,3565.0,250000.0,4150.0,-1.0,136820.0,27339.0,11016.0,88330.0,210036.0,64997.0,93901.0,253676.0,,1109657.0,12311.0,145000.0,21246.0,1506.0,68700.0,190000.0,17959.0,60663.0,190.0,6246.0,410.0,8000.0,175.0,99543.0,982196.0,284910.0,12922.0,56322.0,741360.0,90198.0,10400.0,3000.0,111756.0,-1.0,25150.0,2350.0,95097.0,778.0,74761.0,19525.0,424288.0,106055.0,62261.0,7449.0,787.0,119000.0,51304.0,2211.0,,-1.0,12800.0,27035.0,1791980.0,87046.0,79526.0,53824.0,7574.0,205.0,94900.0,1555646.0,82550.0,14.0,2104356.0,2084532.0,20190.0,1754434.0,382257.0,4774.0,968660.0,1623.0,16321.0,41462.0,32000.0,54174.0,220.0,365000.0,3485846.0,330000.0,3500.0,,25.0,22000.0,195.0,81710.0,404235.0,148045.0,66686.0,12434.0,,3800.0,7518.0,604257.0,27650.0,310492.0,3684991.0,9700.0,-1.0,127465.0,917160.0,3105500.0,14019.0,22782700.0,3700.0,176145.0,3900.0,143311.0,94130.0,7378.0,62772.0,-1.0,77631.0,71500.0,7846.0,350500.0,,,59742.0,97828.0,98007.0,4712.0,757806.0,8000.0,3111746.0,522395.0,49463.0,114640.0,335225.0,2428.0,54026.0,6498.0,62952.0,1000.0,415.0,26019.0,71450.0,80.0,10666.0,157994.0,249740.0,8100.0,195000.0,6300.0,137917.0,321000.0,670.0,1871034.0,27055.0,310.0,2190888.0,70819.0,79858.0,,36227.0,8216.0,10546.0,55575.0,,1084500.0,4000.0
1996,,5700.0,400.0,1018544.0,1700.0,2517.0,4600.0,56000.0,30262.0,4374294.0,,67690.0,20.0,911880.0,161786.0,719300.0,580.0,15579.0,83203.0,5406.0,36688.0,44105.0,1759.0,3495.0,156462.0,4200.0,,198081.0,26270.0,7983.0,122316.0,376040.0,60456.0,95329.0,244220.0,,1363493.0,12209.0,150000.0,18400.0,1445.0,40000.0,264000.0,15501.0,58957.0,170.0,7024.0,329.0,7000.0,165.0,99388.0,1052656.0,290790.0,10499.0,32477.0,698450.0,108770.0,11407.0,3500.0,112010.0,11224.0,26756.0,2220.0,91839.0,711.0,69851.0,20148.0,443201.0,90367.0,51525.0,8391.0,810.0,174000.0,66052.0,2108.0,,-1.0,12800.0,37200.0,1433970.0,126267.0,78024.0,49142.0,7598.0,30.0,95000.0,1835000.0,77845.0,14.0,2060779.0,2045200.0,22740.0,1779657.0,350914.0,5760.0,967460.0,1646.0,14880.0,43349.0,34120.0,53908.0,188.0,375000.0,3093286.0,320000.0,2342.0,,26.0,22454.0,214.0,90778.0,335000.0,146971.0,76652.0,9404.0,,6080.0,7544.0,552373.0,23720.0,359780.0,4103297.0,9900.0,2410.0,145298.0,851980.0,3108963.0,14071.0,22902800.0,3500.0,197603.0,5289.0,144100.0,97065.0,14422.0,67202.0,-1.0,76642.0,90960.0,7554.0,337224.0,,,54271.0,88978.0,79960.0,5039.0,776000.0,9000.0,3115987.0,652650.0,56114.0,129660.0,329800.0,2334.0,62612.0,6567.0,64407.0,2100.0,424.0,35356.0,68250.0,82.0,8625.0,169859.0,263080.0,9000.0,179200.0,5392.0,119439.0,325000.0,670.0,1875571.0,25667.0,330.0,2249980.0,70550.0,84336.0,,37191.0,8922.0,10760.0,59235.0,,839500.0,4271.0
1997,,6000.0,500.0,1072508.0,2700.0,2600.0,4645.0,57000.0,28284.0,4473031.0,,82985.0,23.0,1277300.0,166567.0,574685.0,592.0,15950.0,83000.0,4704.0,35000.0,46774.0,1600.0,4199.0,176492.0,4250.0,,182357.0,26591.0,11402.0,126942.0,289606.0,62036.0,58178.0,258974.0,,1033722.0,12141.0,155000.0,33400.0,958.0,26900.0,272087.0,18318.0,54876.0,180.0,6114.0,537.0,6000.0,177.0,105540.0,1063803.0,289440.0,9810.0,44159.0,690136.0,146144.0,11419.0,4300.0,122401.0,8878.0,27420.0,1950.0,67741.0,790.0,95600.0,14968.0,462646.0,80044.0,34611.0,7349.0,900.0,259000.0,50288.0,1910.0,,-1.0,9000.0,55661.0,1139000.0,81199.0,81630.0,47820.0,7625.0,30.0,78397.0,1876898.0,70993.0,15.0,2375750.0,2359800.0,21910.0,1734427.0,324109.0,5788.0,890050.0,2169.0,15495.0,30000.0,30951.0,57137.0,198.0,393102.0,3368543.0,310000.0,1321.0,,25.0,23000.0,206.0,86029.0,297000.0,144929.0,75943.0,7641.0,,8708.0,7770.0,629269.0,22541.0,368947.0,4113550.0,9900.0,2328.0,146467.0,899830.0,2817350.0,14906.0,22783600.0,3500.0,219062.0,4200.0,144070.0,106065.0,18210.0,52795.0,-1.0,76217.0,115768.0,7158.0,329408.0,,,50403.0,88361.0,75414.0,4936.0,796000.0,10000.0,2823464.0,471934.0,51045.0,133680.0,396360.0,3305.0,67572.0,6585.0,65337.0,5000.0,434.0,53683.0,65927.0,88.0,7914.0,177464.0,292103.0,10500.0,196800.0,5095.0,134507.0,341941.0,670.0,1750155.0,31655.0,325.0,1786910.0,70283.0,88935.0,,32886.0,29622.0,9320.0,51947.0,,635300.0,5000.0
1998,,4900.0,900.0,1082315.0,1794.0,2626.0,4700.0,55000.0,28117.0,3332357.0,,78050.0,23.0,1587800.0,148759.0,505800.0,594.0,21200.0,78822.0,3843.0,27525.0,54100.0,1500.0,4043.0,213021.0,4300.0,,157906.0,26510.0,12702.0,104666.0,317686.0,63301.0,64973.0,314043.0,,958933.0,12220.0,155677.0,50100.0,744.0,36700.0,263673.0,15604.0,51192.0,200.0,5772.0,780.0,4357.0,178.0,106578.0,1094905.0,289525.0,9235.0,37118.0,648926.0,195315.0,11917.0,6346.0,132333.0,8798.0,16463.0,1760.0,70774.0,752.0,106600.0,10713.0,484274.0,77985.0,36441.0,7764.0,1064.0,268100.0,44600.0,1366.0,,-1.0,9338.0,65900.0,893000.0,81617.0,66433.0,43882.0,7700.0,30.0,69743.0,1794806.0,77551.0,17.0,2401000.0,2379800.0,17710.0,1726000.0,337755.0,6684.0,1016310.0,2192.0,15767.0,28000.0,30747.0,62468.0,218.0,402000.0,3798045.0,330000.0,1445.0,,25.0,23418.0,202.0,79278.0,341564.0,148923.0,199411.0,7510.0,,6367.0,8251.0,632355.0,22430.0,378148.0,5131751.0,10127.0,2321.0,156063.0,977090.0,3170520.0,14328.0,22210500.0,3600.0,240721.0,3831.0,154189.0,103240.0,14981.0,44000.0,-1.0,76583.0,102633.0,7500.0,329300.0,,,58282.0,123728.0,75658.0,7300.0,816100.0,7183.0,3176292.0,704815.0,52359.0,141213.0,419650.0,2866.0,73550.0,6608.0,65291.0,6900.0,443.0,60643.0,60684.0,95.0,3850.0,191662.0,301810.0,10386.0,213200.0,6055.0,188600.0,357500.0,723.0,1657770.0,29168.0,340.0,2240131.0,70202.0,93223.0,,32369.0,31814.0,10838.0,51319.0,,555900.0,5051.0
1999,,4800.0,800.0,1220412.0,1701.0,2700.0,4800.0,56000.0,30309.0,4180646.0,,74410.0,23.0,1615900.0,152503.0,503937.0,605.0,17326.0,111646.0,3735.0,22699.0,59400.0,1451.0,3398.0,189542.0,4500.0,,143784.0,26328.0,13212.0,106951.0,311178.0,59503.0,63410.0,238546.0,,934737.0,13000.0,150000.0,30922.0,821.0,17400.0,255011.0,15683.0,38968.0,196.0,5731.0,160.0,4000.0,180.0,101130.0,1148180.0,284962.0,8648.0,36250.0,509177.0,189912.0,12216.0,3500.0,130034.0,4827.0,26747.0,1859.0,55031.0,744.0,65700.0,10370.0,445840.0,72640.0,33606.0,8037.0,1478.0,238000.0,40493.0,1919.0,,,10174.0,49500.0,844200.0,92408.0,70179.0,37402.0,8100.0,30.0,100186.0,2160777.0,78888.0,13.0,2239126.0,2221800.0,17400.0,1679787.0,358956.0,6713.0,994250.0,2265.0,15535.0,32000.0,29847.0,51079.0,227.0,190000.0,3842588.0,326058.0,312.0,,28.0,24000.0,188.0,77371.0,300000.0,149481.0,80667.0,3842.0,,2922.0,8328.0,506265.0,21006.0,366686.0,3621902.0,10500.0,2500.0,156219.0,955980.0,3228000.0,14586.0,21901600.0,3700.0,277277.0,4048.0,145950.0,92450.0,19175.0,45849.0,-1.0,76604.0,88762.0,7500.0,284000.0,,,48744.0,170363.0,77623.0,4200.0,841200.0,10400.0,3233731.0,672335.0,47404.0,151980.0,382630.0,2950.0,77424.0,6590.0,68720.0,6600.0,453.0,48333.0,58519.0,90.0,5000.0,166373.0,353430.0,10855.0,202500.0,5273.0,206115.0,336839.0,670.0,1582795.0,32265.0,470.0,1882781.0,66377.0,96682.0,,28526.0,33657.0,7983.0,43687.0,,493000.0,5288.0
2000,,5200.0,1011.0,1151029.0,1700.0,2832.0,5000.0,57000.0,30309.0,4374960.0,,79030.0,24.0,2355500.0,146316.0,457184.0,605.0,20500.0,120706.0,2972.0,37780.0,50501.0,1411.0,,194861.0,4300.0,,151341.0,24938.0,10567.0,103161.0,283144.0,32865.0,63070.0,269436.0,,1015511.0,10000.0,136261.0,28727.0,786.0,21000.0,363198.0,14961.0,37030.0,220.0,6258.0,157.0,4755.0,181.0,100660.0,1171955.0,285556.0,8080.0,30827.0,495822.0,161847.0,12214.0,2100.0,139695.0,6164.0,22895.0,2024.0,61310.0,777.0,36183.0,9447.0,460712.0,63270.0,21309.0,9841.0,1804.0,198000.0,42687.0,1244.0,,,7969.0,39700.0,800500.0,94229.0,66460.0,33702.0,8500.0,38.0,102637.0,2343066.0,77910.0,13.0,2245500.0,2225000.0,18176.0,1565010.0,334981.0,9145.0,1127450.0,2329.0,15290.0,35000.0,31872.0,51450.0,80.0,200000.0,2563993.0,360000.0,322.0,,30.0,24209.0,170.0,69740.0,341227.0,141084.0,158705.0,3496.0,,3892.0,8874.0,470674.0,20974.0,361773.0,3694004.0,10700.0,2551.0,191902.0,856242.0,3353290.0,14902.0,19471600.0,3796.0,294405.0,3000.0,147700.0,105722.0,19847.0,41300.0,-1.0,75909.0,105772.0,7480.0,259800.0,2100.0,431.0,40055.0,146826.0,78497.0,1500.0,876300.0,7300.0,3359548.0,321489.0,51106.0,159280.0,367175.0,2580.0,62025.0,6850.0,68550.0,9900.0,464.0,44052.0,56995.0,91.0,4500.0,145628.0,295100.0,11807.0,207600.0,7296.0,222598.0,344400.0,675.0,1542107.0,31134.0,520.0,1683491.0,65000.0,98168.0,,25918.0,35195.0,7739.0,40231.0,,372400.0,5500.0
2001,,5400.0,1420.0,1240739.0,2232.0,2900.0,5400.0,62000.0,26067.0,3476589.0,,85179.0,24.0,2591700.0,146172.0,459322.0,606.0,13500.0,76387.0,2804.0,29000.0,51206.0,1250.0,,222370.0,4500.0,,150930.0,24631.0,8474.0,107450.0,298656.0,32004.0,69777.0,292590.0,,1144700.0,13000.0,203000.0,30684.0,795.0,26000.0,376091.0,15115.0,36104.0,219.0,5081.0,172.0,5000.0,181.0,100931.0,1362947.0,285497.0,7479.0,23312.0,470729.0,188553.0,12420.0,2960.0,137727.0,6445.0,27108.0,1806.0,59857.0,723.0,32642.0,8738.0,533369.0,59600.0,14085.0,9163.0,2130.0,189100.0,43189.0,2360.0,,,9652.0,36700.0,910700.0,90288.0,75798.0,29659.0,8900.0,45.0,107006.0,2547272.0,84098.0,12.0,2129700.0,2116200.0,20240.0,1514704.0,352892.0,9793.0,1420800.0,2328.0,16360.0,36500.0,33500.0,52679.0,80.0,205000.0,3588072.0,360000.0,362.0,,31.0,24507.0,160.0,78666.0,315423.0,109181.0,214293.0,2825.0,,3648.0,9751.0,483948.0,20099.0,353655.0,3733059.0,11192.0,2611.0,171765.0,718447.0,3784000.0,11412.0,18619800.0,3904.0,317033.0,3700.0,148200.0,103249.0,20182.0,35600.0,-1.0,73968.0,164987.0,6819.0,298524.0,2000.0,793.0,38224.0,91047.0,79484.0,1900.0,908624.0,7300.0,3789081.0,855376.0,50525.0,173140.0,367378.0,2924.0,66200.0,6850.0,69653.0,15800.0,458.0,41356.0,59696.0,92.0,5000.0,174098.0,278030.0,12025.0,275400.0,7694.0,230100.0,340000.0,680.0,1560875.0,30750.0,540.0,1932774.0,70000.0,104455.0,,21860.0,36772.0,7752.0,20239.0,,392400.0,5416.0
2002,,5100.0,1093.0,1297005.0,2094.0,2950.0,5284.0,63705.0,24728.0,4175445.0,,83203.0,24.0,1697400.0,139243.0,551384.0,606.0,11425.0,139643.0,2424.0,28500.0,57000.0,1374.0,,239600.0,4569.0,,171944.0,24449.0,13486.0,120522.0,334206.0,27330.0,80919.0,286785.0,,1095301.0,11974.0,361200.0,32676.0,811.0,22474.0,389230.0,14638.0,36419.0,225.0,5067.0,338.0,7900.0,182.0,101207.0,1549157.0,307038.0,6943.0,22088.0,474498.0,172129.0,11938.0,2500.0,162821.0,6412.0,35174.0,1720.0,49252.0,688.0,40400.0,11165.0,546609.0,62287.0,15089.0,11608.0,2345.0,158000.0,43709.0,3084.0,,,10458.0,36200.0,1051100.0,84870.0,79763.0,24847.0,9200.0,57.0,69440.0,2851360.0,69972.0,12.0,2046472.0,2035047.0,19662.0,1510704.0,330440.0,8500.0,1148333.0,2383.0,17614.0,41000.0,35000.0,49612.0,85.0,674100.0,3965395.0,365000.0,513.0,,31.0,24734.0,170.0,89473.0,345874.0,100196.0,115432.0,4196.0,,2371.0,9359.0,438810.0,18410.0,346657.0,3783069.0,11958.0,2400.0,175182.0,941511.0,3821500.0,13749.0,21435500.0,4063.0,329334.0,3338.0,150300.0,100227.0,18548.0,42661.0,-1.0,72416.0,198216.0,6004.0,320200.0,1800.0,767.0,34189.0,132958.0,75068.0,1700.0,946810.0,12000.0,3826567.0,766335.0,51893.0,183600.0,437615.0,3989.0,72500.0,6990.0,70248.0,21015.0,421.0,45020.0,57292.0,87.0,6000.0,166757.0,279740.0,12630.0,249000.0,7893.0,249498.0,331408.0,690.0,1595353.0,35891.0,545.0,2246010.0,70008.0,104465.0,,23030.0,37691.0,7811.0,18317.0,,424800.0,5435.0
2003,,4100.0,700.0,1315037.0,1951.0,3000.0,5328.0,65000.0,24341.0,4127786.0,,83878.0,24.0,1877600.0,146666.0,572795.0,616.0,10911.0,104216.0,2465.0,28000.0,46004.0,1300.0,,232408.0,4659.0,,152415.0,23370.0,15056.0,135300.0,346724.0,25843.0,74012.0,295981.0,,1013637.0,12322.0,370400.0,29606.0,802.0,28710.0,391251.0,15187.0,36751.0,223.0,5446.0,328.0,8000.0,190.0,101587.0,1472171.0,308736.0,6238.0,20847.0,451842.0,206908.0,12440.0,2900.0,143250.0,6373.0,43335.0,1923.0,47637.0,702.0,31400.0,9814.0,572393.0,68147.0,18512.0,9734.0,2482.0,156971.0,39300.0,2095.0,,,10333.0,21600.0,1131800.0,93395.0,86466.0,38238.0,5500.0,50.0,73906.0,2932865.0,58693.0,11.0,1746352.0,1735441.0,23061.0,1582204.0,310680.0,8280.0,1164369.0,2405.0,17739.0,44000.0,36000.0,49510.0,80.0,795000.0,4180388.0,350000.0,718.0,,30.0,25000.0,175.0,90373.0,313588.0,108500.0,235571.0,2605.0,,4449.0,9058.0,468494.0,14754.0,357120.0,3842826.0,11500.0,2383.0,172502.0,796997.0,3586500.0,12728.0,21922500.0,4281.0,341328.0,5575.0,149700.0,106779.0,20245.0,47441.0,-1.0,71515.0,193591.0,5634.0,297578.0,2349.0,700.0,31050.0,145849.0,80950.0,2800.0,965003.0,10800.0,3591946.0,1030189.0,50193.0,176167.0,415079.0,4982.0,84650.0,7080.0,71540.0,19122.0,220.0,47329.0,55387.0,90.0,6393.0,144147.0,209990.0,13527.0,235000.0,8425.0,289067.0,338900.0,720.0,1513650.0,44814.0,550.0,2061465.0,70043.0,106548.0,,25850.0,39110.0,7877.0,22980.0,,479400.0,5500.0
2004,,2700.0,500.0,1213422.0,1832.0,3200.0,5500.0,67000.0,24330.0,4018796.0,,87043.0,25.0,2125500.0,144887.0,577596.0,616.0,11804.0,103523.0,2126.0,27000.0,38018.0,1311.0,,332332.0,4712.0,,164153.0,23003.0,25137.0,140200.0,340506.0,23937.0,61244.0,268022.0,,930143.0,11963.0,370542.0,33866.0,873.0,29817.0,351525.0,14873.0,36467.0,213.0,4783.0,225.0,5000.0,177.0,102020.0,1330692.0,287203.0,5290.0,16347.0,399020.0,177529.0,12449.0,2500.0,148615.0,6569.0,37199.0,1984.0,51689.0,705.0,26700.0,8149.0,546523.0,72207.0,16625.0,8360.0,2591.0,167424.0,39000.0,1682.0,,,17155.0,30500.0,1167500.0,93813.0,88409.0,51464.0,7222.0,67.0,75733.0,2986400.0,75787.0,11.0,1758296.0,1746492.0,23430.0,1525204.0,256760.0,6981.0,1330931.0,2550.0,16620.0,48509.0,36500.0,35936.0,85.0,898600.0,2803639.0,360000.0,770.0,,30.0,25250.0,180.0,79264.0,320070.0,98566.0,99202.0,3749.0,,4345.0,9230.0,458579.0,14467.0,392001.0,4104275.0,11582.0,2279.0,169458.0,856730.0,3217300.0,13106.0,22969900.0,4626.0,353764.0,5501.0,153800.0,112201.0,12026.0,72304.0,-1.0,72960.0,118657.0,5693.0,280026.0,2287.0,608.0,29056.0,188543.0,80761.0,2600.0,998424.0,10700.0,3222083.0,646628.0,50032.0,190268.0,429836.0,4600.0,92950.0,6960.0,74392.0,20247.0,235.0,44525.0,54963.0,87.0,6757.0,134861.0,150162.0,14040.0,242080.0,9316.0,231648.0,332964.0,689.0,1326350.0,46707.0,500.0,1790271.0,69842.0,99261.0,,18270.0,40194.0,7556.0,16653.0,,367000.0,6500.0
2005,,3700.0,300.0,1351621.0,1780.0,3250.0,5000.0,67583.0,23199.0,3785169.0,,85556.0,25.0,2296600.0,157675.0,564902.0,616.0,14000.0,117806.0,1781.0,26750.0,40974.0,1306.0,,351560.0,4822.0,,176003.0,23816.0,21587.0,161200.0,327814.0,22300.0,59087.0,286907.0,,907916.0,11948.0,390000.0,24861.0,899.0,34800.0,347815.0,14790.0,33016.0,200.0,5528.0,288.0,5000.0,174.0,102349.0,1407331.0,288384.0,4981.0,16349.0,381285.0,168800.0,12452.0,2270.0,151351.0,6323.0,54366.0,1848.0,54506.0,690.0,16300.0,7910.0,585708.0,69392.0,16528.0,10261.0,2420.0,148125.0,44646.0,1530.0,,,9446.0,35800.0,1071200.0,92558.0,94920.0,55002.0,7400.0,77.0,75132.0,3129100.0,82317.0,11.0,1624925.0,1610925.0,23318.0,1594804.0,231800.0,7697.0,1380992.0,3514.0,17215.0,48000.0,30000.0,38941.0,85.0,1070800.0,3551664.0,350000.0,2009.0,,30.0,27000.0,181.0,88424.0,320513.0,109138.0,44686.0,4000.0,,4440.0,8580.0,438730.0,12131.0,384571.0,4259717.0,11656.0,2191.0,181350.0,1150251.0,3406900.0,12985.0,22023700.0,4667.0,315524.0,3861.0,153136.0,94821.0,13232.0,70335.0,-1.0,72131.0,27800.0,5343.0,312905.0,2188.0,567.0,39277.0,222293.0,85139.0,3700.0,1016508.0,11300.0,3412428.0,1010809.0,47523.0,212670.0,414349.0,4807.0,97150.0,7083.0,53374.0,24611.0,261.0,42908.0,50061.0,50.0,7097.0,116475.0,179397.0,14330.0,227100.0,9837.0,270255.0,338000.0,730.0,1277100.0,45742.0,520.0,1396764.0,69430.0,109280.0,,21000.0,42677.0,3149.0,13408.0,,401100.0,5000.0
2006,,4200.0,1000.0,1410913.0,1721.0,3300.0,5600.0,65000.0,22283.0,4072917.0,35398.0,87379.0,25.0,2097200.0,153077.0,317546.0,616.0,11300.0,77274.0,1997.0,27250.0,39232.0,1329.0,,320690.0,4693.0,,192196.0,26857.0,16110.0,167609.0,242554.0,22159.0,70059.0,270835.0,,940813.0,12043.0,390993.0,19974.0,939.0,29655.0,388410.0,14343.0,33545.0,210.0,4774.0,300.0,5000.0,171.0,104373.0,1438101.0,284128.0,4890.0,14035.0,339121.0,143800.0,12450.0,1500.0,106672.0,6020.0,75486.0,1969.0,60807.0,680.0,10500.0,7462.0,593345.0,67072.0,17672.0,13815.0,2469.0,151379.0,39300.0,1650.0,,,6500.0,43000.0,1114800.0,100144.0,102195.0,25941.0,5500.0,80.0,83136.0,3347800.0,58960.0,11.0,1763288.0,1751988.0,20544.0,1567800.0,224120.0,7693.0,1268859.0,4310.0,17065.0,48500.0,20000.0,47314.0,75.0,1104100.0,4222520.0,370000.0,3820.0,,33.0,27446.0,190.0,78881.0,311258.0,123124.0,36731.0,3551.0,,4620.0,9933.0,341417.0,10855.0,393322.0,4531000.0,11789.0,2116.0,203053.0,1205207.0,2845000.0,12802.0,22862300.0,4786.0,337551.0,2708.0,267503.0,76740.0,32190.0,75828.0,-1.0,72901.0,28273.0,5919.0,266431.0,1706.0,472.0,41516.0,193923.0,84047.0,4100.0,1039556.0,10100.0,2849774.0,994202.0,,234164.0,443056.0,5359.0,100420.0,6980.0,72530.0,35841.0,298.0,40950.0,42747.0,90.0,7525.0,107124.0,288940.0,14967.0,228200.0,10024.0,228518.0,346235.0,765.0,1251380.0,45162.0,520.0,1875935.0,70500.0,110143.0,,19350.0,44389.0,3140.0,7824.0,980.0,388500.0,5500.0
2007,,4400.0,500.0,1199394.0,1666.0,3400.0,5300.0,70309.0,21726.0,3824804.0,35674.0,81248.0,25.0,2351700.0,163571.0,280112.0,650.0,6693.0,79503.0,1833.0,27000.0,35436.0,1400.0,,420286.0,4521.0,,184575.0,27131.0,21325.0,224600.0,286437.0,24083.0,63035.0,288311.0,,956568.0,13500.0,399642.0,13944.0,881.0,35670.0,395058.0,13735.0,33815.0,220.0,3890.0,310.0,6200.0,168.0,106775.0,1490957.0,290160.0,4890.0,12017.0,311553.0,109007.0,12655.0,1600.0,210325.0,5617.0,65000.0,1993.0,37423.0,670.0,5800.0,6740.0,613748.0,63650.0,14124.0,12052.0,2513.0,97777.0,40000.0,578.0,,,6600.0,40700.0,943600.0,104988.0,105000.0,47969.0,6748.0,77.0,76146.0,3573200.0,49912.0,11.0,1690142.0,1683449.0,20295.0,1653304.0,221880.0,7743.0,1371692.0,4254.0,16950.0,49000.0,3760.0,51885.0,94.0,1215000.0,4872808.0,350000.0,2337.0,,32.0,29000.0,200.0,73195.0,308381.0,136248.0,117165.0,1520.0,,5692.0,9232.0,235717.0,11853.0,392471.0,4621000.0,11800.0,2052.0,200998.0,1099462.0,3047000.0,11684.0,24835500.0,8127.0,338346.0,2300.0,248062.0,83793.0,24889.0,60784.0,-1.0,75855.0,22447.0,5682.0,274800.0,1421.0,403.0,30786.0,169445.0,86441.0,2900.0,1062828.0,13200.0,3050890.0,607488.0,,262657.0,370850.0,5331.0,105500.0,7148.0,62315.0,43032.0,320.0,35896.0,43689.0,100.0,7273.0,123633.0,301180.0,15080.0,160800.0,11185.0,231558.0,362000.0,760.0,1146951.0,47449.0,530.0,1620010.0,71000.0,115766.0,,19395.0,46268.0,5689.0,10012.0,1050.0,314500.0,5900.0
2008,,3300.0,243.0,1066804.0,1615.0,3500.0,4800.0,75583.0,21371.0,3825761.0,34931.0,107933.0,25.0,2450300.0,166932.0,207168.0,649.0,6981.0,88050.0,1595.0,26000.0,26785.0,1455.0,,375007.0,4502.0,,192510.0,23650.0,13368.0,223307.0,295785.0,22000.0,60801.0,269995.0,,697278.0,11878.0,411597.0,11200.0,918.0,42100.0,375305.0,13310.0,32414.0,225.0,4154.0,240.0,6200.0,146.0,108442.0,1226846.0,290577.0,4890.0,11311.0,224085.0,84331.0,12957.0,1600.0,211021.0,4696.0,45605.0,2199.0,32497.0,689.0,4400.0,6075.0,638511.0,61372.0,10217.0,9473.0,2556.0,110889.0,50000.0,1000.0,,,7200.0,36700.0,1003000.0,109151.0,74409.0,61561.0,6723.0,77.0,68453.0,3807000.0,39173.0,11.0,1541094.0,1534113.0,19960.0,1645005.0,223880.0,8316.0,1509845.0,3985.0,18610.0,50000.0,13938.0,49047.0,102.0,1113200.0,5359005.0,370000.0,1578.0,,34.0,29726.0,167.0,68707.0,280333.0,113431.0,121086.0,2428.0,,4790.0,8578.0,175122.0,11521.0,395938.0,4409000.0,12000.0,1997.0,212961.0,1078460.0,2991000.0,11667.0,22862200.0,8304.0,352200.0,2114.0,248848.0,95306.0,13884.0,54505.0,2100.0,78912.0,17668.0,6050.0,264000.0,1185.0,322.0,22432.0,272213.0,90098.0,2400.0,1091877.0,12700.0,2995154.0,1214457.0,,349583.0,368500.0,4359.0,106760.0,7300.0,66116.0,42396.0,298.0,28693.0,43627.0,101.0,7450.0,115300.0,310930.0,15540.0,148176.0,12737.0,239165.0,365000.0,780.0,919765.0,43634.0,540.0,1636103.0,71200.0,116095.0,,21523.0,55000.0,3317.0,7238.0,1090.0,257300.0,6100.0
2009,,4200.0,2000.0,1290500.0,1570.0,3600.0,5000.0,79150.0,21025.0,4148307.0,35632.0,104062.0,24.0,2605000.0,155337.0,311115.0,690.0,8123.0,104059.0,2064.0,25000.0,29340.0,1427.0,,687446.0,4548.0,,211549.0,24440.0,15479.0,247477.0,323571.0,20129.0,68120.0,218470.0,,868756.0,11000.0,425000.0,16800.0,1029.0,64100.0,391338.0,13339.0,30021.0,230.0,4140.0,269.0,6100.0,155.0,108554.0,1366945.0,283921.0,5020.0,17234.0,235243.0,83005.0,13606.0,2578.0,185972.0,4633.0,49599.0,2053.0,32586.0,681.0,6800.0,4837.0,654952.0,67613.0,9816.0,8785.0,2597.0,138373.0,53000.0,914.0,,,5400.0,47700.0,974000.0,106601.0,81400.0,82400.0,6759.0,80.0,66225.0,3864877.0,56672.0,10.0,1455107.0,1446984.0,18147.0,1595206.0,228810.0,8858.0,1491657.0,3833.0,18250.0,56000.0,19585.0,45493.0,106.0,1100000.0,4300082.0,375000.0,1030.0,,35.0,32000.0,148.0,68705.0,290424.0,120064.0,87059.0,1896.0,,4913.0,10635.0,220009.0,12236.0,404592.0,2440590.0,12658.0,1948.0,226985.0,1151825.0,2758800.0,12414.0,20984200.0,8400.0,513486.0,3234.0,255105.0,150584.0,10005.0,52460.0,2200.0,79167.0,6916.0,6400.0,276100.0,1460.0,405.0,31136.0,215898.0,87022.0,4200.0,1126929.0,19200.0,2762940.0,1025749.0,,360000.0,376100.0,4036.0,114200.0,7410.0,66882.0,40995.0,301.0,21590.0,43523.0,102.0,7616.0,121970.0,343012.0,16080.0,228000.0,11664.0,248592.0,373000.0,777.0,905533.0,47142.0,531.0,1319376.0,70000.0,124470.0,,20010.0,56500.0,3110.0,7247.0,1250.0,354900.0,5000.0
2010,,6100.0,4400.0,1092772.0,1526.0,4000.0,5000.0,82076.0,20350.0,3453943.0,34198.0,102507.0,24.0,2928500.0,149677.0,369748.0,705.0,13420.0,97423.0,1850.0,20924.0,32978.0,1383.0,,691602.0,4598.0,,218923.0,27165.0,17338.0,276060.0,276702.0,18685.0,70860.0,242411.0,,790437.0,12054.0,417284.0,23300.0,733.0,93000.0,366910.0,11489.0,28656.0,214.0,4141.0,342.0,6449.0,160.0,109709.0,1994880.0,289540.0,5242.0,20332.0,243762.0,103307.0,14466.0,2517.0,160761.0,1272.0,63932.0,1868.0,48987.0,684.0,10400.0,6344.0,726833.0,74401.0,12788.0,5158.0,2638.0,128092.0,71700.0,1453.0,,,6800.0,49700.0,1036018.0,109157.0,77671.0,52395.0,5800.0,73.0,66301.0,3888330.0,56580.0,10.0,1784220.0,1770800.0,19267.0,1567320.0,230587.0,10685.0,1363524.0,4133.0,18950.0,58000.0,16995.0,49552.0,85.0,1112031.0,5707298.0,380000.0,886.0,,35.0,32500.0,128.0,65534.0,260399.0,169801.0,203562.0,5102.0,,7326.0,13435.0,418214.0,11707.0,545254.0,2989760.0,12344.0,1903.0,225445.0,1361739.0,2759300.0,12642.0,26533800.0,8803.0,569210.0,3568.0,259942.0,112712.0,28994.0,48138.0,2147.0,80001.0,8904.0,6720.0,276872.0,1900.0,369.0,33537.0,128553.0,92357.0,4600.0,1152400.0,24400.0,2763441.0,1396231.0,,327715.0,398200.0,3816.0,116500.0,7250.0,63684.0,22784.0,292.0,24445.0,42887.0,104.0,7770.0,110175.0,336926.0,16585.0,275000.0,12206.0,216490.0,353521.0,751.0,897190.0,75739.0,557.0,1754778.0,65944.0,113849.0,,21150.0,57286.0,2283.0,7582.0,1207.0,391290.0,5421.0
2011,,4800.0,6133.0,1455836.0,1480.0,4000.0,5000.0,84367.0,21623.0,3711832.0,33098.0,97625.0,24.0,2099900.0,149564.0,452407.0,705.0,12942.0,106740.0,2174.0,23945.0,26756.0,1400.0,,786906.0,4650.0,,215911.0,27653.0,16412.0,284155.0,297589.0,19274.0,72139.0,254856.0,,1206372.0,11000.0,432300.0,16600.0,620.0,102800.0,383753.0,13169.0,28002.0,205.0,5601.0,391.0,6755.0,169.0,108453.0,1628738.0,295851.0,4464.0,22070.0,262432.0,98373.0,15473.0,3409.0,132469.0,2892.0,65644.0,1939.0,40474.0,690.0,7800.0,9032.0,731542.0,87469.0,8517.0,5130.0,2679.0,113373.0,81000.0,1110.0,,,5900.0,46600.0,1534904.0,106471.0,86064.0,55266.0,6000.0,61.0,63676.0,3890738.0,54599.0,12.0,2260443.0,2247501.0,15775.0,1503495.0,225467.0,9177.0,1576923.0,5059.0,20176.0,60000.0,20245.0,45684.0,80.0,1281526.0,4775063.0,380000.0,1134.0,,36.0,34000.0,130.0,79371.0,299392.0,157007.0,178380.0,2459.0,,8550.0,15169.0,300968.0,10337.0,788808.0,3151175.0,12871.0,1862.0,211704.0,841544.0,2762830.0,11872.0,28634600.0,8991.0,591784.0,2293.0,262988.0,123914.0,18989.0,53154.0,2205.0,84554.0,7387.0,6431.0,284957.0,1573.0,312.0,24112.0,94607.0,77207.0,2900.0,1189845.0,19275.0,2768431.0,998435.0,,345139.0,429710.0,3860.0,119634.0,7200.0,70753.0,46100.0,300.0,22722.0,41379.0,106.0,7913.0,102393.0,379799.0,17331.0,211000.0,12767.0,302827.0,345210.0,731.0,855272.0,58894.0,563.0,974664.0,60500.0,117112.0,,16524.0,57954.0,2317.0,5742.0,1157.0,336100.0,6000.0
2012,,4000.0,3000.0,1642318.0,1340.0,5800.0,8000.0,90000.0,22390.0,2732202.0,26415.0,116703.0,26.0,2679700.0,151975.0,396161.0,680.0,7566.0,111480.0,2255.0,30588.0,23339.0,1500.0,,550738.0,4700.0,,282628.0,28262.0,17459.0,306737.0,300549.0,21047.0,72295.0,252957.0,,1326643.0,12000.0,428800.0,13487.0,659.0,110500.0,516218.0,12954.0,26567.0,200.0,6904.0,453.0,6554.0,175.0,109668.0,2274611.0,295865.0,4381.0,21549.0,281165.0,82500.0,15980.0,3838.0,145235.0,3624.0,62682.0,1985.0,32081.0,620.0,6800.0,6498.0,756941.0,85461.0,7295.0,4390.0,2600.0,152682.0,86368.0,1167.0,243031.0,,5900.0,43800.0,1764952.0,107954.0,88604.0,38997.0,8000.0,63.0,62792.0,3935734.0,53937.0,13.0,1858000.0,1850434.0,21916.0,1457452.0,232388.0,11085.0,1821204.0,4091.0,20845.0,62000.0,13465.0,47966.0,37.0,1456609.0,4847217.0,350000.0,748.0,34680.0,46.0,35000.0,131.0,57282.0,247206.0,205310.0,232018.0,2407.0,,10955.0,16846.0,222927.0,12430.0,794678.0,3611000.0,14120.0,1800.0,234263.0,1214471.0,2538300.0,11616.0,26160000.0,9500.0,384553.0,2692.0,265926.0,123434.0,18358.0,55014.0,2049.0,83212.0,6891.0,6450.0,351599.0,1199.0,197.0,21807.0,129388.0,84916.0,4100.0,764000.0,17063.0,2545204.0,1347945.0,,,401860.0,3827.0,122700.0,7050.0,71648.0,52000.0,315.0,22092.0,40996.0,115.0,8250.0,76373.0,397565.0,18080.0,167000.0,12881.0,294925.0,332243.0,718.0,865219.0,79773.0,525.0,1732120.0,61000.0,115406.0,,17490.0,59599.0,1018.0,5533.0,1100.0,303400.0,5000.0
2013,,4100.0,5700.0,1693655.0,1340.0,6000.0,8000.0,80000.0,21950.0,2838234.0,24754.0,119883.0,25.0,2554500.0,157465.0,315133.0,655.0,7124.0,130150.0,2380.0,27537.0,17183.0,1500.0,,783828.0,4750.0,,376677.0,31003.0,16997.0,325304.0,291866.0,21190.0,73886.0,223342.0,,1360686.0,12500.0,422000.0,12701.0,644.0,85146.0,517720.0,12238.0,26655.0,200.0,5693.0,538.0,6636.0,175.0,107967.0,2133977.0,296985.0,4299.0,20724.0,281798.0,75800.0,16500.0,6794.0,155282.0,3488.0,65600.0,1920.0,35834.0,600.0,7227.0,6867.0,769558.0,85152.0,4918.0,7172.0,2600.0,156745.0,74113.0,1104.0,441078.0,,8380.0,46600.0,1761111.0,109948.0,98090.0,19937.0,8000.0,69.0,66803.0,4177797.0,53962.0,13.0,1746724.0,1739600.0,18648.0,1415219.0,225660.0,12618.0,1723584.0,4415.0,20940.0,62000.0,18418.0,48011.0,93.0,1466777.0,5277535.0,360000.0,686.0,33500.0,45.0,36000.0,135.0,48099.0,184375.0,170765.0,238447.0,3832.0,,13570.0,19745.0,216659.0,16113.0,748069.0,3733300.0,14192.0,1800.0,227340.0,1099826.0,2433150.0,11436.0,27092000.0,9500.0,544982.0,2818.0,271098.0,119775.0,20205.0,51986.0,1017.0,82467.0,6512.0,6500.0,348476.0,1029.0,382.0,19581.0,123168.0,80507.0,4500.0,767000.0,19810.0,2438843.0,1266831.0,,,398853.0,4115.0,119800.0,6850.0,74090.0,65200.0,315.0,17805.0,41992.0,115.0,8300.0,85972.0,245338.0,17075.0,196500.0,12729.0,281736.0,322802.0,719.0,886834.0,93876.0,533.0,1911155.0,62835.0,118891.0,,17093.0,61036.0,1375.0,6223.0,1100.0,255800.0,5500.0
2014,,5600.0,5800.0,1718958.0,1400.0,5888.0,7319.0,86473.0,22242.0,3209184.0,23922.0,121477.0,25.0,2869800.0,156737.0,453354.0,610.0,7477.0,132659.0,2222.0,28822.0,21405.0,1405.0,,786835.0,4932.0,,386371.0,32726.0,17004.0,308361.0,391489.0,21897.0,73383.0,194679.0,,1369045.0,12269.0,427523.0,14969.0,650.0,88406.0,502947.0,10784.0,26184.0,208.0,5884.0,626.0,6735.0,184.0,108384.0,2067515.0,292475.0,4307.0,20970.0,277281.0,87580.0,17366.0,11489.0,151544.0,3299.0,67286.0,1900.0,28771.0,619.0,8400.0,6999.0,660422.0,90658.0,6353.0,4624.0,2855.0,181432.0,79746.0,696.0,448500.0,,8000.0,84078.0,1593623.0,102876.0,99939.0,18627.0,7034.0,75.0,78643.0,4203271.0,55072.0,13.0,1533177.0,1525700.0,18081.0,1358604.0,209866.0,10986.0,1532092.0,4750.0,20988.0,64211.0,22719.0,47335.0,139.0,1174866.0,5469588.0,362824.0,691.0,37340.0,42.0,37721.0,136.0,42429.0,210322.0,236753.0,256007.0,2870.0,,19120.0,19049.0,247647.0,14514.0,773483.0,3849068.0,14120.0,1757.0,213036.0,1233894.0,2378960.0,11914.0,30309000.0,9526.0,522348.0,2816.0,275051.0,129911.0,19286.0,49697.0,1663.0,82521.0,5255.0,6414.0,395466.0,1326.0,478.0,21961.0,153210.0,79686.0,3500.0,769089.0,21700.0,2384844.0,1274052.0,,,379129.0,4329.0,120542.0,6710.0,75624.0,53864.0,317.0,19758.0,41888.0,115.0,8141.0,91416.0,453633.0,21076.0,142009.0,12192.0,237230.0,323329.0,709.0,787777.0,86549.0,547.0,1834934.0,63477.0,120677.0,,17361.0,63800.0,1799.0,2661.0,1100.0,225100.0,5562.0
