,Bahamas,Costa Rica,Cyprus,Egypt,French Polynesia,China,South Korea,France,Slovakia,Antigua and Barbuda,Armenia,Cambodia,Panama,Guyana,East Asia & Pacific (all income levels),Japan,Vanuatu,New Zealand,Bulgaria,East Asia & Pacific (developing only),Lebanon,Saudi Arabia,Bermuda,Isle of Man,Greenland,Afghanistan,Norway,South Africa,Germany,Dominica,Solomon Islands,Montenegro,Nicaragua,South Asia,Burundi,Bahrain,Serbia,New Caledonia,Cameroon,Nepal,Georgia,Oman,Papua New Guinea,Switzerland,Laos,Comoros,Liberia,Lithuania,Morocco,Philippines,Mauritius,Zambia,Faeroe Islands,Iran,Czech Republic,Syria,Seychelles,Fiji,Jordan,Cayman Islands,Pakistan,Turkmenistan,Sao Tome and Principe,Cote d'Ivoire,Tunisia,Argentina,Grenada,Swaziland,Ghana,Thailand,Yemen,Canada,Botswana,Channel Islands,San Marino,Namibia,Macao,Latvia,Guatemala,Qatar,Poland,Azerbaijan,Nigeria,Moldova,Saint Lucia,United States Virgin Islands,Mongolia,Equatorial Guinea,American Samoa,Israel,Sri Lanka,Saint Kitts and Nevis,Democratic Republic of Congo,Bhutan,Russia,Tanzania,Haiti,Guinea,Kiribati,Palestine,Belize,Niger,Europe & Central Asia (developing only),Monaco,Iraq,Middle East & North Africa (developing only),Saint Vincent and the Grenadines,High income: OECD,Central African Republic,Estonia,Croatia,Chile,Gabon,Sub-Saharan Africa (developing only),Colombia,Belgium,Tonga,High income: nonOECD,United Arab Emirates,Kuwait,Aruba,Europe & Central Asia (all income levels),Sweden,Congo,Guinea-Bissau,Venezuela,Paraguay,Ireland,Malawi,Barbados,Bosnia and Herzegovina,Maldives,Brunei,Latin America & Caribbean (all income levels),Cape Verde,Italy,Sudan,Belarus,Uzbekistan,Middle East & North Africa (all income levels),Marshall Islands,Somalia,Finland,Suriname,Mozambique,Zimbabwe,Peru,Mauritania,Ukraine,Benin,Madagascar,Vietnam,Hungary,Uganda,Austria,Samoa,Indonesia,Bolivia,Albania,Dominican Republic,United Kingdom,Gambia,Turks and Caicos Islands,Senegal,Trinidad and Tobago,Macedonia,Togo,India,Libya,Ecuador,Northern Mariana Islands,Bangladesh,Slovenia,Iceland,Latin America & Caribbean (developing only),Honduras,Romania,Djibouti,Brazil,Angola,Algeria,Australia,Spain,Burkina Faso,North America,Kenya,Luxembourg,Denmark,Chad,Jamaica,Palau,Singapore,United States,Hong Kong,Lesotho,Uruguay,Tuvalu,Cuba,Eritrea,Malta,Sierra Leone,Portugal,Netherlands,Ethiopia,Greece,Andorra,Turkey,Kazakhstan,Mali,Micronesia (country),Sub-Saharan Africa (all income levels),Tajikistan,Puerto Rico,El Salvador,Liechtenstein,Mexico,Timor,Rwanda,North Korea,Guam,Kyrgyzstan,Myanmar,Malaysia
1960,0.007103342128369763,0.001683924679576728,0.003546020179263296,0.0005386298868132048,0.003222769230190519,2.528815757530419e-05,0.00037209988169085875,0.005143940223904768,,0.006112598093055141,,0.004574773098870073,0.004140557318445095,0.001707945944353884,0.0005862437023741039,0.0005141404429280228,0.0030525214139391636,0.009664886178151009,0.0001771213768112028,0.0002799082657616378,0.005761045203727987,0.001065049941555883,0.013529668839402102,0.03145538927234916,0.005473886300794516,0.0003547108949667429,0.0011808525465615474,0.003661417722017137,,0.002734277410233012,0.002164068181100942,,0.00047912484661773316,0.0021392922035106056,0.003112416435628997,0.011295445928982165,,0.009542175811042487,0.002246673935051028,0.0023051245272291804,,0.005432797930497709,0.0007047444467291506,0.009204553671174866,0.0006362993379633185,0.0005482509974194472,0.0017657543698106103,,0.0021961960959283465,0.0005740956901487237,0.0010661300297446592,0.00812417914437816,0.0029836165501143535,0.00015161518336929242,,0.004126901590258538,0.0013913371275970816,0.003504423486370677,0.03138478184428809,0.008352461988817301,0.009708343443360032,,0.007945919729967828,0.015156451301294418,0.002752533576215009,0.008661922304074945,0.0030647364608318048,0.0033312895959963533,0.005467480510121631,0.0012150759801517997,0.0021150805019438295,0.01060571788077615,0.0009432538189338767,0.02101020892478989,0.03357456287340836,0.003101547545457417,0.03196911414236085,,0.0007204386560896336,0.02089923764065319,0.005617735877986937,,0.0001429564020977955,,0.0018696426703883446,0.02589602044845451,0.0002647245919491297,0.005270070776211831,0.008179513570337442,0.03850622364179387,0.006975174235352175,0.004743536720445462,0.0045341001717198294,0.0029644915734831196,,0.003251109606327337,0.00025809950410243343,0.00021713029678226755,0.0010157482641926854,,0.005683488334810673,0.0011124248406767304,,0.04702993056342076,0.0008265241984487644,0.0016661309855794634,0.002115446500062753,0.0032210324005562856,0.0019695513943054676,,,0.0009350741366559762,0.0028698890199836554,0.0023827451659712076,0.0002444541938876918,0.003312148981764902,0.00013487031677923136,,0.0016266011707815077,0.02375421105889197,0.009997477576721784,,0.002711881760340018,0.0017826112119174186,0.0012969076615619995,0.00429407736475822,0.001804509726879054,0.0017724584544879481,0.005648902568925759,0.00290184131717953,,0.0013010304614752926,0.017254050355898522,0.0018990797878140786,0.0022442953678281953,0.0006285592243362113,0.0015850687606131558,,,0.0024748803354848895,0.003960955981653133,0.0002828772456003418,0.000497315945077349,0.005318919451350217,8.200009990942356e-05,0.007084493625883604,0.0004539693412087023,0.0009647475215706473,,0.000960588884603314,0.0017005585291611242,7.924808276195182e-06,0.003563306579210308,0.007805878198522227,0.007858788518369682,0.0021676846193837886,0.0014542614322437016,0.0007939602894753622,0.0020870238066371307,0.003013701369731676,0.0021776204450195905,0.005887905471346095,0.0021591588782146403,0.0036306044943990134,0.006556183746384578,,0.004400322496466137,0.0014369444141844388,0.0023074127650816755,0.00036344537389570677,0.018055113819460702,0.0009421710824805983,,0.0012971702757466799,0.0009636014718899844,0.0020582605437873846,0.001234237795604745,0.009659336824683078,0.0013232610881679899,0.001590406325015217,0.002656657708030466,0.01134558493649702,0.0004754704359158985,0.0008949026275260105,0.004701525877297661,0.0005025849429796098,0.01014096758523495,0.001409161982817103,0.0012593477408397937,0.0009232371399918799,0.0022654366301969268,0.021654567924475423,0.004114103450726136,0.03633280743854541,0.0002552381967797931,0.005197092054214388,0.004184466884847545,0.001380853701696073,0.0003757359893626603,0.0003599695730827788,0.0014450107511536085,0.00030152852687853745,0.002669667765711891,0.001218972432753892,0.0004326081863731015,0.012781209713682497,0.0023614540936758585,,0.002186172145635019,0.009015267602946868,0.002385792456714642,,0.0018654138286637307,0.0008560237667165538,0.016932337433296762,0.0004015360062748843,0.000982514651902611,0.0006678114691555045,0.00015068696975099142,0.03189295160701891,,0.0009157177482595701,0.00047867833837416697
1961,,,,,,,,,,,,,,,,,,,,,,,,,,,,,,,,,,,,,,,,,,,,,,,,,,,,,,,,,,,,,,,,,,,,,,,,,,,,,,,,,,,,,,,,,,,,,,,,,,,,,,,,,,,,,,,,,,,,,,,,,,,,,,,,,,,,,,,,,,,,,,,,,,,,,,,,,,,,,,,,,,,,,,,,,,,,,,,,,,,,,,,,,,,,,,,,,,,,,,,,,,,,,,,,,,,,,,,,,,,,,,,
1962,,,,,,,,,,,,,,,,,,,,,,,,,,,,,,,,,,,,,,,,,,,,,,,,,,,,,,,,,,,,,,,,,,,,,,,,,,,,,,,,,,,,,,,,,,,,,,,,,,,,,,,,,,,,,,,,,,,,,,,,,,,,,,,,,,,,,,,,,,,,,,,,,,,,,,,,,,,,,,,,,,,,,,,,,,,,,,,,,,,,,,,,,,,,,,,,,,,,,,,,,,,,,,,,,,,,,,,,,,,,,,,
1963,,,,,,,,,,,,,,,,,,,,,,,,,,,,,,,,,,,,,,,,,,,,,,,,,,,,,,,,,,,,,,,,,,,,,,,,,,,,,,,,,,,,,,,,,,,,,,,,,,,,,,,,,,,,,,,,,,,,,,,,,,,,,,,,,,,,,,,,,,,,,,,,,,,,,,,,,,,,,,,,,,,,,,,,,,,,,,,,,,,,,,,,,,,,,,,,,,,,,,,,,,,,,,,,,,,,,,,,,,,,,,,
1964,,,,,,,,,,,,,,,,,,,,,,,,,,,,,,,,,,,,,,,,,,,,,,,,,,,,,,,,,,,,,,,,,,,,,,,,,,,,,,,,,,,,,,,,,,,,,,,,,,,,,,,,,,,,,,,,,,,,,,,,,,,,,,,,,,,,,,,,,,,,,,,,,,,,,,,,,,,,,,,,,,,,,,,,,,,,,,,,,,,,,,,,,,,,,,,,,,,,,,,,,,,,,,,,,,,,,,,,,,,,,,,
1965,0.008822259733109907,0.0013292627658329588,0.003683558891118698,0.00044411019584937036,0.003863791374051703,2.3994972813307195e-05,0.00035838264078879754,0.005857051962189555,,0.006413357896709309,,0.003806149517226404,0.0031585164083608947,0.0013628587705917922,0.0005312580659356054,0.00047494672450730323,0.0027128925738357907,0.009678875358166557,0.00016689358097340747,0.00022657270494509134,0.005490318795928762,0.0021194642354743364,0.014574227595872362,0.03106956565803347,0.007174737686555272,0.0003284691501175828,0.0012247848461814689,0.0031398267038460557,,0.0022477917062212463,0.0018751590955637034,,0.0004816333143270476,0.0017757256356621528,0.003950579280734727,0.013488433375569356,,0.012834225714280301,0.002068065093958746,0.002081576064218731,,0.0055194688263692756,0.000966201099528197,0.009979916912646509,0.0005582794570007515,0.0006857215998864359,0.0019777686138513313,,0.0010312646284458109,0.00046790214774054844,0.000919283988821398,0.006024409155223438,0.0031090200117709303,0.00014192983102398292,,0.0038983724584162167,0.002018065805217771,0.002549726381070404,0.0264883094746022,0.009601706549556372,0.007383161007946428,,0.007374434426764836,0.014927554480805212,0.0010864959656888386,0.007122861304654882,0.002472163678574589,0.005855975880611019,0.003652006373413913,0.0008487166183684576,0.0020761248735001376,0.010112797251710085,0.0009571401230396258,0.022767494828141933,0.029155751068988045,0.0033261729943212586,0.028092214202900107,,0.0006643221699673648,0.030539669917239776,0.004713390934698752,,0.00015984546503241577,,0.0018340996904516063,0.03045838790563007,0.00024231318829320196,0.0034160264965709345,0.011681580570729664,0.03318981233496505,0.006059969796975006,0.004154182053781297,0.005015995263873226,0.00293200662719305,,0.002741852854598744,0.000196174098369936,0.00023476063395363176,0.0008537485256450657,,0.005482447617743877,0.0010736935964824267,,0.04317989036705644,0.0006191052727663816,0.0012052322050777036,0.001832265844789141,0.0032430500435477842,0.001834214198418057,,,0.0007462595685238916,0.003591563727282567,0.002230957285330464,0.0002578187144810719,0.004224684552329995,0.00020908411592214412,,0.011387039152462022,0.0328721407857768,0.008817558257686776,,0.0033536759851747647,0.0019529490081702698,0.0012052387102538791,0.0037769896473281044,0.0017131357437967648,0.002161419108326787,0.004789806397263434,0.0032029428897626905,,0.0011557210733479433,0.01673184314336915,0.001545724635672998,0.0019793570561237165,0.0007959514023735427,0.0012974356551152825,,,0.0021173821199014804,0.003567982032119669,0.00026047477053480823,0.00046478031474797777,0.003798842073761397,6.365424449400833e-05,0.006685633583881682,0.00037965973861013797,0.0010351302836002717,,0.0009704984891398895,0.00112323816194528,7.244411641488213e-06,0.0030902224368883815,0.007461902430050104,0.0067504353634576155,0.0017845988613292023,0.0009688446268260765,0.0007597814231281744,0.0018162470902431487,0.002853065201557045,0.0030813978939728333,0.006421619342641515,0.0033818354467319085,0.0031561415559072234,0.005054689416838238,,0.0046715257395935,0.0012372105522474102,0.0021606966397976907,0.00041193425247098707,0.018169626629165606,0.0008084535412948632,,0.0015469491188065524,0.0007765116459068683,0.0010587251610672103,0.0011396931816449348,0.00910207453669614,0.0010297095197660717,0.000880801972194514,0.001086812340326997,0.011887009481918336,0.0005612113644111609,0.0009545920381528652,0.004428241996012419,0.0007041090377074782,0.010364222310897848,0.001383723505861944,0.001152035020086088,0.0008981645851933147,0.002260832233788125,0.0183322274408231,0.003849923636318184,0.031070960120353208,0.00025646781589127595,0.004768250202744338,0.003507130082332514,0.001131832995191801,0.0003426780894144178,0.0013060647416654012,0.001660715281056958,0.0004603372715142036,0.0018309236946533088,0.001010214759840966,0.0005293999513674502,0.02479937047212646,0.0019697830192758,,0.00196460666006248,0.007015981879379035,0.0022321737947808853,,0.002820170862466976,0.0007097948733062322,0.018824401849617287,0.00030397200787741563,0.0009279476343670068,0.0006814719021628693,0.00013964462667066807,0.030102787101249993,,0.0007664504415934748,0.0014090846730595852
1966,,,,,,,,,,,,,,,,,,,,,,,,,,,,,,,,,,,,,,,,,,,,,,,,,,,,,,,,,,,,,,,,,,,,,,,,,,,,,,,,,,,,,,,,,,,,,,,,,,,,,,,,,,,,,,,,,,,,,,,,,,,,,,,,,,,,,,,,,,,,,,,,,,,,,,,,,,,,,,,,,,,,,,,,,,,,,,,,,,,,,,,,,,,,,,,,,,,,,,,,,,,,,,,,,,,,,,,,,,,,,,,
1967,,,,,,,,,,,,,,,,,,,,,,,,,,,,,,,,,,,,,,,,,,,,,,,,,,,,,,,,,,,,,,,,,,,,,,,,,,,,,,,,,,,,,,,,,,,,,,,,,,,,,,,,,,,,,,,,,,,,,,,,,,,,,,,,,,,,,,,,,,,,,,,,,,,,,,,,,,,,,,,,,,,,,,,,,,,,,,,,,,,,,,,,,,,,,,,,,,,,,,,,,,,,,,,,,,,,,,,,,,,,,,,
1968,,,,,,,,,,,,,,,,,,,,,,,,,,,,,,,,,,,,,,,,,,,,,,,,,,,,,,,,,,,,,,,,,,,,,,,,,,,,,,,,,,,,,,,,,,,,,,,,,,,,,,,,,,,,,,,,,,,,,,,,,,,,,,,,,,,,,,,,,,,,,,,,,,,,,,,,,,,,,,,,,,,,,,,,,,,,,,,,,,,,,,,,,,,,,,,,,,,,,,,,,,,,,,,,,,,,,,,,,,,,,,,
1969,,,,,,,,,,,,,,,,,,,,,,,,,,,,,,,,,,,,,,,,,,,,,,,,,,,,,,,,,,,,,,,,,,,,,,,,,,,,,,,,,,,,,,,,,,,,,,,,,,,,,,,,,,,,,,,,,,,,,,,,,,,,,,,,,,,,,,,,,,,,,,,,,,,,,,,,,,,,,,,,,,,,,,,,,,,,,,,,,,,,,,,,,,,,,,,,,,,,,,,,,,,,,,,,,,,,,,,,,,,,,,,
1970,0.01152375713640709,0.0008683300292521197,0.003547666749431984,0.00036907882734481604,0.004681238722091319,2.1630924188164167e-05,0.000352185271992018,0.006320926853575065,,0.006676808493114241,,0.003077329001908475,0.0024332029438098968,0.0011539647087213554,0.00048258582343062653,0.00043869330391542406,0.002442612543819091,0.00919588486051181,0.0001575563633731103,0.00019937453186923587,0.00524382465616984,0.003861269668813685,0.016364672058656125,0.028690300460580846,0.009829496145486177,0.00030113229369046113,0.001278682010869192,0.002748034220003989,,0.0018304859461862359,0.0016083674356761914,,0.000550057589977736,0.0014617656000787845,0.002626135285453815,0.011240609549536758,,0.013184410563404383,0.0018774407589626548,0.0018194329139998632,,0.005477092959724302,0.0012900093262302474,0.011152698092209541,0.0004862054727684899,0.0009986692533418785,0.002205625083436763,,0.0004964680860146517,0.00038335437467340225,0.0008037541205484853,0.004577046322597103,0.0032359116682065337,0.0001907585292171483,,0.003639458360029641,0.002951397212461181,0.001988160249342289,0.022254042063899727,0.010949098212688278,0.005547807237980063,,0.006014148318476758,0.014352652282094236,0.0006333084111979665,0.005844207286809327,0.00209908992555901,0.004780882558920237,0.002584490682508269,0.0005945452637957002,0.002020308089797737,0.009625135131386133,0.0009476878976823507,0.024566480281917675,0.02610695793651433,0.003529126459126,0.024523033747003587,,0.0004745730218102332,0.039458868684164,0.004035284324335216,,0.00017750287495349812,,0.0017799427019966334,0.03377165021667292,0.00022218220951972389,0.002188664348912945,0.016764639072811255,0.029902155873031674,0.005475379872556627,0.003846772610131124,0.004494212175103443,0.002829305360315072,,0.0023437489505774654,0.00014921454352464562,0.0002527488857309892,0.0007240035904317819,,0.005268503087510193,0.0010422551973454926,,0.04174560599590474,0.00047653620651474753,0.0010598950815988407,0.0016001962939743578,0.003233460804510128,0.0016866652493609806,,,0.0005959597035029877,0.004320722690005358,0.0020085655816566923,0.00022774347325319586,0.004546160276404806,0.0003441764637510258,,0.017650063311790153,0.038991303339342843,0.0079793802795054,,0.004137526086769931,0.0021168868135067937,0.0010855584610936786,0.0032102280232265685,0.0018641437436158963,0.002783797051065087,0.004010347597225606,0.0035468605255217977,,0.0010453513175476812,0.01601068130257007,0.0012641691427978036,0.0017078441641593812,0.0010116727792907042,0.001273330249313323,,,0.002100788102889809,0.0032032102074979127,0.00023893518668109264,0.00044526810198624624,0.0027704580547334543,5.310020009629871e-05,0.006051205094734657,0.0003175185471935292,0.001107850817309879,,0.0009715038436615002,0.0006969317518297903,6.549171887327112e-06,0.0026701598421513895,0.006341198461968278,0.005720617777878324,0.001487169723019753,0.0006432880083559717,0.0007229083919275632,0.0015976130597879093,0.0027359150306379867,0.0033408750777817967,0.006829291348760043,0.005256801552224571,0.00263292173705175,0.004036840282186815,,0.004324216068131044,0.0010463108156414749,0.0036475905344034542,0.0004655800948963446,0.017097644102507328,0.0007055058138979333,,0.001517347013807444,0.0006314073549169869,0.0004837731707742514,0.0008848034969997822,0.008476586561839692,0.0008101617364156301,0.000487471658738958,0.0007329984105079885,0.012398778281163139,0.0006640867990126811,0.0010024862246082863,0.004248575229798487,0.0008922385148234179,0.0109155564644043,0.0015041717138367674,0.0010541249286456218,0.0008815411541159979,0.002364286619924891,0.01615431639247388,0.003686200082520882,0.027353318615235444,0.00025715602367912667,0.0035937921664712046,0.0030715310758411027,0.000941269852062682,0.00031103801964219024,0.0021694308114780015,0.0018975465436334546,0.0007391027902528953,0.0012655863859508578,0.0008765990800821732,0.000643066914899114,0.03496018302457931,0.0006833198225982991,,0.0017457855635941997,0.005437878468916349,0.002008922657699219,,0.004388635535596937,0.0005598213192866424,0.020814571929014942,0.0002370360437628962,0.0008699122780087605,0.0006012281709669782,0.00012514548508927307,0.028452058570267346,,0.0006334106047185346,0.00426097887895462
1971,,,,,,,,,,,,,,,,,,,,,,,,,,,,,,,,,,,,,,,,,,,,,,,,,,,,,,,,,,,,,,,,,,,,,,,,,,,,,,,,,,,,,,,,,,,,,,,,,,,,,,,,,,,,,,,,,,,,,,,,,,,,,,,,,,,,,,,,,,,,,,,,,,,,,,,,,,,,,,,,,,,,,,,,,,,,,,,,,,,,,,,,,,,,,,,,,,,,,,,,,,,,,,,,,,,,,,,,,,,,,,,
1972,,,,,,,,,,,,,,,,,,,,,,,,,,,,,,,,,,,,,,,,,,,,,,,,,,,,,,,,,,,,,,,,,,,,,,,,,,,,,,,,,,,,,,,,,,,,,,,,,,,,,,,,,,,,,,,,,,,,,,,,,,,,,,,,,,,,,,,,,,,,,,,,,,,,,,,,,,,,,,,,,,,,,,,,,,,,,,,,,,,,,,,,,,,,,,,,,,,,,,,,,,,,,,,,,,,,,,,,,,,,,,,
1973,,,,,,,,,,,,,,,,,,,,,,,,,,,,,,,,,,,,,,,,,,,,,,,,,,,,,,,,,,,,,,,,,,,,,,,,,,,,,,,,,,,,,,,,,,,,,,,,,,,,,,,,,,,,,,,,,,,,,,,,,,,,,,,,,,,,,,,,,,,,,,,,,,,,,,,,,,,,,,,,,,,,,,,,,,,,,,,,,,,,,,,,,,,,,,,,,,,,,,,,,,,,,,,,,,,,,,,,,,,,,,,
1974,,,,,,,,,,,,,,,,,,,,,,,,,,,,,,,,,,,,,,,,,,,,,,,,,,,,,,,,,,,,,,,,,,,,,,,,,,,,,,,,,,,,,,,,,,,,,,,,,,,,,,,,,,,,,,,,,,,,,,,,,,,,,,,,,,,,,,,,,,,,,,,,,,,,,,,,,,,,,,,,,,,,,,,,,,,,,,,,,,,,,,,,,,,,,,,,,,,,,,,,,,,,,,,,,,,,,,,,,,,,,,,
1975,0.008800571872408094,0.0008493748934808072,0.003441211077981132,0.0003100364241289049,0.005728776077614798,1.989230055809567e-05,0.0005284634461456359,0.006272285002914084,,0.007003220779851801,,0.00011767731859951455,0.001847456222284908,0.0007408997814838937,0.00041847402955292635,0.00042030009474837643,0.002182396095915433,0.009763252726428705,0.00015066374329189867,0.00014075257567451406,0.0049455285145976234,0.0076362991347127245,0.016518972920222242,0.027837932402848438,0.010553852793729649,0.0002768732267095146,0.0015026977952953557,0.002376921007994686,,0.0016206720180781558,0.0013519040759192044,,0.0004951709670611262,0.0011925673668483345,0.0023210927414465286,0.0137618764549405,,0.014799893478737799,0.001702417592780367,0.0013733525062367441,,0.005215877707754172,0.0009496958569064222,0.01049480814265895,0.00042575842151921616,0.0016913494728061206,0.002384890697590263,,0.00030949849359953647,0.000239661361144393,0.0006983191484507009,0.0036410828811881514,0.0034358181719665393,0.00029326919289347607,,0.003466254651736146,0.003006595916965154,0.0015963740922885865,0.022797997746366077,0.015316080951080203,0.0041828206529277235,,0.005101447879623427,0.012863226718822916,0.0004126650046297439,0.004836399209085412,0.0018351537133646382,0.003275780897206658,0.0023903552777977807,0.0004973044015866029,0.001970702869668094,0.009257239184529052,0.0009292385624059216,0.024291313710144178,0.025117628394740858,0.0037249846004255515,0.026515407310186197,,0.00037401855769407733,0.04429422414496881,0.0032462471342156324,,0.0006767748992862462,,0.0017898993498541712,0.026242621292800417,0.0002053502803476538,0.0018667974875191437,0.022124574891907264,0.025565490618834272,0.004008931077207866,0.003674577725734364,0.003249068992783363,0.0026550254666999175,,0.0023232721829191216,0.00014397890926273277,0.00028879153618218784,0.0008535333201588469,,0.005019855701924478,0.0010189410810283479,,0.03949339375325555,0.00037225778805177674,0.0010536747729723616,0.0014046397544927615,0.0032837418610624346,0.001574474097760078,,,0.000503954816368046,0.005817482385114119,0.0018221697453588372,0.00020918912642377093,0.005111218092371744,0.0006187175601467554,,0.03591377301417678,0.038587916728856295,0.007312246968278401,,0.004309397089524265,0.002291586689260168,0.0009846705929081763,0.003343422436378837,0.0022086299101719232,0.0032825858321547624,0.003345019566793724,0.003934568565506504,,0.0009199207768538287,0.015584775697675904,0.0010814074802394215,0.0017219441634854147,0.0011086374848536238,0.0012136380673593297,,,0.002349591841305482,0.002731408760065274,0.0002210737129000948,0.000458270115763046,0.002337217973337645,0.00021724507912153557,0.0047974379569772,0.0002690703290164298,0.0011984765267662007,,0.0009430476133299202,0.0004320430655275742,5.926901502206809e-06,0.0023276348836426732,0.004369357995798277,0.0058104854228157145,0.0015096903852572846,0.00043372310360162577,0.0006914896162852143,0.0014429367907303795,0.002557947191440836,0.0034194567948179163,0.0070572218653700705,0.007053537962708159,0.0019294176141475077,0.003688801206241252,,0.0037647474919353203,0.000885242514458853,0.005204182651895153,0.0005184544161224804,0.01666001202959906,0.0006588434197124574,,0.0014791023248454556,0.0005358798235532123,0.0002836638127718572,0.0006856049815166058,0.007884497279142663,0.0006593109293013725,0.0002639570625940481,0.0005858770795142026,0.011691157126163488,0.0008002321810323152,0.001055910446515313,0.004473609460075113,0.0007269052467510118,0.011920239762424057,0.0016739747414819357,0.000955749648389206,0.000746306520303186,0.00248675414852363,0.014279533793329415,0.003956592672949804,0.02579674318968245,0.00026452992539846706,0.00283658471485553,0.0027576987135586057,0.0006038395190657321,0.0002827825228239214,0.0016269343502837278,0.0020699131478621085,0.0011033575456243794,0.001536223431253187,0.0007352581402768712,0.0008335797207747842,0.03704141864218425,0.0002252627080671645,,0.001535828117434981,0.004868874491214649,0.0018224165475375857,,0.0046311295271632014,0.0004559479146645348,0.02104711461094784,0.00023111145474195098,0.0008264412453847188,0.0006547449750902433,0.00011387654892307149,0.028718590643134582,,0.0005299155345737431,0.0035612696196409836
1976,,,,,,,,,,,,,,,,,,,,,,,,,,,,,,,,,,,,,,,,,,,,,,,,,,,,,,,,,,,,,,,,,,,,,,,,,,,,,,,,,,,,,,,,,,,,,,,,,,,,,,,,,,,,,,,,,,,,,,,,,,,,,,,,,,,,,,,,,,,,,,,,,,,,,,,,,,,,,,,,,,,,,,,,,,,,,,,,,,,,,,,,,,,,,,,,,,,,,,,,,,,,,,,,,,,,,,,,,,,,,,,
1977,,,,,,,,,,,,,,,,,,,,,,,,,,,,,,,,,,,,,,,,,,,,,,,,,,,,,,,,,,,,,,,,,,,,,,,,,,,,,,,,,,,,,,,,,,,,,,,,,,,,,,,,,,,,,,,,,,,,,,,,,,,,,,,,,,,,,,,,,,,,,,,,,,,,,,,,,,,,,,,,,,,,,,,,,,,,,,,,,,,,,,,,,,,,,,,,,,,,,,,,,,,,,,,,,,,,,,,,,,,,,,,
1978,,,,,,,,,,,,,,,,,,,,,,,,,,,,,,,,,,,,,,,,,,,,,,,,,,,,,,,,,,,,,,,,,,,,,,,,,,,,,,,,,,,,,,,,,,,,,,,,,,,,,,,,,,,,,,,,,,,,,,,,,,,,,,,,,,,,,,,,,,,,,,,,,,,,,,,,,,,,,,,,,,,,,,,,,,,,,,,,,,,,,,,,,,,,,,,,,,,,,,,,,,,,,,,,,,,,,,,,,,,,,,,
1979,,,,,,,,,,,,,,,,,,,,,,,,,,,,,,,,,,,,,,,,,,,,,,,,,,,,,,,,,,,,,,,,,,,,,,,,,,,,,,,,,,,,,,,,,,,,,,,,,,,,,,,,,,,,,,,,,,,,,,,,,,,,,,,,,,,,,,,,,,,,,,,,,,,,,,,,,,,,,,,,,,,,,,,,,,,,,,,,,,,,,,,,,,,,,,,,,,,,,,,,,,,,,,,,,,,,,,,,,,,,,,,
1980,0.006479594182982062,0.0016290033614908969,0.0032146331660125346,0.0002469057525660647,0.006732129111980674,1.7979088097886975e-05,0.0007863451966286444,0.006034289623141908,,0.007354324901497327,,3.517074832146221e-05,0.0013722652609741955,0.0004585743173694116,0.00038490823410272776,0.0003895259495929545,0.0017212928197521155,0.008566552499444423,0.0001388802013355775,0.00011914653193242938,0.005252071501381449,0.010982907936221723,0.014713371188775602,0.0260656699634989,0.009960344157526361,0.00025326011762297256,0.0017101389019311603,0.002021461947125165,,0.0013376021462204262,0.0010543379872440736,,0.0004453895137972416,0.0009859726565162954,0.003074437108064563,0.01629757078989219,,0.013686247178082799,0.0014671074701108743,0.0009563073674794713,,0.007172050017517103,0.0006009865876361798,0.00956101296762855,0.000470400980097984,0.002692866304361298,0.0024175349240796147,,0.00019524840982307283,0.00016079932001512585,0.0005684068221920061,0.0026655158967074195,0.003463900392662706,0.0008143369738914862,,0.00315073088974232,0.00279578714127044,0.0012515942835254466,0.02106267782984013,0.020068203132367065,0.0036397430524317646,,0.004018054750884865,0.010429880164660559,0.00033730962142251863,0.0038743053367626913,0.0015656036682411582,0.003170068762119778,0.002207640176766079,0.0005735243559121853,0.0018244595081612705,0.00878392911742715,0.000855535727473466,0.02321019601135521,0.022078550741770675,0.003914519462099719,0.02741899029249236,,0.00033464131738281344,0.04191969758677396,0.002461750943390942,,0.0010114112220107724,,0.0016980595083232418,0.028090966965902128,0.0001845030885850032,0.0013509276859637392,0.023744429947843225,0.02091879930447904,0.002544540288890366,0.003416775521764939,0.0025903907489560132,0.002423241899007698,,0.0016904756686420567,0.00014048950216769877,0.00031675256542803665,0.0015658165831890626,,0.005450341466695996,0.0009528922973175769,,0.03702065447349913,0.00028577387844121383,0.0011229894638702337,0.0012008621297160235,0.0032286238694570527,0.0013799321350757216,,,0.0004132964954788367,0.007372281906985973,0.0019095171672862538,0.00018567404171537856,0.0051567097519935896,0.001061188687473116,,0.04005831860283607,0.039572773341769,0.006662743845096647,,0.004262244957038146,0.0023967638709176038,0.0008584076951556511,0.003570376200288475,0.002597671942999593,0.0037082308406468935,0.002642836734448464,0.004196982317660882,,0.0007969075893028057,0.014969186422397281,0.0009350998725467662,0.001603851501428992,0.001113892109147629,0.002130446016705762,,,0.002683899490042445,0.0023450295488552718,0.014947062429168434,0.0004600790034488431,0.0018470863894049152,0.0004977682213975069,0.003661058032351816,0.00021865446481963798,0.0012459370436470728,,0.000875661194394995,0.0003304065557094772,4.106728175505183e-05,0.0019532002691140878,0.0030569001358789227,0.005406326913140567,0.0015842289072158532,0.0002909083671244814,0.00059312429324239,0.001267260870103135,0.002326208006351972,0.0033793280713402926,0.007070130382856554,0.009228668819848832,0.0012127557063844508,0.003213145860074148,,0.003174205189769195,0.0007192076324435669,0.005516759115597179,0.0005000214995967238,0.016054740910564108,0.0005605525466544718,,0.0014325545166979602,0.000464605280167793,0.0005109033692865193,0.0005130709809303939,0.01267068844431674,0.0005162613921623275,0.0006205537324078767,0.0005423306286545805,0.011176187859977349,0.000922687201780561,0.0014165619053641111,0.004544091274516801,0.0005571915959773719,0.01311608512604742,0.0018122350636763087,0.0008450179422028613,0.0006161259813263788,0.0027004278930627713,0.012387223360977756,0.0040827587336389705,0.023519375636397246,0.000462012210517095,0.002270629377706151,0.002387038085034697,0.0003862485968387137,0.000245490687196969,0.0011302450956481784,0.001708808705483561,0.00154139426840831,0.00196706829567943,0.0006502219268274019,0.0010097851805052527,0.04054456496534591,0.0010125363936795276,,0.0012913508295114096,0.0035288249526383925,0.0019093423210718424,,0.004799922273170192,0.00036804248468762105,0.02038478667595179,0.00024060821679479274,0.0007563561368457318,0.0005854979743150453,0.0001030807593772879,0.02776349052181071,,0.0003092680790640584,0.0032338394378758706
1981,,,,,,,,,,,,,,,,,,,,,,,,,,,,,,,,,,,,,,,,,,,,,,,,,,,,,,,,,,,,,,,,,,,,,,,,,,,,,,,,,,,,,,,,,,,,,,,,,,,,,,,,,,,,,,,,,,,,,,,,,,,,,,,,,,,,,,,,,,,,,,,,,,,,,,,,,,,,,,,,,,,,,,,,,,,,,,,,,,,,,,,,,,,,,,,,,,,,,,,,,,,,,,,,,,,,,,,,,,,,,,,
1982,,,,,,,,,,,,,,,,,,,,,,,,,,,,,,,,,,,,,,,,,,,,,,,,,,,,,,,,,,,,,,,,,,,,,,,,,,,,,,,,,,,,,,,,,,,,,,,,,,,,,,,,,,,,,,,,,,,,,,,,,,,,,,,,,,,,,,,,,,,,,,,,,,,,,,,,,,,,,,,,,,,,,,,,,,,,,,,,,,,,,,,,,,,,,,,,,,,,,,,,,,,,,,,,,,,,,,,,,,,,,,,
1983,,,,,,,,,,,,,,,,,,,,,,,,,,,,,,,,,,,,,,,,,,,,,,,,,,,,,,,,,,,,,,,,,,,,,,,,,,,,,,,,,,,,,,,,,,,,,,,,,,,,,,,,,,,,,,,,,,,,,,,,,,,,,,,,,,,,,,,,,,,,,,,,,,,,,,,,,,,,,,,,,,,,,,,,,,,,,,,,,,,,,,,,,,,,,,,,,,,,,,,,,,,,,,,,,,,,,,,,,,,,,,,
1984,,,,,,,,,,,,,,,,,,,,,,,,,,,,,,,,,,,,,,,,,,,,,,,,,,,,,,,,,,,,,,,,,,,,,,,,,,,,,,,,,,,,,,,,,,,,,,,,,,,,,,,,,,,,,,,,,,,,,,,,,,,,,,,,,,,,,,,,,,,,,,,,,,,,,,,,,,,,,,,,,,,,,,,,,,,,,,,,,,,,,,,,,,,,,,,,,,,,,,,,,,,,,,,,,,,,,,,,,,,,,,,
1985,0.005883948407847223,0.0023219985915531823,0.0031841249350370135,0.00020118131485910028,0.00735597190652724,1.673648954276426e-05,0.0007451239303215343,0.005691548711557423,,0.00865126273751826,,8.869470024728445e-05,0.0013291668331979188,0.0003623539138344262,0.00035590773610073113,0.0003825923216371224,0.001149303165407412,0.00802800313801769,0.00013239160964284997,0.0001000161715309801,0.007055642701309178,0.013822418774780236,0.014236641359669842,0.027184313865023183,0.009469324078828202,0.0002620154676004394,0.0019309659049147427,0.003136283982057141,,0.001527914411362627,0.0008562248684064208,,0.0006179018165023995,0.0008664395704809387,0.0039059353470892767,0.01774410588472184,,0.012181851866466531,0.0012954999102044173,0.0010198955720234879,,0.01022883430212877,0.0005961006460583427,0.01009794081186421,0.00033791896945913763,0.0021804408200409493,0.0020503192569614674,,0.00014412438469775928,0.0001454524284665326,0.0004894310709383859,0.0021815131074490665,0.0035882089103394703,0.003278594527034128,,0.0031955305866826107,0.002769931516780217,0.0009998144514963957,0.019363339392151447,0.02413056307107733,0.0037049620096376505,,0.0032784047074317195,0.008884707805163384,0.00028443284567881305,0.003181543393983156,0.001697458330825822,0.003152759990343565,0.002111474841624742,0.0004243291210094908,0.00153359404658721,0.008164814852004366,0.0009196599499674601,0.0157343845545897,0.020398263687117637,0.004183026655176229,0.02832597218505406,,0.0005457651583096429,0.041254554466466704,0.0019266511558072338,,0.00022517420155647962,,0.0018655669566556023,0.025389906433044975,0.00017173402726449878,0.0006554546211009014,0.02362253118220731,0.019533664137959646,0.0016953049926069276,0.0037583084239924207,0.0013134962732792622,0.00237237266694552,,0.0013614406303921096,0.0001395211763916711,0.00032884191485414325,0.0017434688605210459,,0.008453506369267706,0.0009247861191330984,,0.03525093846109715,0.0003892724780948221,0.0017326401126108225,0.001517697482869042,0.003301142762078633,0.0012177223032620009,,,0.00040405035637454184,0.007197747748349291,0.0015736705004565606,0.00017043110619126818,0.004802285760819422,0.001957038446763502,,0.040526613269033694,0.038828209896079734,0.008495059880047938,,0.00425401641648581,0.002589362184923331,0.0007248884662792682,0.003202601296685818,0.0025777502756432315,0.003457701021195563,0.002146166108535379,0.004240408621343249,,0.0006938588224694567,0.014941947439583943,0.0008308473494269574,0.0014692306742578845,0.001202116041239947,0.003391204920228528,,,0.0035099474878719666,0.0019817854335455816,0.0069311800215994855,0.0005408129284051444,0.002133997167124624,0.0002523640071936586,0.0031480313803410893,0.00017182766393411682,0.001339981105039973,,0.000857659664082205,0.0002638130457735565,2.5969790979720627e-05,0.0017288411704982803,0.002350442979990498,0.005228062833469268,0.0008218561124164229,0.00019517917305811007,0.0005160811475222646,0.0011501234352098188,0.0022046761958134605,0.0033954057423863106,0.006999002068071081,0.014321519427004494,0.0014341210235634002,0.00258479476820435,,0.0026075116077926975,0.0005645649317642656,0.0058528145057197565,0.00046324468956757554,0.028403384455633566,0.0004916558907850636,,0.0015966612667002982,0.00043678374456831054,0.0010620334732804808,0.0004045615726019979,0.008615730794316892,0.00037484506478470305,0.0006065635248941656,0.0006946473326753844,0.010832598865829615,0.0010132722250919186,0.001920129830456701,0.004816102789395629,0.0004188960817886749,0.014539671944305626,0.0020791495804822983,0.0007540443905559805,0.000514950649573092,0.00519322560523973,0.012292184789347547,0.004448723717942585,0.02173960364142084,0.000648443241364632,0.001870767568043354,0.0020784298394740954,0.00025915484817468266,0.0002174879681355471,0.0007939200393454278,0.0014482836211593758,0.0018757111914805853,0.0028531894493692917,0.0007772789562039253,0.0016904835186651588,0.039336942373866715,0.0010302429616150335,,0.0011095017036164292,0.0025969879553187467,0.0015731932523246927,,0.004757638710796056,0.00031182943894683766,0.019697975548509234,0.0003364698557366351,0.000686578182326345,0.0007199390861911758,9.502234125772546e-05,0.027872534383294408,,0.0001876236174037254,0.003129118411939887
1986,,,,,,,,,,,,,,,,,,,,,,,,,,,,,,,,,,,,,,,,,,,,,,,,,,,,,,,,,,,,,,,,,,,,,,,,,,,,,,,,,,,,,,,,,,,,,,,,,,,,,,,,,,,,,,,,,,,,,,,,,,,,,,,,,,,,,,,,,,,,,,,,,,,,,,,,,,,,,,,,,,,,,,,,,,,,,,,,,,,,,,,,,,,,,,,,,,,,,,,,,,,,,,,,,,,,,,,,,,,,,,,
1987,,,,,,,,,,,,,,,,,,,,,,,,,,,,,,,,,,,,,,,,,,,,,,,,,,,,,,,,,,,,,,,,,,,,,,,,,,,,,,,,,,,,,,,,,,,,,,,,,,,,,,,,,,,,,,,,,,,,,,,,,,,,,,,,,,,,,,,,,,,,,,,,,,,,,,,,,,,,,,,,,,,,,,,,,,,,,,,,,,,,,,,,,,,,,,,,,,,,,,,,,,,,,,,,,,,,,,,,,,,,,,,
1988,,,,,,,,,,,,,,,,,,,,,,,,,,,,,,,,,,,,,,,,,,,,,,,,,,,,,,,,,,,,,,,,,,,,,,,,,,,,,,,,,,,,,,,,,,,,,,,,,,,,,,,,,,,,,,,,,,,,,,,,,,,,,,,,,,,,,,,,,,,,,,,,,,,,,,,,,,,,,,,,,,,,,,,,,,,,,,,,,,,,,,,,,,,,,,,,,,,,,,,,,,,,,,,,,,,,,,,,,,,,,,,
1989,,,,,,,,,,,,,,,,,,,,,,,,,,,,,,,,,,,,,,,,,,,,,,,,,,,,,,,,,,,,,,,,,,,,,,,,,,,,,,,,,,,,,,,,,,,,,,,,,,,,,,,,,,,,,,,,,,,,,,,,,,,,,,,,,,,,,,,,,,,,,,,,,,,,,,,,,,,,,,,,,,,,,,,,,,,,,,,,,,,,,,,,,,,,,,,,,,,,,,,,,,,,,,,,,,,,,,,,,,,,,,,
1990,0.004585504701241471,0.005904246434059359,0.002501057151761853,0.00013626272715372341,0.005699324578174196,1.4511521225541757e-05,0.0005840701688360243,0.004411383643705851,0.0003410854574779431,0.008504949895831447,0.008134716914909766,0.0001864462795354277,0.001092576564965999,0.0002488435121649464,0.00028932209217997823,0.0003811002369287975,0.0006438629024100142,0.0068772729854493135,0.00010799014577925331,7.556654596323217e-05,0.008480132701865161,0.012688373628711311,0.011570684528393846,0.02164401002693333,0.006728432351247722,0.00020923078147222705,0.002014509090422727,0.0015224543689103468,0.003271003348249747,0.0015544810476052111,0.0006551812639763644,,0.00043079546844319557,0.0006145313652985632,0.0025975068210973714,0.015285872227643882,0.0005727640965281834,0.009648630206699463,0.0009621971414143327,0.0010057539204742123,0.0030835771582479144,0.01023071345931975,0.0003479457275868396,0.008971094339419436,0.00023561185000454702,0.0014843900046909776,0.0016824379601007783,0.004134028435082458,0.00010104203003536947,0.00011264770822408557,0.0003611469281257713,0.0015048489715956852,0.002625406810379604,0.003344229767190996,0.0017980811021002737,0.0024267254502075637,0.0023266797386392313,0.0008212409500406601,0.015828238007902094,0.022246329736339263,0.0026665908136170335,0.0036574309001754226,0.0022383028108668664,0.006535038101721984,0.00020389497862760865,0.0022064548562543223,0.0019378812702339889,0.003622119708908948,0.0021439510580661355,0.00029971640016365915,0.00125701949461668,0.0070834364735705,0.0008726599022706006,0.012505624664318085,0.015918788413400407,0.003466342573728718,0.024392651155445675,0.010617356751920735,0.0012629172628383885,0.03397174234972928,0.0012952334164465227,0.0022046940896199956,0.00020480707472717025,0.006850880287270002,0.0016902292396956183,0.021926811807615625,0.00013462741626643046,0.0003178090240995796,0.019801750385539673,0.015335449771682788,0.0011803348826203827,0.00348053477907588,0.0009441769311802423,0.0019458802924409288,0.0034017017226393113,0.0009902325738461231,0.00011765282772468562,0.0017490362326602626,0.0013068511440350145,0.02014835223453982,0.007095516297763224,0.0007507036258791666,0.0034181369481126227,0.02982617801565315,0.00020944769080231553,0.001762802188466007,0.0016301374486768722,0.0029403414904090788,0.0009343414104454316,0.010655254479975021,0.004353524287076992,0.00035805718347202794,0.0058680524164619954,0.0012615371730237959,0.00013317711262226143,0.00391501452231228,0.0013868975250000593,0.004883130745235134,0.03214431201393278,0.03370233946308001,0.010172678063012973,0.0030504972025153566,0.003976494433160813,0.0023769196057372177,0.0005746146854435574,0.002256123824112789,0.001904375676862403,0.0028394680578654077,0.00538169602719982,0.0035960750991512846,0.0005414431881505627,0.0005201099597976288,0.012469700693514269,0.0006791400980779862,0.0011454991500154748,0.0011021466404307408,0.0021623217281719082,0.0053653475141602885,0.003527623045104159,0.0033348009518877997,0.0014315421864100322,0.004383544527331236,0.0005552390777134816,0.0019330404412726447,0.0003990487989955926,0.0026178903012196494,0.00011228492976809994,0.0020304868729013963,0.005814037205724661,0.0006669878899469246,0.00017485900525213372,1.9504477087078836e-05,0.0014662112351407292,0.0013858535967628965,0.004522092201742661,0.000859997507610015,0.00011232429855239352,0.00038041880045515603,0.0008791546171647415,0.001773978455617625,0.0028413528931804785,0.005639357548712792,0.019417893494204756,0.001564430006201566,0.001809104557353673,0.0020861105964403237,0.0018789997831869293,0.00037672373683362263,0.004552525534761547,0.0003369581552875252,0.026863924612309843,0.0003640978948057031,0.0039007878420868466,0.0016461827470120633,0.000414578028134509,0.0024139293693188745,0.0002693330216653291,0.009092443770588694,0.0002323973162184622,0.00013183419565899438,0.0004627491057766971,0.009185747067162117,0.0009347657669411874,0.0017125314960191667,0.0043796496591961285,0.00030425586150799165,0.013043837001723202,0.0020023939877374347,0.0005461439361099019,0.00038019327109240457,0.00832233258674566,0.010447261259268124,0.004076922927753672,0.01702203741830883,0.0002257626424401754,0.0013813594660930222,0.001570153146760458,0.00014292715610822975,0.00016520273164925345,0.0007135755909323248,0.0017197486824891237,0.001910617321971573,0.003488452455907053,0.0010523157648632108,0.0017758609326136141,0.03123813412223367,0.0009326039818908042,0.009689981147676186,0.0008528644957984056,0.0016798030278741792,0.0012609772328772903,0.0035190804618632486,0.003983575356234375,0.0003946891371585953,0.01660650185003641,0.0003584478980296039,0.0005294498128971709,0.00043929372421442324,7.391585391579842e-05,0.023399130312262408,0.006210658678543847,0.00013914095623499516,0.002437494445108115
1991,,,,,,,,,,,,,,,,,,,,,,,,,,,,,,,,,,,,,,,,,,,,,,,,,,,,,,,,,,,,,,,,,,,,,,,,,,,,,,,,,,,,,,,,,,,,,,,,,,,,,,,,,,,,,,,,,,,,,,,,,,,,,,,,,,,,,,,,,,,,,,,,,,,,,,,,,,,,,,,,,,,,,,,,,,,,,,,,,,,,,,,,,,,,,,,,,,,,,,,,,,,,,,,,,,,,,,,,,,,,,,,
1992,,,,,,,,,,,,,,,,,,,,,,,,,,,,,,,,,,,,,,,,,,,,,,,,,,,,,,,,,,,,,,,,,,,,,,,,,,,,,,,,,,,,,,,,,,,,,,,,,,,,,,,,,,,,,,,,,,,,,,,,,,,,,,,,,,,,,,,,,,,,,,,,,,,,,,,,,,,,,,,,,,,,,,,,,,,,,,,,,,,,,,,,,,,,,,,,,,,,,,,,,,,,,,,,,,,,,,,,,,,,,,,
1993,,,,,,,,,,,,,,,,,,,,,,,,,,,,,,,,,,,,,,,,,,,,,,,,,,,,,,,,,,,,,,,,,,,,,,,,,,,,,,,,,,,,,,,,,,,,,,,,,,,,,,,,,,,,,,,,,,,,,,,,,,,,,,,,,,,,,,,,,,,,,,,,,,,,,,,,,,,,,,,,,,,,,,,,,,,,,,,,,,,,,,,,,,,,,,,,,,,,,,,,,,,,,,,,,,,,,,,,,,,,,,,
1994,,,,,,,,,,,,,,,,,,,,,,,,,,,,,,,,,,,,,,,,,,,,,,,,,,,,,,,,,,,,,,,,,,,,,,,,,,,,,,,,,,,,,,,,,,,,,,,,,,,,,,,,,,,,,,,,,,,,,,,,,,,,,,,,,,,,,,,,,,,,,,,,,,,,,,,,,,,,,,,,,,,,,,,,,,,,,,,,,,,,,,,,,,,,,,,,,,,,,,,,,,,,,,,,,,,,,,,,,,,,,,,
1995,0.00440975188850429,0.002832966458291107,0.0028111486486939235,0.0001216073557432677,0.005705874232270276,1.580879245347407e-05,0.0005645749775000263,0.004451670084982144,0.0009220569619063892,0.008804476049457065,0.009210927380862013,0.00047427681929612995,0.0011612948042683702,0.00032506650705316063,0.00030327439636697545,0.00047314313695177916,0.000437575061798054,0.007046438764767363,0.00024152998118943738,7.739011230653511e-05,0.009417743414905278,0.010652589478623511,0.012125351048386105,0.02156892980324244,0.0061475370618106285,0.00018232846055753297,0.002365733991590303,0.0012223771308708235,0.004795416731302532,0.0018695382184008885,0.000641810523905212,,0.0002515230042775023,0.0004586701468588533,0.002059883834890708,0.015915942929676193,0.004991472685281258,0.010045545856509831,0.0007698104742850784,0.0012724837878648383,0.002299443773290673,0.01157549391740821,0.00028861962732683685,0.009102128165993218,0.00021023146797111565,0.0012659880965867802,0.00416419238672039,0.0032671610820171936,8.87090113727249e-05,0.000131164884284928,0.0007147943765603114,0.001275492386909492,0.0017256350590657476,0.0021777010383832243,0.001913732350807875,0.0024825290625735963,0.0024728789936460343,0.0008286192411395522,0.016693496223572163,0.02480696355214035,0.0014484156362754561,0.002700111944986212,0.0019628788228362665,0.006003402264670167,0.0001829045052390568,0.0019764091254559145,0.0025283417245658343,0.0015892902261899302,0.0026985374411808236,0.0004033774516291238,0.0010783216698670803,0.007489603201405532,0.0010788152591024018,0.01733104186167482,0.015093959073130693,0.0031141413366973718,0.024537288309364073,0.009240406170993518,0.0001914971156190518,0.03529114073633146,0.0010875533253099352,0.002973043863604308,0.00023368080144502327,0.005605121916762091,0.0018690022551691924,0.021961046337239092,0.0001407421057273684,0.0003418069502609613,0.01896972895537267,0.01507749776129509,0.0010224278064683491,0.0036817730013987138,0.0019815459708611995,0.0023675931627690394,0.00343689081665793,0.0016524459370287794,0.00012368028347410019,0.004508035179733512,0.0011348485675268874,0.021139810147944735,0.008092856102378894,0.0007950672200058861,0.0031938328586404345,0.02964187322877543,0.0002881312504441606,0.0015480393667943499,0.002212591552995159,0.0033646147863332695,0.0008716404099438866,0.00936083674251362,0.006726366414203532,0.0004168832889482275,0.0065724295322184805,0.0012381498820358253,0.0001271203277562677,0.0039342177587975155,0.0009957643009568713,0.004817532095407696,0.03180487332745945,0.02899165850278683,0.01123346117940845,0.003228083981889965,0.004469145645022869,0.0020911165511955207,0.0011711436796264223,0.002001331382406601,0.0016739112716237614,0.003182785787728621,0.001442996155120819,0.003764261474123387,0.0008233078720892154,0.0004920546056217132,0.012891016702187782,0.0005364896401091377,0.0010774742962252409,0.0013206476377662835,0.0016056215550358942,0.005061983088428368,0.0028173762069862067,0.002985403802263673,0.0013540899686280382,0.00012796573859842316,0.0008810966412949298,0.0021759816119209176,0.0006726785728502652,0.0016125585347348793,9.186422319031471e-05,0.002194440059367108,0.005219436635756754,0.0010634964691792783,0.00014206859371915416,2.352491345845608e-05,0.001236772163491257,0.0014114958930148687,0.005421386111407236,0.0011650357580259318,4.84655521632183e-05,0.0004006640326536846,0.0009722886700618087,0.0017759122535574753,0.0031462432639884,0.00604393749758104,0.015300149772959487,0.0014536989393811764,0.0015918885129812405,0.002553608473334122,0.0017204217698872381,0.00031833833160498293,0.004514697342647709,0.00033638648552849755,0.027427958811954783,0.000370188215205365,0.004381533075507725,0.0017535076896930976,0.0002791132060640331,0.00024037882661736223,0.00025921010581622824,0.006931322623672692,0.00019551524883904963,0.00012524859091341995,0.0004504125383821417,0.009288819722904209,0.0011514951335018643,0.002002034917156638,0.0049476815658301655,0.0008399404649864596,0.013533485696164534,0.0024753924771237883,0.0004868774731648576,0.0003927573606508825,0.011769068689598166,0.012254665405477413,0.004665854284346147,0.017204397495853646,0.00015190296805601652,0.001259308370405104,0.0012604787626791867,9.91052504048452e-05,0.0001648995938921583,0.0008341925507299671,0.0011474889739697747,0.0022935864562562305,0.003907406193024564,0.0006047716061211552,0.0022492518839201435,0.03015560729231681,0.0009020227692036115,0.009076251945272002,0.0007859288846674047,0.0013563297791984947,0.001237615895107318,0.0022960913083811796,0.0040040443301140975,0.00022007657890065708,0.016850012536229413,0.00021120283122468613,0.0004909142847804283,0.002484810210419777,7.063445940516868e-05,0.021526379307355497,0.004601897406243462,0.0001107324501548263,0.00250683653198224
1996,,,,,,,,,,,,,,,,,,,,,,,,,,,,,,,,,,,,,,,,,,,,,,,,,,,,,,,,,,,,,,,,,,,,,,,,,,,,,,,,,,,,,,,,,,,,,,,,,,,,,,,,,,,,,,,,,,,,,,,,,,,,,,,,,,,,,,,,,,,,,,,,,,,,,,,,,,,,,,,,,,,,,,,,,,,,,,,,,,,,,,,,,,,,,,,,,,,,,,,,,,,,,,,,,,,,,,,,,,,,,,,
1997,,,,,,,,,,,,,,,,,,,,,,,,,,,,,,,,,,,,,,,,,,,,,,,,,,,,,,,,,,,,,,,,,,,,,,,,,,,,,,,,,,,,,,,,,,,,,,,,,,,,,,,,,,,,,,,,,,,,,,,,,,,,,,,,,,,,,,,,,,,,,,,,,,,,,,,,,,,,,,,,,,,,,,,,,,,,,,,,,,,,,,,,,,,,,,,,,,,,,,,,,,,,,,,,,,,,,,,,,,,,,,,
1998,,,,,,,,,,,,,,,,,,,,,,,,,,,,,,,,,,,,,,,,,,,,,,,,,,,,,,,,,,,,,,,,,,,,,,,,,,,,,,,,,,,,,,,,,,,,,,,,,,,,,,,,,,,,,,,,,,,,,,,,,,,,,,,,,,,,,,,,,,,,,,,,,,,,,,,,,,,,,,,,,,,,,,,,,,,,,,,,,,,,,,,,,,,,,,,,,,,,,,,,,,,,,,,,,,,,,,,,,,,,,,,
1999,,,,,,,,,,,,,,,,,,,,,,,,,,,,,,,,,,,,,,,,,,,,,,,,,,,,,,,,,,,,,,,,,,,,,,,,,,,,,,,,,,,,,,,,,,,,,,,,,,,,,,,,,,,,,,,,,,,,,,,,,,,,,,,,,,,,,,,,,,,,,,,,,,,,,,,,,,,,,,,,,,,,,,,,,,,,,,,,,,,,,,,,,,,,,,,,,,,,,,,,,,,,,,,,,,,,,,,,,,,,,,,
2000,0.004356479488849929,0.0034321222871827595,0.0036781187848773152,0.00010724920188521867,0.005538446704771474,1.7433265615040407e-05,0.0005235968781803931,0.004466134487868405,0.00095245837931691,0.008853284182277512,0.008088290130122288,0.0008406160287984246,0.001235868205493108,0.0004654333627354969,0.0003331776278662152,0.0005761085521553431,0.00031022389258271427,0.007694729889855463,0.0005356207624245641,9.619853847691082e-05,0.009279415936877674,0.010403256420973466,0.012380389307937983,0.022001837815814215,0.0055940737484268775,0.00016695417133773564,0.002881183900003633,0.0010067582529570875,0.005260131164611026,0.0023150392359014113,0.0006305791431924504,,0.0002632791353077529,0.00040207537903263785,0.0004923904821342747,0.015552430870368093,0.004938796914095599,0.010088972120047017,0.0006212659919202855,0.001309958894577515,0.002143691005275944,0.012065536874793689,0.00020571265912836632,0.009424000053351943,0.00017625098497412201,0.001091629527740145,0.002390939215352953,0.002626511628972393,7.950622474436324e-05,0.000179392623902186,0.0014176333498663114,0.0014632068501629957,0.00209039142328463,0.0018448405955140729,0.001916000655809787,0.00244824174298161,0.00351083241667853,0.0008501889851781658,0.017412840580694894,0.024862717677118153,0.0013296635304769916,0.0023197160740273766,0.0017449410407184337,0.006128458767817967,0.0001642898069738329,0.0018008358964697502,0.0033866678184800497,0.0014977777900736697,0.003463272248259302,0.0005470534809277866,0.0010068642324668284,0.007822210801945574,0.001395635008171104,0.018245915662973965,0.014524787730633421,0.0028482723118044857,0.02410761522784911,0.007872565187455454,0.000178368884515888,0.03436795563758718,0.000932417001463978,0.0018709047663014497,0.0002648563586293394,0.005647538593270957,0.0020428684241024907,0.022626092791350198,0.00014830348517421788,0.0003686445913664409,0.01876470954660129,0.0155442707137178,0.00089578794665789,0.0038500756458371217,0.0005558654471568225,0.0024680246151294566,0.0035147311796124435,0.0011472805295351621,0.0001309180964100513,0.003495383254610061,0.00103127347185085,0.02087147299671929,0.006392520044637334,0.0006386971518013803,0.0028620701573128723,0.029373697967826087,0.00027000479277027023,0.0014764990149296073,0.0025619965353676165,0.003747543711736344,0.0008261723208932149,0.007738680621451777,0.006029248763765899,0.0005064746130045205,0.007405239358295254,0.001020758192598028,0.00011754103850281916,0.0037152511087965483,0.0007054751598256381,0.005015307084550959,0.03247569434429876,0.03369367720606249,0.014065411961335405,0.0032904835881620038,0.004847576753545816,0.001461230691212643,0.0006334878134222217,0.0017970950553494573,0.00143342108665667,0.004382369830000267,0.001084223229908252,0.003935407523490769,0.0010966653259123626,0.0004676090690068535,0.013648733028393721,0.000510392625639614,0.0010245922653053983,0.0016144150900283705,0.0010639458057792052,0.004865824662632593,0.0024025918613021988,0.0030268372271523448,0.001350647009797645,0.00011658849545436666,0.0011185602808369088,0.0024790783929442665,0.0008693784363700042,0.0014260433241194102,7.673991859389597e-05,0.0010002211665690636,0.004869806128917136,0.0008337788770562775,0.00011484978746931646,3.130028968288073e-05,0.001260067334657389,0.0011461030767701836,0.005389489130539851,0.0014163550398110783,5.987052476833009e-05,0.0004627000312520923,0.0010757530260316894,0.001799432633202058,0.0035238178635315534,0.006526911412274498,0.01299652137145124,0.0010150911374169648,0.0014232127679534461,0.002706092140197503,0.0015653717661023117,0.0002636845562504482,0.00453608960387263,0.00034773185864045685,0.028406168280899695,0.0003260307321928102,0.003800033552803163,0.002448627636924829,0.0002743924681312626,0.0001975233688257088,0.00025915857836365086,0.0066081158226238175,0.00016873928822579802,0.00013266544570329276,0.0003475131365754693,0.009110948611989956,0.001886288984242121,0.0021381438538786565,0.005590750263341309,0.0010534967882543718,0.013983785936256104,0.0030106588563509973,0.0005443687009100198,0.0004124982299968874,0.014231712511989894,0.014541289436015547,0.005345922487414873,0.017351439094626546,0.000143949632406488,0.0011552471103099717,0.0010166107689151412,6.944594606996763e-05,0.00015874332802491635,0.0010136566936888498,0.0010314391259541816,0.002673700676515194,0.00431338407475295,0.000431979587473728,0.0029038980205285552,0.02792238327265094,0.000865417708531875,0.008358667534247334,0.0006432114147016716,0.001252285228308008,0.001020540081455852,0.002313423888396725,0.004036901329456567,0.00023642380691459047,0.014600142368754208,0.00021945539160015407,0.0004743032089182051,0.002113921510080822,6.863909641350175e-05,0.0206923665117308,0.0032951604514181274,8.9095629679202e-05,0.0028744522628633006
2001,,,,,,,,,,,,,,,,,,,,,,,,,,,,,,,,,,,,,,,,,,,,,,,,,,,,,,,,,,,,,,,,,,,,,,,,,,,,,,,,,,,,,,,,,,,,,,,,,,,,,,,,,,,,,,,,,,,,,,,,,,,,,,,,,,,,,,,,,,,,,,,,,,,,,,,,,,,,,,,,,,,,,,,,,,,,,,,,,,,,,,,,,,,,,,,,,,,,,,,,,,,,,,,,,,,,,,,,,,,,,,,
2002,,,,,,,,,,,,,,,,,,,,,,,,,,,,,,,,,,,,,,,,,,,,,,,,,,,,,,,,,,,,,,,,,,,,,,,,,,,,,,,,,,,,,,,,,,,,,,,,,,,,,,,,,,,,,,,,,,,,,,,,,,,,,,,,,,,,,,,,,,,,,,,,,,,,,,,,,,,,,,,,,,,,,,,,,,,,,,,,,,,,,,,,,,,,,,,,,,,,,,,,,,,,,,,,,,,,,,,,,,,,,,,
2003,,,,,,,,,,,,,,,,,,,,,,,,,,,,,,,,,,,,,,,,,,,,,,,,,,,,,,,,,,,,,,,,,,,,,,,,,,,,,,,,,,,,,,,,,,,,,,,,,,,,,,,,,,,,,,,,,,,,,,,,,,,,,,,,,,,,,,,,,,,,,,,,,,,,,,,,,,,,,,,,,,,,,,,,,,,,,,,,,,,,,,,,,,,,,,,,,,,,,,,,,,,,,,,,,,,,,,,,,,,,,,,
2004,,,,,,,,,,,,,,,,,,,,,,,,,,,,,,,,,,,,,,,,,,,,,,,,,,,,,,,,,,,,,,,,,,,,,,,,,,,,,,,,,,,,,,,,,,,,,,,,,,,,,,,,,,,,,,,,,,,,,,,,,,,,,,,,,,,,,,,,,,,,,,,,,,,,,,,,,,,,,,,,,,,,,,,,,,,,,,,,,,,,,,,,,,,,,,,,,,,,,,,,,,,,,,,,,,,,,,,,,,,,,,,
2005,0.00403469855230783,0.0043761383168512795,0.004724111564799441,0.00013826854948522383,0.0053529694009094644,1.901315225353454e-05,0.00048085700471107285,0.004306325919799562,0.0009727117949663137,0.009268320594193614,0.006861097451416438,0.0009580410760865006,0.0012935640519163326,0.0005646925131896296,0.00034496820538957624,0.0006569759789047508,0.00020819654581996695,0.008711742561309918,0.0005646979793016874,0.00010504226449905664,0.007596608742308622,0.010754006941271176,0.012287531965321846,0.021718712075848603,0.004930864603486551,0.0001487928666686342,0.0033661184492160133,0.001107539696941018,0.005396692245846207,0.0026944353759171405,0.000578781839072084,0.003731689066341377,0.0002729023028531737,0.0003275097727198294,0.0004317241077013668,0.013473453443106064,0.003807476494588971,0.00987015890842008,0.000490868365325612,0.0013479384598841775,0.0018412314541020958,0.011161208868794159,0.0001758836269090485,0.00937178732160421,0.00014821505965244213,0.0009273658544905705,0.0012431559453156835,0.0020897508673049653,7.051400125916229e-05,0.00018271430957920277,0.0013958165998682024,0.0010019280732062057,0.002629866597149185,0.0012350386740001668,0.0018641279278918592,0.0030718231007415045,0.004276026230936808,0.0008777004399075719,0.01820161080013171,0.029317184394489906,0.0009732348614907537,0.0019789422111251053,0.0014772102357523006,0.005491876410844993,0.0001460603330615497,0.0016028336350535697,0.004423029940355857,0.001466473147973277,0.003277373076553499,0.0006261045555504183,0.0009323631869662875,0.008193227394066955,0.0018057061335551077,0.018627605872677474,0.016366143642143487,0.002727071676501487,0.024941412583475774,0.007121088964310164,0.00017022062100965828,0.0357700728157935,0.000908214193242033,0.001273639216340393,0.00029241723671846054,0.005141047270529732,0.0022035189729742817,0.02305279332307465,0.00015074752835078444,0.0003891774112531624,0.01888536002561081,0.016126828181055288,0.0007832757428006194,0.003862042226557724,0.00035946397508727104,0.002408032404110975,0.0035346508642882615,0.0008575246805594229,0.00013624872071097015,0.0017426000563052063,0.0009065049035495629,0.021002445459559992,0.006023730012784674,0.0005697602541944963,0.0026200921737624416,0.028125243889943006,0.0001991372033617847,0.0013830517176408688,0.0028622734973288645,0.004075954130494457,0.00078306699913713,0.006250872749725606,0.006252643167819364,0.000603964082938058,0.007454005815833645,0.0008961609479063072,0.00010667539776165977,0.0035351268246518576,0.00048425080769164987,0.0051624965487368675,0.026826061000714847,0.03468680798391731,0.014031329236652566,0.0034623225707350385,0.005176027817586532,0.001544522239298267,0.0005517617317736358,0.0015866617213169387,0.001218956573574482,0.006235011894972935,0.0009184727971581244,0.004020632116399549,0.0003849759276429809,0.0004339054673101299,0.01441194932181319,0.0004889288870547597,0.0009903205389984017,0.002222328282419253,0.0006700893946481194,0.0048103926486006395,0.0020347504975367125,0.0030765316292380557,0.001344773404622235,0.00010550244343786619,0.0013720277824450704,0.002900073592315,0.000807190555450538,0.0012657218931866033,6.320804904857807e-05,0.000879467650818033,0.004805864027674733,0.0009627601231531744,9.115017304015154e-05,2.7778700007620527e-05,0.0013865780003470252,0.0009770232248682471,0.005901640322223636,0.0016706825337659522,2.517310106283836e-05,0.0005244328046821846,0.0011528091870195891,0.0017866812692241927,0.004058830107891559,0.0067557597144998795,0.009450139880417487,0.0008206329214479958,0.0012247273676256531,0.0024727343500680504,0.0013763733700879733,0.00021604069169254813,0.004470125904733604,0.0003779882693716833,0.033166602635249766,0.00030318616619604433,0.003512706711861132,0.0031952137234526174,0.0002786031935790062,0.0001607011542065945,0.00026295925478090053,0.005952511498721562,0.00015291749084713654,0.00013141605570090583,0.0003060488811243372,0.008928024810556387,0.004432939372426909,0.002418026380339009,0.005838907325599636,0.0009386193172582682,0.014100581966150619,0.0032610311216288816,0.0014951489337268475,0.0004317402885017351,0.012722852806253848,0.014707678288780371,0.005580084315944754,0.01677260733377321,0.00013622329841844242,0.0010621802469878015,0.0007927733913503135,5.719184773165039e-05,0.00014640796535781857,0.0012119176873007726,0.0012595524034584424,0.003053667813956007,0.004465714446576832,0.00030370409627176125,0.0036911545252808617,0.02600853265957483,0.0008254692967454012,0.008244271482133622,0.0005393863919213242,0.0011380869474299192,0.0008961117562574118,0.0018908914328096737,0.0038728092255100213,0.00025322723029854295,0.014316151357281304,0.00023137858994854208,0.0005107453690614178,0.00203141157951182,6.483589929875887e-05,0.020281176876191125,0.0023431760320891965,7.833937521955917e-05,0.00330349079283605
2006,,,,,,,,,,,,,,,,,,,,,,,,,,,,,,,,,,,,,,,,,,,,,,,,,,,,,,,,,,,,,,,,,,,,,,,,,,,,,,,,,,,,,,,,,,,,,,,,,,,,,,,,,,,,,,,,,,,,,,,,,,,,,,,,,,,,,,,,,,,,,,,,,,,,,,,,,,,,,,,,,,,,,,,,,,,,,,,,,,,,,,,,,,,,,,,,,,,,,,,,,,,,,,,,,,,,,,,,,,,,,,,
2007,,,,,,,,,,,,,,,,,,,,,,,,,,,,,,,,,,,,,,,,,,,,,,,,,,,,,,,,,,,,,,,,,,,,,,,,,,,,,,,,,,,,,,,,,,,,,,,,,,,,,,,,,,,,,,,,,,,,,,,,,,,,,,,,,,,,,,,,,,,,,,,,,,,,,,,,,,,,,,,,,,,,,,,,,,,,,,,,,,,,,,,,,,,,,,,,,,,,,,,,,,,,,,,,,,,,,,,,,,,,,,,
2008,,,,,,,,,,,,,,,,,,,,,,,,,,,,,,,,,,,,,,,,,,,,,,,,,,,,,,,,,,,,,,,,,,,,,,,,,,,,,,,,,,,,,,,,,,,,,,,,,,,,,,,,,,,,,,,,,,,,,,,,,,,,,,,,,,,,,,,,,,,,,,,,,,,,,,,,,,,,,,,,,,,,,,,,,,,,,,,,,,,,,,,,,,,,,,,,,,,,,,,,,,,,,,,,,,,,,,,,,,,,,,,
2009,,,,,,,,,,,,,,,,,,,,,,,,,,,,,,,,,,,,,,,,,,,,,,,,,,,,,,,,,,,,,,,,,,,,,,,,,,,,,,,,,,,,,,,,,,,,,,,,,,,,,,,,,,,,,,,,,,,,,,,,,,,,,,,,,,,,,,,,,,,,,,,,,,,,,,,,,,,,,,,,,,,,,,,,,,,,,,,,,,,,,,,,,,,,,,,,,,,,,,,,,,,,,,,,,,,,,,,,,,,,,,,
2010,0.0038674254477113,0.004496012139696122,0.005838329357902397,0.000124602861110266,0.005423462977529855,2.1415164397501574e-05,0.00045215490338950385,0.004294317206528005,0.0010125397341647197,0.010021829973769679,0.004569696355576995,0.0009766870499095736,0.0013961335975525362,0.0006431569251866614,0.00036773017657006096,0.000709831552805283,0.0001439006094116353,0.009237374466295351,0.0006057644890974662,0.00011558891026782019,0.007302304628626443,0.010839278172003234,0.012791685005598586,0.021770213873727906,0.004274609773271846,0.0001357723454661121,0.004147599636099219,0.0015321222445738513,0.0054954506491933135,0.003228963220837135,0.000553430811615104,0.002866752287799103,0.00029216606370763347,0.00031217814722981816,0.0002683162253097736,0.010445782868352644,0.0030100048342796976,0.009986689802996168,0.00039879247588158666,0.001470165034581825,0.001569214757060361,0.011722455250377406,0.00014974341153398374,0.009410725794611077,0.00012621685226221234,0.000808629815540963,0.001016475235519237,0.0017378834153043492,6.38784233999382e-05,0.00019550006292654048,0.001433773348207361,0.0006997736380549296,0.002805710070852172,0.0011975546061779958,0.0018067915461213579,0.004447061435630817,0.005043337518395998,0.0009002676135838499,0.020541133026284818,0.02685407758219623,0.0010400351345813555,0.0017208150592783512,0.0012841515420454253,0.004993945691111983,0.000133042372599244,0.0014686490518281124,0.005027082053220951,0.001415078765592456,0.003181078391678013,0.0007248669226807225,0.000917072311190648,0.008847640191430393,0.0023425648334641385,0.019577490425941778,0.01590221424957089,0.0026444940669712665,0.023416672741413416,0.0066720621290353894,0.00016859073367430353,0.030887454307466682,0.0009085964622501545,0.0012177241233056611,0.0002954783368515858,0.004788508907338875,0.002397185372597236,0.024292718176671207,0.00015433329446820946,0.0004269005717567381,0.021301174467522208,0.016112402718966502,0.0006875231037598367,0.004026373700031421,0.00028170816588106293,0.0023342210432782296,0.0035882264090284425,0.0006032424280105902,0.00014607056144132558,0.0014966755036275804,0.0008049629791509503,0.021086828510271105,0.0060797080573139995,0.0005183554285037486,0.0024483857273793876,0.026725016601568185,0.00011283694410902519,0.00150695700229478,0.0032905611764271745,0.0043732176870297235,0.0007564560546766215,0.0057245886732564845,0.006618523048385661,0.0007866025944006547,0.007697439246898558,0.0008453685785277832,0.00010034133931683667,0.0037290998042423134,0.00034078777320647693,0.005323040985838508,0.016516201659947743,0.02863921086638198,0.014089902446494149,0.003627089025814331,0.005817466304543546,0.0014712162829400475,0.000491916417501077,0.001451306581493972,0.0010850946839629423,0.008231925295258256,0.0007801881588459742,0.004195781493962491,0.00030257829356988706,0.00041198780020772213,0.015732453497746587,0.0004974778981458095,0.001026746911164923,0.003145414720904188,0.0006816793734319257,0.004799665595658362,0.001719842718000832,0.0032598443571476,0.0013616919942018376,9.95886966096574e-05,0.0017574842853820256,0.003182462463555075,0.0007729338714523986,0.0011128243347234418,5.35080091565031e-05,0.0011541837313177885,0.0047879130636988105,0.0010192581440913657,7.483316894451016e-05,3.33038961115212e-05,0.0015375760792728556,0.0008147511645498625,0.006544260784344905,0.0020155905080815025,2.1250039468520826e-05,0.0006141485618173983,0.0012778016514492854,0.0018331003284633102,0.004293861571220528,0.0071580768693629135,0.008433399054836302,0.0006772485553555305,0.0010803697726011593,0.002627008523482871,0.0012118694416559557,0.00018447092809746628,0.004550110299192234,0.0011010427155084793,0.042500933704918364,0.0002990340630255148,0.003342024293170769,0.004889093852994168,0.00030691295631729944,0.00013552095715581774,0.00027390478933859297,0.005739407759121561,0.00014470870258442015,0.00012872031289495555,0.00028090407961545887,0.008933248001457072,0.005719810778985468,0.002787292934811734,0.00608634459341111,0.0008470499410283853,0.01427448781080801,0.003642311895719807,0.0013633201916610615,0.00046514206780148674,0.011787167469722432,0.016184271829287587,0.00578139489545666,0.016305683773656317,0.000131475226586806,0.0009890694432822672,0.0006418833394306742,5.6368343941324734e-05,0.00014683209311617585,0.0015576300043133838,0.0007722429347816165,0.0036294139614379698,0.0044069581722721175,0.0002614286860533716,0.004242693625516755,0.02763501835283704,0.0008150982348962042,0.007881644218202834,0.00044804165317616803,0.0010755894671678984,0.0008454518321336341,0.0015663790163810722,0.0036364113898731654,0.0002789642820450509,0.014438064725170716,0.00025556344825849737,0.000541984496425115,0.001888995566614242,6.329140356099735e-05,0.02066846705581745,0.0017078575811527324,7.161953163567475e-05,0.00350237942941906
