,Burundi,"China, Taiwan Province of",Croatia,Myanmar,Burkina Faso,Philippines,Syrian Arab Republic,Brazil,Lao People's Democratic Republic,United Republic of Tanzania,Nepal,Ethiopia,Indonesia,Liberia,Greece,Zimbabwe,Bangladesh,Malawi,Rwanda,Australia & New Zealand,Yugoslav SFR,Guatemala,Slovenia,Senegal,Madagascar,Tajikistan,Uganda,Ukraine,Zambia,Switzerland,Sri Lanka,Uruguay,Azerbaijan,Panama,Bosnia and Herzegovina,China,Colombia,Latvia,Kyrgyzstan,Chile,Hungary,Kazakhstan,South Africa,Argentina,France,Togo,Kenya,Poland,"China, mainland",Russian Federation,Mali,Costa Rica,Bolivia (Plurinational State of),Peru,Democratic People's Republic of Korea,Serbia and Montenegro,Cameroon,Serbia,Malaysia,Germany,Benin,Canada,Japan,Pakistan,Iraq,The former Yugoslav Republic of Macedonia,Venezuela (Bolivarian Republic of),Spain,New Zealand,Belize,Bulgaria,United States of America,Iran (Islamic Republic of),Democratic Republic of the Congo,Thailand,Czechoslovakia,Nigeria,Czechia,French Guiana,Ethiopia PDR,Cambodia,Timor-Leste,Paraguay,Georgia,India,El Salvador,Austria,Morocco,Bhutan,Republic of Korea,Gabon,USSR,Romania,Ecuador,Honduras,Jordan,Mexico,Viet Nam,Suriname,CÃ´te d'Ivoire,Nicaragua,Albania,Slovakia,Italy,Australia,Egypt,Netherlands,Angola,Guyana,Republic of Moldova,Turkey
1961,700.0,59582.0,-1.0,3428.0,-1.0,2200.0,-1.0,240919.0,3069.0,10000.0,4000.0,-1.0,625000.0,3000.0,-1.0,741.0,-1.0,-1.0,460.0,300.0,12800.0,-1.0,-1.0,-1.0,-1.0,-1.0,2670.0,-1.0,-1.0,-1.0,40.0,1000.0,-1.0,-1.0,-1.0,10006582.0,13500.0,-1.0,-1.0,700.0,1967.0,-1.0,5000.0,980.0,-1.0,-1.0,-1.0,-1.0,9947000.0,-1.0,-1.0,-1.0,-1.0,1000.0,300000.0,-1.0,-1.0,-1.0,48.0,-1.0,-1.0,85792.0,290900.0,1000.0,-1.0,-1.0,-1.0,-1.0,-1.0,-1.0,2113.0,10928000.0,1000.0,2000.0,22880.0,-1.0,163000.0,-1.0,-1.0,3500.0,14000.0,1400.0,1300.0,-1.0,11000.0,-1.0,-1.0,-1.0,-1.0,290073.0,-1.0,702000.0,10000.0,60.0,-1.0,-1.0,9943.0,33900.0,75.0,-1.0,-1.0,-1.0,-1.0,180.0,300.0,-1.0,-1,-1.0,-1.0,-1.0,4600.0
1962,700.0,54438.0,-1.0,14164.0,-1.0,1800.0,-1.0,313640.0,3120.0,8000.0,4000.0,-1.0,594000.0,3000.0,-1.0,874.0,-1.0,-1.0,320.0,336.0,7620.0,-1.0,-1.0,-1.0,-1.0,-1.0,2400.0,-1.0,-1.0,-1.0,40.0,1000.0,-1.0,-1.0,-1.0,9548938.0,16400.0,-1.0,-1.0,700.0,5013.0,-1.0,5000.0,9649.0,-1.0,-1.0,-1.0,-1.0,9494500.0,-1.0,-1.0,-1.0,-1.0,1000.0,310000.0,-1.0,-1.0,-1.0,50.0,-1.0,-1.0,89434.0,268200.0,1000.0,-1.0,-1.0,-1.0,-1.0,-1.0,-1.0,2881.0,11172000.0,1000.0,2000.0,27200.0,-1.0,189000.0,-1.0,-1.0,3700.0,15000.0,1400.0,1800.0,-1.0,11000.0,-1.0,-1.0,-1.0,-1.0,287287.0,-1.0,825000.0,8323.0,65.0,-1.0,-1.0,27326.0,32000.0,79.0,-1.0,-1.0,-1.0,-1.0,216.0,336.0,-1.0,-1,-1.0,-1.0,-1.0,4600.0
1963,700.0,55223.0,-1.0,15449.0,-1.0,1630.0,-1.0,339796.0,3250.0,15000.0,4000.0,-1.0,539000.0,3000.0,-1.0,595.0,-1.0,-1.0,200.0,1002.0,5370.0,-1.0,-1.0,-1.0,-1.0,-1.0,500.0,-1.0,-1.0,-1.0,40.0,1000.0,-1.0,-1.0,-1.0,9678923.0,18500.0,-1.0,-1.0,800.0,2785.0,-1.0,5000.0,19302.0,-1.0,-1.0,-1.0,-1.0,9623700.0,-1.0,-1.0,-1.0,-1.0,1000.0,320000.0,-1.0,-1.0,-1.0,30.0,-1.0,-1.0,92267.0,235000.0,1000.0,-1.0,-1.0,-1.0,-1.0,-1.0,-1.0,1517.0,11580000.0,1000.0,2000.0,32000.0,-1.0,190000.0,-1.0,-1.0,4000.0,14000.0,1400.0,4500.0,-1.0,18000.0,-1.0,-1.0,-1.0,-1.0,282893.0,-1.0,890000.0,8500.0,70.0,-1.0,-1.0,27426.0,30000.0,64.0,-1.0,-1.0,-1.0,-1.0,140.0,1002.0,-1.0,-1,-1.0,-1.0,-1.0,6300.0
1964,700.0,50970.0,-1.0,12662.0,-1.0,1660.0,-1.0,359622.0,3300.0,7000.0,5000.0,-1.0,571000.0,3000.0,-1.0,445.0,-1.0,-1.0,-1.0,1673.0,5720.0,-1.0,-1.0,-1.0,-1.0,-1.0,2500.0,-1.0,-1.0,-1.0,40.0,1000.0,-1.0,-1.0,-1.0,10049620.0,24800.0,-1.0,-1.0,800.0,1757.0,-1.0,7000.0,12220.0,-1.0,-1.0,-1.0,-1.0,9998650.0,-1.0,-1.0,-1.0,-1.0,1000.0,330000.0,-1.0,-1.0,-1.0,30.0,-1.0,-1.0,93481.0,217100.0,1100.0,-1.0,-1.0,-1.0,-1.0,-1.0,-1.0,346.0,12461000.0,1000.0,3000.0,34080.0,-1.0,180000.0,-1.0,-1.0,4300.0,12000.0,1400.0,6250.0,-1.0,18000.0,-1.0,-1.0,-1.0,-1.0,281167.0,-1.0,890000.0,5300.0,75.0,-1.0,-1.0,30629.0,32000.0,99.0,-1.0,-1.0,-1.0,-1.0,150.0,1673.0,-1.0,-1,-1.0,-1.0,-1.0,6000.0
1965,700.0,53176.0,-1.0,12355.0,-1.0,1470.0,-1.0,431834.0,3300.0,5000.0,5000.0,-1.0,584000.0,3000.0,-1.0,364.0,-1.0,-1.0,-1.0,1837.0,8040.0,-1.0,-1.0,-1.0,-1.0,-1.0,2400.0,-1.0,-1.0,-1.0,40.0,1000.0,-1.0,-1.0,-1.0,8637176.0,29700.0,-1.0,-1.0,900.0,1729.0,-1.0,7000.0,16422.0,-1.0,-1.0,-1.0,-1.0,8584000.0,-1.0,-1.0,-1.0,-1.0,395.0,340000.0,-1.0,-1.0,-1.0,74.0,-1.0,-1.0,107240.0,184400.0,1200.0,-1.0,-1.0,-1.0,-1.0,-1.0,-1.0,350.0,13941000.0,1000.0,3000.0,18400.0,-1.0,184000.0,-1.0,-1.0,4500.0,7600.0,1400.0,11250.0,-1.0,23000.0,-1.0,-1.0,-1.0,-1.0,310676.0,-1.0,853000.0,5600.0,80.0,-1.0,-1.0,27446.0,34900.0,58.0,-1.0,-1.0,-1.0,-1.0,130.0,1837.0,-1.0,-1,-1.0,-1.0,-1.0,6000.0
1966,700.0,51326.0,-1.0,14940.0,-1.0,1430.0,-1.0,490687.0,3400.0,1700.0,5000.0,-1.0,605000.0,3000.0,-1.0,100.0,-1.0,-1.0,-1.0,1996.0,6330.0,-1.0,-1.0,-1.0,-1.0,-1.0,1050.0,-1.0,-1.0,-1.0,40.0,1000.0,-1.0,-1.0,-1.0,8468326.0,35000.0,-1.0,-1.0,900.0,715.0,-1.0,7000.0,15689.0,-1.0,-1.0,-1.0,-1.0,8417000.0,-1.0,-1.0,-1.0,-1.0,565.0,263000.0,-1.0,-1.0,-1.0,72.0,-1.0,-1.0,112906.0,169100.0,1200.0,-1.0,-1.0,-1.0,-1.0,-1.0,-1.0,62.0,14789000.0,2000.0,3000.0,44160.0,-1.0,185000.0,-1.0,-1.0,4500.0,8100.0,1400.0,14280.0,-1.0,23000.0,-1.0,-1.0,-1.0,-1.0,275913.0,-1.0,855000.0,17500.0,80.0,-1.0,-1.0,54243.0,40000.0,62.0,-1.0,-1.0,-1.0,-1.0,110.0,1996.0,-1.0,-1,-1.0,-1.0,-1.0,6000.0
1967,700.0,52302.0,-1.0,14770.0,-1.0,1480.0,-1.0,612115.0,3450.0,1000.0,6000.0,-1.0,589000.0,3500.0,-1.0,100.0,-1.0,-1.0,-1.0,1168.0,6740.0,-1.0,-1.0,-1.0,-1.0,-1.0,3000.0,-1.0,-1.0,-1.0,60.0,1000.0,-1.0,-1.0,-1.0,8546302.0,48000.0,-1.0,-1.0,1000.0,354.0,-1.0,11300.0,17290.0,-1.0,-1.0,-1.0,-1.0,8494000.0,-1.0,-1.0,-1.0,313.0,585.0,266000.0,-1.0,-1.0,-1.0,47.0,-1.0,-1.0,117357.0,141600.0,1400.0,-1.0,-1.0,-1.0,-1.0,-1.0,-1.0,124.0,16108287.0,2000.0,3000.0,58400.0,-1.0,166000.0,-1.0,-1.0,4500.0,9300.0,1400.0,12860.0,-1.0,27000.0,-1.0,-1.0,-1.0,-1.0,310504.0,-1.0,850000.0,49100.0,150.0,-1.0,-1.0,69881.0,38000.0,43.0,-1.0,-1.0,-1.0,-1.0,110.0,1168.0,-1.0,-1,-1.0,-1.0,-1.0,6000.0
1968,700.0,49461.0,-1.0,16997.0,-1.0,1420.0,-1.0,721913.0,3600.0,600.0,6000.0,-1.0,677000.0,3500.0,-1.0,250.0,-1.0,-1.0,-1.0,1619.0,4550.0,-1.0,-1.0,-1.0,-1.0,-1.0,7000.0,-1.0,-1.0,-1.0,60.0,1000.0,-1.0,-1.0,-1.0,8403461.0,50500.0,-1.0,-1.0,1000.0,368.0,-1.0,12545.0,20200.0,-1.0,-1.0,-1.0,-1.0,8354000.0,-1.0,-1.0,-1.0,430.0,205.0,270000.0,-1.0,-1.0,-1.0,80.0,-1.0,-1.0,119381.0,122600.0,1600.0,-1.0,-1.0,-1.0,-1.0,-1.0,-1.0,122.0,16750110.0,2000.0,2900.0,46080.0,-1.0,185000.0,-1.0,-1.0,4800.0,4900.0,1400.0,8400.0,-1.0,27000.0,-1.0,-1.0,-1.0,-1.0,313501.0,-1.0,854000.0,48800.0,80.0,-1.0,-1.0,132982.0,36000.0,121.0,-1.0,-1.0,-1.0,-1.0,97.0,1619.0,-1.0,-1,-1.0,-1.0,-1.0,7500.0
1969,700.0,45277.0,-1.0,16997.0,-1.0,1460.0,-1.0,906073.0,3600.0,787.0,7000.0,-1.0,553000.0,3500.0,-1.0,3750.0,-1.0,-1.0,550.0,2093.0,4326.0,-1.0,-1.0,-1.0,-1.0,-1.0,4000.0,-1.0,-1.0,-1.0,60.0,1000.0,-1.0,-1.0,-1.0,8365277.0,53000.0,-1.0,-1.0,1000.0,420.0,-1.0,13354.0,28200.0,-1.0,-1.0,-1.0,-1.0,8320000.0,-1.0,-1.0,-1.0,800.0,135.0,274000.0,-1.0,-1.0,-1.0,120.0,-1.0,-1.0,130307.0,102800.0,1800.0,-1.0,-1.0,-1.0,-1.0,-1.0,-1.0,124.0,16728257.0,2000.0,2100.0,46880.0,-1.0,160000.0,-1.0,-1.0,5000.0,13000.0,1400.0,12220.0,-1.0,32000.0,90.0,-1.0,-1.0,-1.0,305179.0,-1.0,850000.0,53700.0,511.0,-1.0,-1.0,163186.0,33000.0,33.0,-1.0,-1.0,-1.0,-1.0,89.0,2093.0,-1.0,-1,-1.0,-1.0,-1.0,8160.0
1970,700.0,42749.0,-1.0,18211.0,-1.0,1460.0,-1.0,1318809.0,3700.0,1429.0,7000.0,-1.0,695000.0,3500.0,-1.0,4500.0,-1.0,-1.0,1337.0,4967.0,3770.0,-1.0,-1.0,-1.0,-1.0,-1.0,4600.0,-1.0,-1.0,-1.0,80.0,1000.0,-1.0,-1.0,-1.0,8019749.0,66500.0,-1.0,-1.0,1000.0,-1.0,-1.0,14164.0,25970.0,-1.0,-1.0,-1.0,-1.0,7977000.0,-1.0,-1.0,-1.0,1000.0,370.0,278000.0,-1.0,-1.0,-1.0,164.0,-1.0,-1.0,135568.0,95600.0,2000.0,-1.0,-1.0,-1.0,2023.0,-1.0,-1.0,9482.0,17097328.0,3000.0,1900.0,57600.0,-1.0,185000.0,-1.0,-1.0,5500.0,5000.0,1400.0,28300.0,-1.0,32000.0,90.0,-1.0,-1.0,-1.0,295462.0,-1.0,861000.0,79100.0,610.0,-1.0,-1.0,111754.0,27700.0,30.0,-1.0,-1.0,-1.0,-1.0,83.0,4967.0,-1.0,-1,-1.0,-1.0,-1.0,11000.0
1971,700.0,40151.0,-1.0,19557.0,-1.0,1510.0,-1.0,1716420.0,3700.0,4277.0,8000.0,-1.0,680000.0,4000.0,-1.0,8000.0,-1.0,-1.0,1224.0,7326.0,4841.0,-1.0,-1.0,-1.0,-1.0,-1.0,4000.0,-1.0,-1.0,-1.0,100.0,1000.0,-1.0,-1.0,-1.0,7824151.0,55100.0,-1.0,-1.0,2000.0,-1.0,-1.0,7000.0,36330.0,-1.0,-1.0,-1.0,-1.0,7784000.0,-1.0,-1.0,-1.0,800.0,655.0,281000.0,-1.0,-1.0,-1.0,56.0,-1.0,-1.0,148517.0,100500.0,2441.0,-1.0,-1.0,-1.0,1778.0,-1.0,-1.0,17612.0,17281856.0,4000.0,2000.0,53920.0,-1.0,200000.0,-1.0,-1.0,5500.0,3000.0,1400.0,54600.0,-1.0,32000.0,95.0,-1.0,-1.0,-1.0,275124.0,-1.0,868000.0,146700.0,949.0,-1.0,-1.0,128918.0,25900.0,42.0,-1.0,-1.0,-1.0,-1.0,64.0,7326.0,-1.0,-1,-1.0,106.0,-1.0,7000.0
1972,600.0,36123.0,-1.0,19408.0,-1.0,1240.0,-1.0,2191455.0,3800.0,4746.0,8000.0,-1.0,698000.0,4000.0,-1.0,6000.0,-1.0,-1.0,1404.0,18019.0,3553.0,-1.0,-1.0,-1.0,-1.0,-1.0,7000.0,-1.0,-1.0,-1.0,178.0,1000.0,-1.0,-1.0,-1.0,7612123.0,54000.0,-1.0,-1.0,2000.0,-1.0,-1.0,8000.0,68000.0,-1.0,-1.0,-1.0,-1.0,7576000.0,-1.0,-1.0,-1.0,800.0,555.0,285000.0,-1.0,-1.0,-1.0,80.0,-1.0,-1.0,163895.0,89100.0,1904.0,-1.0,-1.0,-1.0,2210.0,-1.0,-1.0,13551.0,18486992.0,15000.0,2300.0,77000.0,-1.0,200000.0,-1.0,-1.0,5700.0,5000.0,1400.0,75800.0,-1.0,34000.0,95.0,-1.0,-1.0,-1.0,281714.0,-1.0,905000.0,109000.0,725.0,-1.0,-1.0,221639.0,26000.0,38.0,-1.0,-1.0,-1.0,-1.0,62.0,18019.0,1193.0,-1,-1.0,7.0,-1.0,6000.0
1973,600.0,36491.0,-1.0,20235.0,-1.0,1240.0,-1.0,3615058.0,3800.0,4006.0,9000.0,-1.0,744000.0,4000.0,-1.0,8250.0,-1.0,-1.0,1640.0,27963.0,9449.0,-1.0,-1.0,-1.0,-1.0,-1.0,5000.0,-1.0,200.0,-1.0,157.0,4500.0,-1.0,-1.0,-1.0,7436491.0,54000.0,-1.0,-1.0,1000.0,10000.0,-1.0,9000.0,157030.0,352.0,-1.0,-1.0,-1.0,7400000.0,-1.0,-1.0,-1.0,2000.0,745.0,289000.0,-1.0,-1.0,-1.0,77.0,-1.0,-1.0,190200.0,88400.0,2660.0,-1.0,-1.0,-1.0,7546.0,-1.0,-1.0,19157.0,22527328.0,10000.0,2100.0,104000.0,-1.0,200000.0,-1.0,-1.0,5700.0,4000.0,1400.0,81381.0,-1.0,48000.0,100.0,-1.0,-1.0,-1.0,311600.0,-1.0,838000.0,182800.0,1200.0,-1.0,-1.0,311895.0,27000.0,58.0,-1.0,-1.0,-1.0,-1.0,145.0,27963.0,2631.0,-1,-1.0,76.0,-1.0,5070.0
1974,500.0,44454.0,-1.0,18616.0,-1.0,2780.0,-1.0,5143367.0,3900.0,3340.0,9000.0,-1.0,753499.0,4000.0,-1.0,11400.0,-1.0,-1.0,2026.0,41249.0,8678.0,-1.0,-1.0,-1.0,-1.0,-1.0,6000.0,-1.0,500.0,-1.0,1308.0,6900.0,-1.0,-1.0,-1.0,7298454.0,57000.0,-1.0,-1.0,1000.0,17000.0,-1.0,13000.0,334440.0,4300.0,-1.0,-1.0,-1.0,7254000.0,-1.0,-1.0,-1.0,5800.0,1350.0,292500.0,-1.0,-1.0,-1.0,341.0,-1.0,-1.0,167942.0,92800.0,2199.0,-1.0,-1.0,-1.0,24752.0,400.0,-1.0,27164.0,20776672.0,30000.0,2200.0,126720.0,-1.0,200000.0,-1.0,-1.0,6000.0,4000.0,1400.0,127300.0,-1.0,67000.0,100.0,-1.0,-1.0,-1.0,286188.0,-1.0,830000.0,238500.0,3083.0,-1.0,1.0,300118.0,28000.0,46.0,-1.0,-1.0,-1.0,-1.0,266.0,40849.0,1818.0,-1,-1.0,101.0,-1.0,3500.0
1975,800.0,41446.0,-1.0,20997.0,-1.0,7830.0,-1.0,5824492.0,3500.0,2738.0,9000.0,-1.0,752000.0,4000.0,-1.0,18750.0,-1.0,-1.0,3298.0,46029.0,14475.0,-1.0,-1.0,-1.0,10.0,-1.0,6000.0,-1.0,732.0,-1.0,1140.0,9600.0,-1.0,-1.0,-1.0,7033446.0,87800.0,-1.0,-1.0,1000.0,24000.0,-1.0,24000.0,355940.0,1495.0,-1.0,-1.0,-1.0,6992000.0,-1.0,-1.0,-1.0,9450.0,1055.0,296000.0,-1.0,-1.0,-1.0,128.0,-1.0,-1.0,157825.0,86900.0,957.0,150.0,-1.0,-1.0,7718.0,120.0,-1.0,36261.0,21697728.0,54000.0,2300.0,110880.0,-1.0,200000.0,-1.0,-1.0,6000.0,4000.0,1400.0,150200.0,-1.0,93000.0,100.0,-1.0,-1.0,-1.0,273857.0,-1.0,811000.0,120800.0,8216.0,-1.0,7.0,344450.0,27100.0,31.0,-1.0,680.0,-1.0,-1.0,180.0,45909.0,3572.0,-1,-1.0,35.0,-1.0,5900.0
1976,800.0,35549.0,-1.0,21502.0,-1.0,11250.0,-1.0,6416368.0,2976.0,1835.0,9000.0,-1.0,646336.0,4500.0,-1.0,18200.0,-1.0,-1.0,4443.0,26370.0,31293.0,-1.0,-1.0,-1.0,10.0,-1.0,8000.0,-1.0,825.0,-1.0,720.0,20000.0,-1.0,-1.0,-1.0,6719549.0,37600.0,-1.0,-1.0,1800.0,38534.0,-1.0,22000.0,433500.0,1900.0,-1.0,-1.0,-1.0,6684000.0,-1.0,-1.0,-1.0,12100.0,2020.0,300000.0,-1.0,-1.0,-1.0,252.0,-1.0,-1.0,152969.0,82900.0,833.0,350.0,-1.0,-1.0,3929.0,50.0,-1.0,56364.0,19991600.0,57000.0,2100.0,93920.0,-1.0,220000.0,-1.0,-1.0,6300.0,4000.0,1400.0,173400.0,-1.0,125000.0,448.0,-1.0,-1.0,-1.0,247479.0,-1.0,762000.0,155200.0,10023.0,-1.0,162.0,172379.0,39400.0,21.0,400.0,680.0,-1.0,-1.0,91.0,26320.0,7123.0,-1,-1.0,10.0,-1.0,6400.0
1977,800.0,30117.0,-1.0,23932.0,-1.0,10380.0,-1.0,7070263.0,3136.0,3067.0,9000.0,-1.0,646121.0,4500.0,-1.0,26250.0,-1.0,-1.0,5740.0,34642.0,31967.0,-1.0,-1.0,-1.0,15.0,-1.0,6000.0,-1.0,1200.0,-1.0,1012.0,10000.0,-1.0,-1.0,-1.0,6868117.0,56700.0,-1.0,-1.0,1000.0,28750.0,-1.0,25000.0,660000.0,1500.0,-1.0,-1.0,-1.0,6838000.0,-1.0,-1.0,-1.0,7580.0,2019.0,300000.0,-1.0,-1.0,-1.0,63.0,-1.0,-1.0,222600.0,79300.0,1662.0,650.0,-1.0,-1.0,4289.0,50.0,-1.0,68971.0,23402640.0,42000.0,9900.0,130740.0,-1.0,220000.0,-1.0,-1.0,6300.0,4000.0,1400.0,228800.0,-1.0,195000.0,595.0,-1.0,-1.0,-1.0,250621.0,-1.0,786000.0,170600.0,14830.0,-1.0,35.0,314276.0,42200.0,48.0,600.0,600.0,-1.0,-1.0,35.0,34592.0,13917.0,-1,-1.0,10.0,-1.0,5380.0
1978,400.0,24473.0,-1.0,23147.0,-1.0,9230.0,-1.0,7782187.0,4750.0,1663.0,10000.0,-1.0,733000.0,4600.0,-1.0,28000.0,-1.0,-1.0,3672.0,49920.0,34237.0,-1.0,-1.0,-1.0,25.0,-1.0,6000.0,-1.0,2200.0,-1.0,1931.0,22000.0,-1.0,-1.0,-1.0,7168473.0,69000.0,-1.0,-1.0,1000.0,18706.0,-1.0,25400.0,1150000.0,3200.0,-1.0,-1.0,-1.0,7144000.0,-1.0,-1.0,-1.0,19430.0,3358.0,300000.0,-1.0,70.0,-1.0,53.0,-1.0,-1.0,285299.0,127000.0,3049.0,800.0,-1.0,-1.0,8929.0,20.0,-1.0,99208.0,25763776.0,67000.0,9100.0,145315.0,-1.0,240000.0,-1.0,-1.0,6000.0,2000.0,1400.0,272200.0,-1.0,306000.0,600.0,-1.0,-1.0,-1.0,246932.0,-1.0,815000.0,202525.0,16927.0,-1.0,-1.0,216514.0,41700.0,38.0,1000.0,600.0,-1.0,-1.0,12.0,49900.0,34554.0,-1,-1.0,-1.0,-1.0,3050.0
1979,300.0,19333.0,-1.0,22751.0,-1.0,8400.0,-1.0,8256096.0,4425.0,2816.0,10000.0,-1.0,784489.0,4700.0,-1.0,44000.0,-1.0,-1.0,5200.0,53706.0,31084.0,-1.0,-1.0,-1.0,45.0,-1.0,4000.0,-1.0,2600.0,-1.0,1221.0,50824.0,-1.0,-1.0,-1.0,7258333.0,71300.0,-1.0,-1.0,1800.0,20084.0,-1.0,26000.0,1600000.0,14314.0,-1.0,-1.0,-1.0,7239000.0,-1.0,-1.0,-1.0,28390.0,4420.0,300000.0,-1.0,400.0,-1.0,14.0,-1.0,-1.0,279200.0,130300.0,3437.0,1000.0,-1.0,-1.0,8620.0,50.0,-1.0,96013.0,28466400.0,55000.0,9100.0,100381.0,-1.0,250000.0,-1.0,-1.0,4000.0,1500.0,1400.0,360300.0,-1.0,496000.0,600.0,-1.0,-1.0,-1.0,207335.0,-1.0,838000.0,302406.0,22233.0,-1.0,-1.0,379467.0,36200.0,37.0,1500.0,600.0,-1.0,-1.0,71.0,53656.0,42176.0,-1,-1.0,-1.0,-1.0,3200.0
1980,436.0,15329.0,-1.0,21651.0,-1.0,9580.0,-1.0,8774023.0,4780.0,2149.0,10000.0,-1.0,732000.0,4800.0,-1.0,50000.0,-1.0,-1.0,7700.0,56579.0,17289.0,-1.0,-1.0,-1.0,60.0,-1.0,4000.0,-1.0,3700.0,-1.0,1091.0,40445.0,-1.0,-1.0,-1.0,7234329.0,78100.0,-1.0,-1.0,1200.0,20205.0,-1.0,28300.0,2030000.0,8500.0,-1.0,-1.0,-1.0,7219000.0,-1.0,500.0,-1.0,37580.0,6354.0,300000.0,-1.0,420.0,-1.0,34.0,-1.0,-1.0,277200.0,142200.0,3512.0,1000.0,-1.0,-1.0,7132.0,50.0,-1.0,94167.0,27442608.0,32000.0,10300.0,105312.0,-1.0,270000.0,-1.0,-1.0,2170.0,5000.0,1400.0,475300.0,-1.0,608000.0,650.0,-1.0,-1.0,1000.0,188431.0,-1.0,854000.0,363497.0,24943.0,-1.0,-1.0,154037.0,48900.0,43.0,3852.0,600.0,6000.0,-1.0,125.0,56529.0,34762.0,-1,-1.0,-1.0,-1.0,3000.0
1981,900.0,10312.0,-1.0,24700.0,-1.0,10410.0,-1.0,8501169.0,5571.0,2664.0,10000.0,-1.0,810000.0,5000.0,-1.0,37000.0,-1.0,-1.0,7384.0,39729.0,47576.0,-1.0,-1.0,-1.0,65.0,-1.0,5000.0,-1.0,4900.0,-1.0,2213.0,33995.0,-1.0,-1.0,-1.0,8025312.0,43900.0,-1.0,-1.0,1000.0,24059.0,-1.0,22000.0,1880000.0,8800.0,-1.0,-1.0,-1.0,8015000.0,-1.0,500.0,-1.0,34830.0,8376.0,300000.0,-1.0,450.0,-1.0,70.0,-1.0,-1.0,279200.0,148800.0,3162.0,1000.0,-1.0,-1.0,4548.0,129.0,-1.0,93933.0,26774800.0,47181.0,10500.0,125024.0,-1.0,300000.0,-1.0,-1.0,6630.0,3000.0,1400.0,396100.0,-1.0,475000.0,580.0,-1.0,500.0,1500.0,201722.0,-1.0,864000.0,309592.0,21100.0,-1.0,-1.0,361778.0,74400.0,20.0,1977.0,1500.0,6000.0,-1.0,317.0,39600.0,45956.0,-1,-1.0,-1.0,-1.0,17000.0
1982,200.0,7782.0,-1.0,26821.0,-1.0,10910.0,-1.0,8203277.0,5606.0,471.0,10000.0,-1.0,607788.0,5000.0,-1.0,52000.0,-1.0,-1.0,7137.0,40595.0,77391.0,1000.0,-1.0,-1.0,70.0,-1.0,6000.0,-1.0,5300.0,-1.0,17377.0,20800.0,-1.0,-1.0,-1.0,8417782.0,49200.0,-1.0,-1.0,1000.0,23667.0,-1.0,22000.0,1985600.0,9800.0,-1.0,-1.0,-1.0,8410000.0,-1.0,500.0,-1.0,48750.0,4626.0,310000.0,-1.0,800.0,-1.0,3.0,-1.0,-1.0,364000.0,147100.0,3691.0,1000.0,-1.0,-1.0,2579.0,63.0,-1.0,68749.0,28101808.0,54671.0,10800.0,100920.0,-1.0,350000.0,-1.0,-1.0,3890.0,3000.0,1400.0,502200.0,-1.0,770000.0,530.0,-1.0,300.0,2000.0,183099.0,-1.0,876000.0,269009.0,21325.0,-1.0,-1.0,375297.0,103100.0,16.0,959.0,2300.0,6000.0,-1.0,2966.0,40532.0,59864.0,-1,-1.0,-1.0,-1.0,24000.0
1983,400.0,5592.0,-1.0,26584.0,1000.0,8590.0,-1.0,8137112.0,4770.0,1006.0,10000.0,-1.0,639876.0,5000.0,-1.0,53700.0,-1.0,-1.0,7100.0,48361.0,107220.0,1000.0,-1.0,201.0,45.0,-1.0,6000.0,-1.0,4957.0,-1.0,14625.0,8861.0,-1.0,-1.0,-1.0,7565192.0,59500.0,-1.0,-1.0,-1.0,30207.0,-1.0,30000.0,2280700.0,13000.0,-1.0,-1.0,-1.0,7559600.0,-1.0,500.0,1486.0,33137.0,1584.0,315000.0,-1.0,1200.0,-1.0,55.0,-1.0,-1.0,364000.0,143400.0,4101.0,1000.0,-1.0,-1.0,1062.0,79.0,-1.0,64245.0,25302608.0,50592.0,5600.0,155853.0,-1.0,200000.0,-1.0,-1.0,1190.0,5000.0,1400.0,576800.0,-1.0,836000.0,500.0,-1.0,500.0,3500.0,182074.0,-1.0,842000.0,274528.0,10053.0,-1.0,-1.0,391133.0,96700.0,15.0,1000.0,3800.0,5000.0,-1.0,23005.0,48282.0,61000.0,-1,-1.0,-1.0,-1.0,24250.0
1984,250.0,5535.0,-1.0,27282.0,2000.0,7740.0,-1.0,9421202.0,5180.0,666.0,11300.0,-1.0,859000.0,5000.0,-1.0,50000.0,-1.0,-1.0,7500.0,48141.0,114380.0,3000.0,-1.0,122.0,50.0,-1.0,11000.0,-1.0,9400.0,-1.0,11818.0,8280.0,-1.0,-1.0,-1.0,7291535.0,50620.0,-1.0,-1.0,-1.0,30328.0,-1.0,35000.0,2910000.0,22100.0,-1.0,-1.0,-1.0,7286000.0,-1.0,500.0,1835.0,47614.0,1101.0,320000.0,-1.0,1600.0,-1.0,6.0,-1.0,-1.0,405000.0,134300.0,4465.0,950.0,-1.0,-1.0,2667.0,60.0,-1.0,71671.0,26755008.0,68000.0,5700.0,193228.0,-1.0,200000.0,-1.0,-1.0,90.0,5000.0,1400.0,638800.0,-1.0,1242700.0,430.0,-1.0,800.0,4334.0,190103.0,-1.0,772000.0,292287.0,28364.0,-1.0,-1.0,388696.0,90500.0,26.0,1000.0,4600.0,5000.0,-1.0,36082.0,48081.0,52500.0,-1,-1.0,-1.0,-1.0,27945.0
1985,500.0,7111.0,-1.0,28170.0,3400.0,8210.0,-1.0,10153405.0,3200.0,1210.0,13800.0,-1.0,896220.0,5000.0,-1.0,41000.0,-1.0,-1.0,9780.0,63088.0,101233.0,5000.0,-1.0,-1.0,50.0,-1.0,10000.0,-1.0,9836.0,-1.0,2455.0,14810.0,-1.0,-1.0,-1.0,7725111.0,54440.0,-1.0,-1.0,-1.0,24105.0,-1.0,23000.0,3269000.0,27500.0,-1.0,-1.0,-1.0,7718000.0,-1.0,500.0,767.0,60518.0,1164.0,330000.0,-1.0,1800.0,-1.0,12.0,-1.0,158.0,405000.0,133500.0,4457.0,1050.0,-1.0,-1.0,2362.0,27.0,-1.0,70982.0,24922000.0,66000.0,5000.0,240833.0,-1.0,205000.0,-1.0,-1.0,1490.0,10000.0,1400.0,718800.0,-1.0,1339700.0,360.0,-1.0,1000.0,3500.0,155964.0,1600.0,738000.0,318800.0,34661.0,-1.0,-1.0,476084.0,102000.0,35.0,500.0,6100.0,5000.0,-1.0,93772.0,63061.0,50000.0,-1,-1.0,-1.0,-1.0,60225.0
1986,600.0,9277.0,-1.0,28029.0,4100.0,6530.0,-1.0,9181587.0,3453.0,968.0,15300.0,-1.0,1253767.0,5000.0,-1.0,41300.0,-1.0,-1.0,7770.0,71027.0,95645.0,5000.0,-1.0,-1.0,50.0,-1.0,12137.0,-1.0,13854.0,-1.0,4009.0,20090.0,-1.0,-1.0,-1.0,8305277.0,78450.0,-1.0,-1.0,-1.0,23383.0,-1.0,30000.0,3316000.0,47000.0,-1.0,-1.0,-1.0,8296000.0,-1.0,500.0,486.0,72518.0,2090.0,334000.0,-1.0,2100.0,-1.0,10.0,-1.0,140.0,384400.0,138400.0,5446.0,1100.0,-1.0,620.0,1456.0,27.0,-1.0,51238.0,23590000.0,60000.0,9300.0,282107.0,-1.0,210000.0,-1.0,20.0,1340.0,7000.0,1400.0,539300.0,-1.0,1526800.0,350.0,-1.0,2000.0,3000.0,133489.0,2900.0,745000.0,309600.0,39306.0,-1.0,-1.0,380553.0,106500.0,53.0,500.0,6500.0,6000.0,-1.0,232393.0,71000.0,46100.0,-1,-1.0,-1.0,-1.0,90000.0
1987,600.0,9012.0,-1.0,30359.0,1200.0,7562.0,-1.0,9129795.0,4915.0,2624.0,18700.0,-1.0,1100565.0,5000.0,1394.0,50000.0,-1.0,-1.0,9380.0,54428.0,105000.0,12000.0,-1.0,-1.0,50.0,-1.0,10000.0,-1.0,16857.0,-1.0,3493.0,36500.0,-1.0,-1.0,-1.0,8453945.0,64750.0,-1.0,-1.0,-1.0,36020.0,-1.0,33000.0,3532650.0,81000.0,-1.0,-1.0,-1.0,8444933.0,-1.0,600.0,486.0,60500.0,3438.0,340000.0,-1.0,2600.0,-1.0,10.0,-1.0,159.0,461000.0,162700.0,5980.0,1100.0,-1.0,750.0,1705.0,0.0,-1.0,35723.0,23136000.0,29831.0,10800.0,303336.0,2382.0,324000.0,-1.0,-1.0,1310.0,11000.0,1400.0,673500.0,-1.0,1542600.0,350.0,-1.0,4000.0,2500.0,153794.0,2100.0,783000.0,358600.0,81100.0,-1.0,-1.0,470695.0,117990.0,52.0,800.0,7280.0,5000.0,-1.0,480552.0,54428.0,47470.0,-1,-1.0,-1.0,-1.0,111971.0
1988,600.0,7699.0,-1.0,33376.0,1800.0,5154.0,5077.0,10518370.0,5891.0,2993.0,20700.0,-1.0,1177400.0,5000.0,3000.0,55623.0,-1.0,-1.0,9000.0,43453.0,110214.0,13000.0,-1.0,-1.0,50.0,-1.0,17000.0,-1.0,20900.0,824.0,1840.0,42300.0,-1.0,-1.0,-1.0,8127699.0,61220.0,-1.0,-1.0,-1.0,66227.0,-1.0,40000.0,4373200.0,94000.0,-1.0,-1.0,-1.0,8120000.0,-1.0,750.0,200.0,75483.0,3478.0,340000.0,-1.0,3400.0,-1.0,10.0,-1.0,304.0,533000.0,162400.0,2758.0,1150.0,-1.0,6490.0,4552.0,-1.0,-1.0,23682.0,23218000.0,49267.0,10800.0,392203.0,2814.0,442000.0,-1.0,-1.0,2000.0,12000.0,1400.0,765500.0,-1.0,1734100.0,360.0,5820.0,3000.0,1960.0,145418.0,2700.0,760000.0,413600.0,72650.0,-1.0,-1.0,139186.0,102990.0,98.0,1000.0,10500.0,11000.0,-1.0,432024.0,43453.0,49150.0,-1,-1.0,-1.0,-1.0,65975.0
1989,600.0,5721.0,-1.0,33524.0,1200.0,4753.0,9534.0,12200560.0,6028.0,2550.0,20700.0,-1.0,1198096.0,5000.0,8000.0,60356.0,-1.0,-1.0,9100.0,70712.0,87893.0,11602.0,-1.0,-1.0,50.0,-1.0,17638.0,-1.0,21330.0,903.0,1450.0,55000.0,-1.0,-1.0,-1.0,8063021.0,92600.0,-1.0,-1.0,-1.0,53672.0,-1.0,44000.0,3931250.0,134000.0,-1.0,-1.0,-1.0,8057300.0,-1.0,750.0,200.0,129366.0,1393.0,340000.0,-1.0,4300.0,-1.0,10.0,1884.0,456.0,539500.0,151600.0,2269.0,1200.0,-1.0,10330.0,10650.0,-1.0,59.0,21493.0,24033008.0,63000.0,12200.0,502416.0,3861.0,750000.0,-1.0,-1.0,4150.0,13000.0,1400.0,851300.0,-1.0,2253000.0,1000.0,5022.0,-1.0,2000.0,157367.0,2600.0,830120.0,512200.0,82284.0,-1.0,-1.0,490125.0,100200.0,33.0,1500.0,9800.0,14000.0,-1.0,477221.0,70712.0,38789.0,-1,-1.0,-1.0,-1.0,75300.0
1990,500.0,4188.0,-1.0,31603.0,6000.0,4050.0,8488.0,11487300.0,5110.0,3700.0,20660.0,-1.0,1334100.0,4000.0,7000.0,54830.0,-1.0,-1.0,26867.0,49251.0,93275.0,16100.0,-1.0,0.0,48.0,-1.0,37216.0,-1.0,29814.0,1076.0,3980.0,28500.0,-1.0,0.0,-1.0,7563788.0,116150.0,-1.0,-1.0,0.0,42312.0,-1.0,61000.0,4961600.0,117000.0,-1.0,2500.0,-1.0,7559600.0,-1.0,900.0,200.0,143372.0,1213.0,364000.0,-1.0,5000.0,-1.0,6.0,2403.0,531.0,483600.0,145900.0,1495.0,1300.0,-1.0,3307.0,17400.0,0.0,81.0,16816.0,22869008.0,68196.0,13310.0,407837.0,6754.0,729000.0,-1.0,0.0,6730.0,15000.0,1436.0,899900.0,-1.0,2564200.0,1000.0,9271.0,5290.0,2272.0,152265.0,3100.0,823600.0,190228.0,83880.0,-1.0,0.0,285615.0,110000.0,62.0,2568.0,7000.0,10000.0,-1.0,521169.0,49251.0,41396.0,-1,-1.0,0.0,-1.0,74000.0
1991,600.0,4042.0,-1.0,31747.0,1000.0,2979.0,4501.0,9616650.0,6095.0,3779.0,21343.0,-1.0,1368199.0,4377.0,4000.0,57870.0,-1.0,-1.0,25000.0,39880.0,72886.0,17241.0,-1.0,0.0,70.0,-1.0,54000.0,-1.0,29200.0,1545.0,2052.0,9000.0,-1.0,91.0,-1.0,7045042.0,100600.0,-1.0,-1.0,0.0,25000.0,-1.0,87000.0,4774500.0,66194.0,-1.0,2502.0,-1.0,7041000.0,-1.0,1041.0,100.0,193289.0,400.0,352000.0,-1.0,5800.0,-1.0,0.0,1080.0,689.0,598000.0,140800.0,1875.0,1000.0,-1.0,6502.0,4500.0,0.0,177.0,10542.0,23476000.0,63000.0,14520.0,318265.0,11271.0,468000.0,-1.0,0.0,6700.0,14000.0,1043.0,552657.0,-1.0,3184800.0,1000.0,14733.0,10580.0,213.0,119066.0,2100.0,808000.0,107950.0,90700.0,-1.0,0.0,341679.0,101100.0,92.0,3487.0,6020.0,4143.0,-1.0,380691.0,39880.0,42318.0,-1,-1.0,0.0,-1.0,49500.0
1992,522.0,3940.0,26220.0,33118.0,2380.0,3113.0,6162.0,9441390.0,6117.0,3154.0,19690.0,-1.0,1665000.0,4734.0,2000.0,45100.0,-1.0,-1.0,42000.0,29611.0,-1.0,18595.0,22.0,0.0,70.0,400.0,59000.0,97462.0,22786.0,1801.0,1363.0,8800.0,400.0,130.0,4900.0,7224940.0,49357.0,160.0,640.0,0.0,27908.0,9900.0,83000.0,4935710.0,41000.0,-1.0,2505.0,-1.0,7221000.0,645370.0,1065.0,12.0,221931.0,229.0,310000.0,67796.0,6600.0,-1.0,-1.0,1000.0,854.0,622900.0,109900.0,2193.0,1250.0,-1.0,862.0,16300.0,0.0,29.0,21093.0,23566000.0,60000.0,15000.0,343200.0,11588.0,513000.0,-1.0,0.0,6800.0,16000.0,1524.0,626759.0,1900.0,3789000.0,700.0,52795.0,3600.0,209.0,104647.0,2300.0,-1.0,165574.0,83690.0,-1.0,0.0,322793.0,97300.0,82.0,4148.0,3150.0,3233.0,-1.0,340011.0,29611.0,21846.0,-1,-1.0,0.0,16639.0,46000.0
1993,533.0,5399.0,21424.0,37204.0,2744.0,3484.0,6419.0,10635300.0,5503.0,3415.0,20220.0,2967.0,1470210.0,5000.0,2000.0,52160.0,-1.0,-1.0,18000.0,30239.0,-1.0,15470.0,42.0,-1.0,71.0,500.0,65000.0,70000.0,19863.0,1870.0,884.0,10000.0,472.0,144.0,4500.0,9459499.0,52994.0,200.0,320.0,-1.0,15212.0,5200.0,46000.0,5116235.0,57000.0,-1.0,2509.0,-1.0,9454100.0,625090.0,1000.0,0.0,213674.0,590.0,316000.0,55853.0,7500.0,-1.0,-1.0,1000.0,1200.0,719600.0,87400.0,4177.0,1350.0,-1.0,3164.0,997.0,-1.0,144.0,20771.0,23191000.0,72360.0,17000.0,379840.0,-1.0,543000.0,593.0,-1.0,-1.0,16300.0,1890.0,634993.0,1100.0,4370500.0,700.0,54064.0,4000.0,204.0,116825.0,2200.0,-1.0,75104.0,81400.0,1099.0,0.0,237765.0,120100.0,70.0,4927.0,6136.0,839.0,1070.0,185460.0,30239.0,18332.0,-1,-1.0,-1.0,9340.0,26750.0
1994,500.0,5691.0,20435.0,43626.0,1185.0,3275.0,7030.0,11525400.0,6265.0,3496.0,19150.0,3132.0,1406920.0,5487.0,2000.0,51111.0,-1.0,-1.0,8000.0,40633.0,-1.0,12577.0,10.0,-1.0,71.0,900.0,68000.0,44000.0,25447.0,1691.0,960.0,11000.0,400.0,148.0,3000.0,9227491.0,56610.0,200.0,278.0,-1.0,9042.0,5700.0,55000.0,5748910.0,100000.0,-1.0,2512.0,-1.0,9221800.0,580050.0,1125.0,-1.0,316689.0,644.0,320000.0,49621.0,7800.0,-1.0,-1.0,500.0,2466.0,820100.0,60900.0,6613.0,1300.0,-1.0,2013.0,4200.0,-1.0,109.0,9402.0,24608000.0,104000.0,18000.0,395360.0,-1.0,593000.0,691.0,-1.0,-1.0,22000.0,880.0,694117.0,700.0,4318000.0,800.0,46632.0,2908.0,200.0,121729.0,1700.0,-1.0,64469.0,90020.0,6800.0,0.0,288499.0,132000.0,59.0,3061.0,8177.0,164.0,942.0,208953.0,40633.0,23326.0,-1,-1.0,-1.0,5610.0,29000.0
1995,598.0,3844.0,15018.0,59721.0,1216.0,3158.0,7122.0,11675000.0,5806.0,2935.0,21543.0,3800.0,1477432.0,5889.0,2000.0,71380.0,-1.0,-1.0,7882.0,17787.0,-1.0,13206.0,14.0,-1.0,71.0,600.0,72000.0,25000.0,21651.0,1717.0,2359.0,8500.0,300.0,147.0,1500.0,8130844.0,45074.0,150.0,329.0,-1.0,10416.0,4200.0,65000.0,5934160.0,101900.0,-1.0,2515.0,-1.0,8127000.0,487090.0,1100.0,-1.0,428326.0,942.0,310000.0,52135.0,7900.0,-1.0,-1.0,489.0,1474.0,824000.0,68600.0,6013.0,1250.0,-1.0,1628.0,2616.0,-1.0,115.0,15113.0,24906000.0,58000.0,22300.0,275000.0,-1.0,617000.0,491.0,-1.0,-1.0,16500.0,1148.0,735503.0,1000.0,5035000.0,900.0,13669.0,3000.0,220.0,105305.0,1998.0,-1.0,73371.0,83150.0,5000.0,0.0,134396.0,121100.0,42.0,2398.0,9273.0,134.0,755.0,195191.0,17787.0,26055.0,-1,-1.0,-1.0,3619.0,31000.0
1996,482.0,5044.0,16423.0,71600.0,1014.0,1543.0,6167.0,10291500.0,3575.0,3715.0,20770.0,3458.0,1273290.0,6284.0,1717.0,60040.0,-1.0,-1.0,6800.0,23803.0,-1.0,15750.0,4.0,-1.0,72.0,1100.0,76000.0,16000.0,25466.0,1860.0,849.0,7600.0,267.0,140.0,3200.0,7475774.0,27157.0,100.0,28.0,-1.0,12688.0,3500.0,68000.0,5913415.0,86000.0,-1.0,2516.0,-1.0,7470730.0,485140.0,1197.0,-1.0,463243.0,1411.0,310000.0,72757.0,8200.0,-1.0,-1.0,500.0,2008.0,856200.0,81800.0,2132.0,1200.0,-1.0,2175.0,5137.0,-1.0,127.0,16906.0,25636000.0,52000.0,24680.0,255520.0,-1.0,502000.0,359.0,-1.0,-1.0,16738.0,1550.0,833005.0,700.0,5233000.0,900.0,13315.0,1000.0,246.0,97989.0,1800.0,-1.0,80180.0,61667.0,4000.0,0.0,49064.0,110300.0,40.0,2500.0,9831.0,177.0,871.0,223414.0,23803.0,15216.0,-1,-1.0,-1.0,2492.0,20500.0
1997,627.0,1983.0,16030.0,68530.0,3970.0,1238.0,4678.0,11486500.0,3115.0,2942.0,20980.0,3617.0,1119079.0,6658.0,2000.0,60040.0,-1.0,-1.0,13756.0,39000.0,-1.0,17500.0,4.0,-1.0,72.0,700.0,76000.0,14000.0,17273.0,2289.0,497.0,7500.0,300.0,139.0,4041.0,8347983.0,43454.0,300.0,8.0,-1.0,13846.0,3170.0,71000.0,6393780.0,98000.0,-1.0,2517.0,-1.0,8346000.0,317880.0,1223.0,-1.0,527050.0,5021.0,305000.0,61014.0,8500.0,-1.0,-1.0,500.0,1739.0,1059600.0,83200.0,5649.0,1250.0,-1.0,2259.0,3800.0,-1.0,536.0,6268.0,27967000.0,75000.0,15280.0,235970.0,-1.0,543000.0,249.0,-1.0,-1.0,32739.0,939.0,939652.0,700.0,5990200.0,900.0,15217.0,1000.0,281.0,99862.0,1900.0,-1.0,63100.0,8293.0,3500.0,0.0,122548.0,106400.0,50.0,3000.0,13596.0,177.0,965.0,301548.0,39000.0,13243.0,-1,-1.0,-1.0,2280.0,19000.0
1998,500.0,685.0,34015.0,77639.0,3346.0,869.0,4455.0,13303700.0,5872.0,3027.0,21245.0,4300.0,1095070.0,7000.0,2000.0,64160.0,-1.0,-1.0,17858.0,31700.0,-1.0,9800.0,4.0,-1.0,72.0,600.0,80000.0,31000.0,11681.0,2884.0,641.0,9000.0,90.0,130.0,4726.0,8500855.0,33952.0,-1.0,26.0,-1.0,23702.0,2870.0,125000.0,6954120.0,111826.0,-1.0,2518.0,-1.0,8500170.0,377400.0,1200.0,-1.0,588667.0,2003.0,300000.0,82409.0,8800.0,-1.0,-1.0,422.0,2964.0,980100.0,109000.0,6350.0,1557.0,-1.0,2020.0,5499.0,-1.0,62.0,10466.0,28506800.0,84000.0,18970.0,219250.0,-1.0,550000.0,261.0,-1.0,-1.0,30975.0,787.0,1086043.0,1997.0,6493000.0,1000.0,20031.0,2000.0,371.0,97682.0,2000.0,-1.0,147300.0,8065.0,1400.0,0.0,94065.0,129400.0,50.0,3100.0,18066.0,104.0,3303.0,351235.0,31700.0,18221.0,-1,-1.0,-1.0,6306.0,23000.0
1999,450.0,163.0,46336.0,101913.0,3136.0,852.0,3161.0,13061410.0,6800.0,3024.0,23046.0,3980.0,1151079.0,7500.0,2000.0,51450.0,-1.0,-1.0,19073.0,48000.0,-1.0,9800.0,28.0,-1.0,80.0,577.0,84000.0,42000.0,11720.0,2273.0,820.0,9000.0,100.0,134.0,4046.0,7962163.0,19365.0,-1.0,73.0,-1.0,32421.0,3000.0,130500.0,8180000.0,98225.0,-1.0,2518.0,-1.0,7962000.0,404490.0,1289.0,-1.0,627870.0,1946.0,300000.0,108000.0,9227.0,-1.0,-1.0,396.0,4210.0,1004000.0,108200.0,8000.0,1260.0,-1.0,1893.0,4200.0,-1.0,486.0,6000.0,29318000.0,50000.0,21128.0,224640.0,-1.0,512500.0,143.0,-1.0,-1.0,34945.0,1288.0,1165750.0,1918.0,6222500.0,1000.0,18541.0,1000.0,664.0,87026.0,2100.0,-1.0,99800.0,42373.0,1400.0,0.0,81159.0,129100.0,45.0,3200.0,8995.0,700.0,4156.0,246467.0,48000.0,7165.0,-1,-1.0,-1.0,16954.0,24000.0
2000,1100.0,153.0,47484.0,107838.0,4079.0,774.0,2787.0,13640026.0,6400.0,2161.0,19759.0,4900.0,825000.0,7425.0,2000.0,63490.0,-1.0,-1.0,29543.0,56000.0,-1.0,9800.0,28.0,-1.0,82.0,400.0,106000.0,60600.0,16588.0,952.0,690.0,8900.0,67.0,134.0,3885.0,9306913.0,17231.0,-1.0,80.0,-1.0,22317.0,3500.0,93787.0,8637503.0,77695.0,-1.0,2401.0,-1.0,9306760.0,337260.0,1326.0,-1.0,616964.0,2151.0,310000.0,141559.0,9217.0,-1.0,-1.0,500.0,5140.0,1060700.0,122500.0,8000.0,100.0,-1.0,1691.0,3053.0,-1.0,246.0,3000.0,29302790.0,90000.0,23536.0,215014.0,-1.0,517000.0,1884.0,-1.0,-1.0,33256.0,1000.0,1176460.0,1493.0,6416600.0,1100.0,15537.0,1000.0,900.0,86176.0,2382.0,-1.0,117000.0,55156.0,1500.0,0.0,69969.0,124100.0,34.0,3300.0,3235.0,400.0,5943.0,252647.0,56000.0,3867.0,-1,3000.0,-1.0,11586.0,15000.0
2001,1600.0,168.0,41621.0,113962.0,2922.0,736.0,2419.0,13974300.0,3280.0,1334.0,20723.0,4377.0,678848.0,7489.0,2000.0,77150.0,-1.0,-1.0,29555.0,33000.0,-1.0,11000.0,37.0,-1.0,81.0,315.0,127000.0,73000.0,3889.0,467.0,640.0,12000.0,261.0,136.0,2365.0,9481968.0,23546.0,-1.0,288.0,-1.0,20584.0,6400.0,134150.0,10400193.0,120893.0,-1.0,2408.0,-1.0,9481800.0,371900.0,1300.0,-1.0,615292.0,1801.0,300000.0,87382.0,9200.0,-1.0,-1.0,817.0,4533.0,1068900.0,143900.0,1261.0,50.0,100.0,1610.0,2477.0,-1.0,331.0,1000.0,29532250.0,88000.0,26219.0,176446.0,-1.0,519000.0,2706.0,-1.0,-1.0,28687.0,820.0,1350000.0,1623.0,6343100.0,1200.0,16336.0,1000.0,750.0,78415.0,2498.0,-1.0,44800.0,59960.0,800.0,0.0,73726.0,140300.0,60.0,2600.0,2106.0,400.0,6304.0,234841.0,33000.0,5331.0,-1,3200.0,-1.0,9394.0,17000.0
2002,1800.0,169.0,47897.0,116000.0,2278.0,800.0,2653.0,16365400.0,3565.0,300.0,20968.0,5200.0,544522.0,7524.0,2000.0,58229.0,-1.0,-1.0,31289.0,32000.0,-1.0,13000.0,67.0,-1.0,81.0,783.0,151000.0,98200.0,8000.0,1607.0,1260.0,28900.0,0.0,139.0,3080.0,8721629.0,34500.0,-1.0,208.0,-1.0,25045.0,16777.0,124150.0,11405247.0,74817.0,-1.0,2415.0,-1.0,8721460.0,362420.0,1397.0,-1.0,637124.0,1182.0,305000.0,100047.0,11220.0,-1.0,-1.0,652.0,6530.0,1023800.0,149900.0,1101.0,50.0,0.0,1435.0,600.0,-1.0,845.0,2866.0,29338812.0,80000.0,29208.0,174838.0,-1.0,540000.0,3002.0,-1.0,-1.0,28935.0,800.0,1445360.0,1296.0,6105500.0,1400.0,13995.0,1000.0,450.0,80804.0,2643.0,-1.0,69793.0,54662.0,765.0,0.0,56501.0,158600.0,61.0,2500.0,2280.0,200.0,9327.0,152021.0,32000.0,5916.0,-1,3500.0,-1.0,10190.0,25500.0
2003,2150.0,155.0,49860.0,115000.0,4941.0,700.0,1877.0,18524768.0,9053.0,795.0,21450.0,1027.0,526796.0,7542.0,2000.0,63000.0,-1.0,54000.0,35947.0,6241.0,-1.0,13000.0,40.0,-1.0,81.0,40.0,165000.0,189600.0,10000.0,2527.0,2550.0,78900.0,0.0,149.0,4371.0,9312715.0,42000.0,-1.0,346.0,-1.0,30347.0,26952.0,100130.0,12419995.0,80837.0,-1.0,2419.0,447.0,9312560.0,399490.0,1413.0,-1.0,684213.0,1069.0,307000.0,131403.0,11357.0,-1.0,-1.0,0.0,6954.0,1048600.0,151900.0,297.0,50.0,0.0,1201.0,272.0,-1.0,1053.0,524.0,29330310.0,80000.0,30000.0,149706.0,-1.0,555000.0,7689.0,-1.0,-1.0,52031.0,729.0,1474148.0,1414.0,6554700.0,1600.0,15463.0,1000.0,190.0,80447.0,2785.0,-1.0,122224.0,62262.0,860.0,0.0,67880.0,165600.0,45.0,762.0,3835.0,413.0,10983.0,152052.0,6241.0,8292.0,-1,4000.0,-1.0,18223.0,27000.0
2004,2400.0,135.0,37131.0,132000.0,2142.0,752.0,1819.0,21538990.0,5620.0,1290.0,22073.0,2606.0,565155.0,7487.0,2000.0,49572.0,-1.0,76000.0,36707.0,27018.0,-1.0,13000.0,78.0,-1.0,81.0,100.0,144000.0,256310.0,18500.0,2496.0,1300.0,247000.0,37.0,157.0,3400.0,9581835.0,48000.0,-1.0,830.0,-1.0,27305.0,31900.0,135000.0,14304539.0,58594.0,500.0,2422.0,268.0,9581700.0,555300.0,1440.0,-1.0,803990.0,1653.0,300000.0,117270.0,11496.0,-1.0,-1.0,0.0,10175.0,1173500.0,136800.0,298.0,50.0,200.0,1275.0,148.0,-1.0,243.0,341.0,29930060.0,82000.0,30290.0,145938.0,-1.0,587000.0,9007.0,-1.0,-1.0,84231.0,973.0,1870000.0,1890.0,7571200.0,1500.0,17864.0,1000.0,680.0,85270.0,2928.0,-1.0,112243.0,64660.0,724.0,0.0,88840.0,183800.0,35.0,1080.0,3695.0,300.0,8510.0,150368.0,27018.0,14348.0,-1,5000.0,-1.0,28511.0,14000.0
2005,2700.0,100.0,48211.0,143000.0,5913.0,755.0,2313.0,22948874.0,9535.0,3130.0,22559.0,3338.0,621541.0,7555.0,2000.0,41871.0,25810.0,69000.0,42120.0,26585.0,-1.0,13000.0,172.0,-1.0,81.0,0.0,144000.0,421700.0,54767.0,1518.0,3080.0,278000.0,19.0,166.0,5510.0,9593710.0,30800.0,-1.0,253.0,-1.0,33636.0,38100.0,150000.0,14032198.0,57385.0,520.0,2427.0,296.0,9593610.0,655840.0,1237.0,-1.0,941068.0,1341.0,295000.0,130936.0,11635.0,-1.0,-1.0,0.0,11419.0,1165200.0,134000.0,220.0,39.0,200.0,1932.0,1123.0,-1.0,222.0,272.0,28834570.0,82213.0,30890.0,144192.0,-1.0,601000.0,9261.0,-1.0,-1.0,115916.0,950.0,1970000.0,1477.0,7707500.0,1700.0,21429.0,1000.0,463.0,105421.0,3116.0,-1.0,130752.0,30362.0,731.0,0.0,96266.0,204100.0,25.0,400.0,2643.0,400.0,10663.0,152331.0,26585.0,15000.0,-1,5800.0,-1.0,36222.0,8600.0
2006,3800.0,85.0,62810.0,150000.0,5131.0,788.0,1850.0,22047348.0,8920.0,5500.0,23100.0,6320.0,580534.0,7700.0,2000.0,47137.0,40600.0,72000.0,42364.0,23889.0,-1.0,13000.0,226.0,-1.0,81.0,20.0,145000.0,714800.0,42175.0,1153.0,3070.0,309100.0,106.0,176.0,6355.0,9304485.0,27300.0,-1.0,251.0,-1.0,35911.0,46400.0,240570.0,15130038.0,45263.0,550.0,2513.0,294.0,9304400.0,810130.0,1250.0,-1.0,950118.0,2377.0,300000.0,-1.0,12135.0,156680.0,-1.0,1000.0,5542.0,1201200.0,142100.0,373.0,20.0,600.0,13347.0,630.0,-1.0,304.0,88.0,30190680.0,81775.0,32153.0,137640.0,-1.0,630000.0,9640.0,-1.0,-1.0,64382.0,1010.0,2200000.0,1100.0,8334000.0,1700.0,25013.0,1000.0,1293.0,90248.0,3260.0,-1.0,177481.0,20000.0,750.0,0.0,54211.0,185600.0,14.0,600.0,1109.0,200.0,12036.0,177909.0,23889.0,7470.0,-1,7000.0,-1.0,55710.0,11918.0
2007,4000.0,68.0,46506.0,155000.0,5200.0,492.0,1267.0,20565300.0,8040.0,4000.0,23214.0,6352.0,459116.0,7800.0,2000.0,102699.0,39220.0,79465.0,50238.0,13131.0,-1.0,13000.0,126.0,-1.0,81.0,170.0,147000.0,583100.0,34468.0,998.0,2860.0,366535.0,5.0,188.0,5416.0,8753868.0,26450.0,-1.0,27.0,-1.0,32900.0,49400.0,183000.0,15981264.0,32551.0,600.0,2500.0,332.0,8753800.0,709900.0,4271.0,-1.0,958279.0,1723.0,300000.0,-1.0,6500.0,146988.0,-1.0,1000.0,17871.0,1171500.0,138300.0,55.0,20.0,300.0,37060.0,344.0,-1.0,197.0,113.0,25959244.0,74993.0,33478.0,126386.0,-1.0,638000.0,7523.0,-1.0,-1.0,76000.0,924.0,2400000.0,1000.0,8880000.0,2000.0,20183.0,1000.0,1857.0,76267.0,3370.0,-1.0,109314.0,32000.0,567.0,0.0,62580.0,187400.0,11.0,800.0,969.0,200.0,7795.0,130335.0,13131.0,7788.0,-1,10263.0,-1.0,50471.0,8675.0
2008,4100.0,74.0,35789.0,157000.0,10703.0,738.0,642.0,21246302.0,8485.0,7520.0,23214.0,7807.0,591899.0,8100.0,2000.0,62000.0,39371.0,73942.0,61748.0,14900.0,-1.0,13000.0,49.0,-1.0,81.0,89.0,148000.0,537900.0,30490.0,997.0,1260.0,461900.0,10.0,201.0,4187.0,9127174.0,26050.0,-1.0,11.0,-1.0,28259.0,51200.0,165400.0,16387438.0,21771.0,1150.0,2611.0,67.0,9127100.0,712460.0,3117.0,-1.0,785793.0,1998.0,300000.0,-1.0,6705.0,143684.0,-1.0,1000.0,37042.0,1195400.0,147100.0,49.0,20.0,100.0,30354.0,251.0,-1.0,200.0,134.0,30222654.0,84467.0,34845.0,116684.0,-1.0,609000.0,4339.0,-1.0,-1.0,74413.0,892.0,2463510.0,800.0,9510800.0,2000.0,18419.0,1000.0,1200.0,75242.0,3495.0,-1.0,46135.0,40000.0,578.0,0.0,75767.0,192100.0,7.0,650.0,1597.0,300.0,5408.0,107795.0,14900.0,8681.0,-1,17156.0,-1.0,30470.0,9444.0
2009,4200.0,123.0,44292.0,160000.0,10787.0,626.0,1006.0,21750468.0,12635.0,5890.0,23478.0,5679.0,722791.0,7500.0,2000.0,60000.0,40177.0,86796.0,65731.0,42326.0,-1.0,14000.0,66.0,-1.0,81.0,122.0,150000.0,622500.0,62877.0,1108.0,1660.0,577800.0,15.0,215.0,3802.0,9190123.0,27000.0,-1.0,9.0,-1.0,31508.0,52400.0,237750.0,16771003.0,42824.0,2500.0,2950.0,127.0,9190000.0,794200.0,2987.0,-1.0,902218.0,1999.0,300000.0,-1.0,13953.0,144386.0,-1.0,1000.0,58225.0,1383300.0,145400.0,51.0,21.0,118.0,30000.0,1247.0,-1.0,304.0,414.0,30906980.0,84084.0,36273.0,106760.0,-1.0,592000.0,6046.0,-1.0,-1.0,96388.0,1532.0,2570000.0,500.0,9734700.0,2500.0,25321.0,1000.0,674.0,70265.0,3673.0,-1.0,48249.0,41000.0,596.0,0.0,64740.0,147000.0,16.0,517.0,1004.0,300.0,9286.0,134700.0,42326.0,7179.0,-1,13341.0,-1.0,44016.0,10512.0
2010,3716.0,115.0,56456.0,165000.0,17827.0,583.0,2149.0,23327296.0,7235.0,3570.0,23942.0,11261.0,660823.0,7400.0,1900.0,42288.0,40681.0,75186.0,72353.0,31300.0,-1.0,14000.0,109.0,-1.0,79.0,100.0,150000.0,1036700.0,60777.0,1087.0,4500.0,848800.0,20.0,229.0,4037.0,8516115.0,31604.0,-1.0,121.0,-1.0,37688.0,61600.0,311450.0,18130800.0,49736.0,5000.0,1621.0,181.0,8516000.0,1036300.0,2719.0,-1.0,1086769.0,1427.0,300000.0,-1.0,14868.0,170359.0,-1.0,1000.0,70933.0,1476800.0,137700.0,89.0,21.0,306.0,40949.0,766.0,-1.0,500.0,725.0,31003300.0,76076.0,37760.0,89760.0,-1.0,281890.0,9500.0,-1.0,-1.0,103198.0,358.0,2671059.0,658.0,9554190.0,2500.0,34378.0,1000.0,548.0,71422.0,3859.0,-1.0,63424.0,43000.0,594.0,0.0,153473.0,197800.0,15.0,372.0,1827.0,300.0,13976.0,159500.0,31300.0,15233.0,-1,13690.0,-1.0,58229.0,23472.0
2011,3586.0,55.0,58896.0,157498.0,25984.0,517.0,1310.0,23968663.0,9145.0,2879.0,29317.0,19397.0,622254.0,7504.0,2000.0,44672.0,41440.0,75839.0,47981.0,17361.0,-1.0,14000.0,107.0,-1.0,78.0,135.0,157000.0,1110300.0,59988.0,1123.0,2450.0,862100.0,32.0,245.0,3884.0,7889055.0,34657.0,-1.0,68.0,-1.0,41009.0,70100.0,418000.0,18764850.0,41571.0,2700.0,1734.0,208.0,7889000.0,1187400.0,3148.0,-1.0,1177541.0,1655.0,300000.0,-1.0,15802.0,165253.0,-1.0,2000.0,74650.0,1542400.0,136700.0,128.0,22.0,528.0,42215.0,699.0,-1.0,341.0,588.0,29856410.0,70000.0,39251.0,89733.0,-1.0,599350.0,7584.0,-1.0,-1.0,70584.0,962.0,2805467.0,824.0,10180000.0,2438.0,38123.0,1000.0,527.0,77849.0,4000.0,-1.0,71861.0,48000.0,593.0,0.0,155513.0,181390.0,13.0,351.0,2455.0,324.0,19667.0,165955.0,17361.0,9548.0,-1,14625.0,-1.0,57662.0,26421.0
2012,2849.0,80.0,54109.0,155600.0,22198.0,434.0,435.0,24975258.0,3885.0,5856.0,29282.0,31855.0,567624.0,7500.0,2000.0,50155.0,40561.0,102167.0,31636.0,38100.0,-1.0,14000.0,140.0,-1.0,75.0,50.0,162000.0,1412400.0,84809.0,1085.0,1520.0,883700.0,34.0,285.0,5325.0,7171140.0,32521.0,-1.0,96.0,-1.0,40910.0,84300.0,472000.0,17577320.0,37367.0,2800.0,1911.0,855.0,7171060.0,1375200.0,3236.0,-1.0,1292826.0,1236.0,300000.0,-1.0,8399.0,162714.0,-1.0,2000.0,79714.0,1679000.0,131100.0,81.0,22.0,332.0,18656.0,481.0,-1.0,613.0,248.0,30814720.0,74000.0,40565.0,49817.0,-1.0,668300.0,5742.0,-1.0,-1.0,70972.0,765.0,2920000.0,787.0,10840000.0,2600.0,37126.0,1000.0,240.0,80842.0,4200.0,-1.0,77927.0,50000.0,592.0,0.0,142329.0,119612.0,15.0,354.0,3903.0,300.0,21889.0,152993.0,38100.0,7185.0,-1,35946.0,-1.0,56893.0,31599.0
2013,3678.0,469.0,47156.0,153200.0,16114.0,569.0,218.0,27906675.0,8900.0,5274.0,24934.0,30517.0,550793.0,7600.0,532.0,50322.0,39403.0,114369.0,36772.0,41100.0,-1.0,15000.0,278.0,-1.0,75.0,61.0,160000.0,1351030.0,124858.0,1407.0,7930.0,1050000.0,35.0,285.0,4474.0,6790979.0,31538.0,-1.0,196.0,-1.0,42350.0,103100.0,516500.0,19418824.0,42999.0,3000.0,1734.0,0.0,6790510.0,1200075.0,3574.0,-1.0,1222855.0,1514.0,300000.0,-1.0,10766.0,159724.0,-1.0,5000.0,95106.0,1860100.0,128800.0,90.0,23.0,97.0,15630.0,498.0,-1.0,2623.0,336.0,30858830.0,76000.0,40797.0,30828.0,-1.0,680000.0,6507.0,-1.0,-1.0,100000.0,809.0,3080000.0,759.0,11716430.0,2600.0,42027.0,1000.0,59.0,80031.0,4500.0,-1.0,67409.0,53000.0,591.0,0.0,157419.0,117194.0,10.0,352.0,3269.0,300.0,29218.0,184146.0,41100.0,9422.0,-1,23443.0,-1.0,39396.0,43260.0
2014,4438.0,668.0,47104.0,150960.0,13191.0,596.0,132.0,30273763.0,11880.0,5907.0,23757.0,35260.0,615685.0,7888.0,1070.0,56312.0,60893.0,139005.0,37728.0,37000.0,-1.0,15000.0,404.0,-1.0,80.0,78.0,46827.0,1792900.0,113759.0,1496.0,6229.0,1321400.0,37.0,289.0,4186.0,6800568.0,35914.0,-1.0,512.0,-1.0,42980.0,116374.0,502900.0,19252552.0,75789.0,3743.0,1800.0,0.0,6799900.0,1915895.0,3374.0,-1.0,1265572.0,1169.0,300000.0,-1.0,11676.0,154249.0,-1.0,9000.0,97783.0,2235100.0,131600.0,84.0,23.0,121.0,4395.0,805.0,-1.0,3045.0,305.0,33423750.0,78000.0,41206.0,35067.0,-1.0,719300.0,7242.0,-1.0,-1.0,102000.0,812.0,3500000.0,734.0,10908000.0,2650.0,43800.0,677.0,153.0,74652.0,4756.0,-1.0,79275.0,26517.0,590.0,0.0,205629.0,109351.0,9.0,354.0,3000.0,207.0,33227.0,232867.0,37000.0,11979.0,-1,23567.0,-1.0,52783.0,34317.0
