,"China, Taiwan Province of",Niue,Zambia,Tonga,Syrian Arab Republic,Brazil,Nepal,Ethiopia,Denmark,Liberia,Greece,Bangladesh,Malawi,Eritrea,New Caledonia,Bahamas,Mongolia,Guatemala,Latvia,Slovenia,American Samoa,Madagascar,Tajikistan,Luxembourg,Guinea,Botswana,Saudi Arabia,Fiji,Sweden,Pacific Islands Trust Territory,Switzerland,Sri Lanka,Azerbaijan,Central African Republic,Bosnia and Herzegovina,China,Colombia,Libya,Brunei Darussalam,Guinea-Bissau,Kazakhstan,Estonia,Mauritius,Saint Vincent and the Grenadines,Hungary,France,Togo,Mali,Costa Rica,Seychelles,Germany,Melanesia,Georgia,Serbia and Montenegro,Cameroon,Grenada,Dominican Republic,Guadeloupe,El Salvador,Cook Islands,Canada,Spain,Afghanistan,Iraq,The former Yugoslav Republic of Macedonia,Antigua and Barbuda,New Zealand,Belize,Djibouti,Czechia,Czechoslovakia,Nigeria,Egypt,Kyrgyzstan,Argentina,Kiribati,Democratic People's Republic of Korea,Cuba,Cabo Verde,Bahrain,Morocco,Ethiopia PDR,Tuvalu,Gabon,USSR,Romania,Ecuador,Jordan,Nauru,Mexico,Albania,Slovakia,Jamaica,Trinidad and Tobago,Polynesia,Samoa,Thailand,Lithuania,Finland,Netherlands,Oman,Angola,Norway,Guam,Turkey,Burundi,"China, Hong Kong SAR",Belarus,Croatia,Myanmar,Burkina Faso,Saint Kitts and Nevis,Philippines,Martinique,Lao People's Democratic Republic,Australia,United Republic of Tanzania,Maldives,Tunisia,Zimbabwe,Uganda,Yugoslav SFR,Republic of Korea,Australia & New Zealand,Papua New Guinea,Rwanda,Mozambique,Barbados,French Polynesia,Algeria,Senegal,Saint Lucia,"China, Macao SAR",Dominica,Belgium,Chad,Wallis and Futuna Islands,Lesotho,United Arab Emirates,Comoros,Uruguay,Italy,Panama,Sudan (former),Armenia,Lebanon,Uzbekistan,Micronesia (Federated States of),Occupied Palestinian Territory,Chile,Portugal,Micronesia,Kenya,Poland,"China, mainland",Russian Federation,Nicaragua,Haiti,Ukraine,Bolivia (Plurinational State of),Peru,Yemen,Vanuatu,Serbia,Malaysia,Israel,Malta,South Sudan,Namibia,Benin,United Kingdom,Japan,Bermuda,Sao Tome and Principe,Venezuela (Bolivarian Republic of),Cyprus,Guyana,Bulgaria,United States of America,Iran (Islamic Republic of),Democratic Republic of the Congo,Sudan,Somalia,Pakistan,Kuwait,French Guiana,Suriname,Cambodia,Timor-Leste,Paraguay,India,Austria,Niger,Bhutan,Congo,Qatar,Cayman Islands,Honduras,Indonesia,Viet Nam,Ireland,Côte d'Ivoire,Gambia,Turkmenistan,Solomon Islands,South Africa,Singapore,Saint Pierre and Miquelon,Sierra Leone,Réunion,Montserrat,Ghana,Mauritania,Swaziland,Republic of Moldova,Belgium-Luxembourg
1961,271373.0,100.0,90000.0,3000.0,17000.0,1190000.0,90000.0,-1.0,52720.0,38000.0,51757.0,362128.0,91000.0,-1.0,2000.0,13700.0,9000.0,59700.0,-1.0,-1.0,200.0,185000.0,-1.0,-1.0,120000.0,8300.0,21000.0,3000.0,86800.0,1800.0,49700.0,13911.0,-1.0,24000.0,-1.0,12810572.0,30000.0,650.0,2800.0,15000.0,-1.0,-1.0,5700.0,90.0,122179.0,3533000.0,39000.0,91000.0,12700.0,860.0,1351200.0,110500.0,-1.0,-1.0,202000.0,1600.0,3336.0,1100.0,35700.0,590.0,181718.0,385000.0,291300.0,100331.0,-1.0,10.0,49024.0,1100.0,1000.0,-1.0,170000.0,826000.0,285000.0,-1.0,660000.0,2500.0,820000.0,45000.0,1000.0,1500.0,56000.0,200000.0,150.0,24000.0,3335800.0,379200.0,9660.0,20000.0,150.0,20000.0,97000.0,-1.0,1882.0,1900.0,5940.0,100.0,740000.0,-1.0,19400.0,326616.0,15000.0,164000.0,35762.0,500.0,29000.0,102000.0,39199.0,-1.0,-1.0,400000.0,110000.0,420.0,1600000.0,3000.0,50000.0,51251.0,612860.0,7000.0,33000.0,73000.0,160000.0,1300.0,1623000.0,100275.0,100000.0,60000.0,142000.0,150.0,1500.0,27700.0,32000.0,600.0,-1,3300.0,-1.0,30000.0,300.0,12000.0,-1.0,2000.0,9945.0,1416000.0,1302.0,240000.0,-1.0,10100.0,-1.0,-1.0,-1.0,52000.0,520000.0,4950.0,230000.0,694000.0,12500000.0,-1.0,3800.0,158000.0,-1.0,17500.0,12500.0,75000.0,3000.0,-1.0,87000.0,32950.0,11000.0,-1.0,4000.0,30000.0,571000.0,3549500.0,1000.0,1000.0,6800.0,3800.0,3100.0,-1.0,1877596.0,330000.0,235000.0,-1.0,22000.0,548000.0,1500.0,720.0,1355.0,360000.0,17000.0,10000.0,12100000.0,267000.0,20000.0,8000.0,14000.0,5000.0,-1.0,27300.0,750000.0,1640000.0,67000.0,47000.0,5000.0,-1.0,2500.0,216000.0,24618.0,-1.0,150000.0,400.0,10.0,-1.0,2000.0,3800.0,-1.0,432680.0
1962,282940.0,105.0,92000.0,3100.0,18000.0,1190000.0,100000.0,-1.0,53560.0,38100.0,50771.0,346329.0,92000.0,-1.0,2000.0,13800.0,9000.0,61300.0,-1.0,-1.0,200.0,189000.0,-1.0,-1.0,120000.0,8600.0,23000.0,3000.0,88500.0,1851.0,48400.0,10615.0,-1.0,24500.0,-1.0,13296606.0,35000.0,650.0,3000.0,15000.0,-1.0,-1.0,5700.0,90.0,108837.0,3556000.0,39000.0,91000.0,13400.0,880.0,1284200.0,122700.0,-1.0,-1.0,173000.0,1600.0,3122.0,1200.0,37300.0,600.0,138532.0,380000.0,306300.0,121125.0,-1.0,20.0,40000.0,1100.0,1000.0,-1.0,160000.0,846000.0,298000.0,-1.0,680000.0,2600.0,840000.0,43000.0,1000.0,2000.0,94000.0,205000.0,155.0,24000.0,4154900.0,239200.0,6714.0,20000.0,150.0,28000.0,105000.0,-1.0,3636.0,1950.0,6065.0,100.0,745000.0,-1.0,11300.0,330007.0,16000.0,166000.0,35170.0,550.0,29500.0,102000.0,43666.0,-1.0,-1.0,490000.0,111000.0,420.0,1600000.0,3200.0,50000.0,49307.0,628500.0,7500.0,34000.0,75000.0,165000.0,2600.0,1620000.0,89307.0,112000.0,60000.0,144000.0,200.0,1500.0,30500.0,32800.0,600.0,-1,3300.0,-1.0,30000.0,305.0,12400.0,-1.0,2000.0,9000.0,1267000.0,1410.0,240000.0,-1.0,10500.0,-1.0,-1.0,-1.0,53000.0,460000.0,5151.0,235000.0,707000.0,12970000.0,-1.0,4200.0,161000.0,-1.0,18000.0,13500.0,76000.0,3150.0,-1.0,91000.0,34400.0,12000.0,-1.0,4000.0,32000.0,637000.0,4055800.0,1200.0,1000.0,7000.0,4000.0,3200.0,-1.0,1745004.0,350000.0,240000.0,-1.0,22000.0,595000.0,2000.0,850.0,1515.0,380000.0,17000.0,10000.0,12700000.0,239000.0,20000.0,8100.0,14000.0,8000.0,-1.0,28800.0,750000.0,1670000.0,69000.0,48000.0,5000.0,-1.0,2550.0,199000.0,24558.0,-1.0,150000.0,400.0,20.0,-1.0,2000.0,4000.0,-1.0,446500.0
1963,295539.0,110.0,94000.0,3200.0,20000.0,1190000.0,110000.0,-1.0,36090.0,38200.0,66397.0,355784.0,93000.0,-1.0,2000.0,13900.0,12700.0,61600.0,-1.0,-1.0,206.0,193000.0,-1.0,-1.0,100000.0,8800.0,25000.0,3000.0,83900.0,1900.0,107300.0,13653.0,-1.0,25000.0,-1.0,11219352.0,40000.0,650.0,3200.0,15000.0,-1.0,-1.0,5800.0,100.0,154648.0,3358000.0,39000.0,91000.0,13700.0,900.0,1457700.0,125900.0,-1.0,-1.0,171000.0,1600.0,3231.0,1300.0,38100.0,600.0,139738.0,380000.0,324600.0,153545.0,-1.0,30.0,40031.0,1300.0,1000.0,-1.0,180000.0,866000.0,318000.0,-1.0,700000.0,2700.0,860000.0,42030.0,1000.0,2000.0,74000.0,210000.0,160.0,24000.0,3619000.0,268700.0,6953.0,20000.0,150.0,28000.0,131000.0,-1.0,4926.0,1979.0,6186.0,100.0,750000.0,-1.0,18200.0,345849.0,16000.0,169000.0,35762.0,620.0,30000.0,102000.0,28813.0,-1.0,-1.0,530000.0,112000.0,410.0,1700000.0,3400.0,50000.0,49581.0,639240.0,8000.0,35000.0,76000.0,170000.0,1600.0,1560000.0,89612.0,115000.0,60000.0,145000.0,400.0,1500.0,34400.0,31000.0,600.0,-1,3350.0,-1.0,30000.0,310.0,12800.0,-1.0,2000.0,9000.0,1495000.0,1521.0,250000.0,-1.0,11900.0,-1.0,-1.0,-1.0,54000.0,530000.0,5370.0,240000.0,695000.0,10895000.0,-1.0,4300.0,165000.0,-1.0,18000.0,14000.0,82000.0,3300.0,-1.0,83000.0,40950.0,13000.0,-1.0,4000.0,34000.0,696000.0,4687800.0,1300.0,1000.0,7200.0,4200.0,3300.0,-1.0,1738326.0,365000.0,245000.0,-1.0,22500.0,543000.0,2000.0,960.0,1875.0,398000.0,17000.0,10000.0,13200000.0,318000.0,19500.0,8200.0,14000.0,10000.0,-1.0,33600.0,750000.0,1700000.0,69000.0,50000.0,5000.0,-1.0,2600.0,209000.0,25081.0,-1.0,148000.0,500.0,10.0,-1.0,2000.0,4200.0,-1.0,462800.0
1964,290635.0,115.0,96000.0,3300.0,23500.0,1200000.0,120000.0,-1.0,28621.0,38300.0,66939.0,378549.0,94000.0,-1.0,2200.0,14000.0,12700.0,68600.0,-1.0,-1.0,200.0,198000.0,-1.0,-1.0,100000.0,9100.0,27000.0,3000.0,83200.0,1950.0,93400.0,14436.0,-1.0,26000.0,-1.0,9964163.0,45000.0,650.0,3500.0,16000.0,-1.0,-1.0,5900.0,100.0,150161.0,3351000.0,44000.0,92000.0,14500.0,920.0,1326500.0,128300.0,-1.0,-1.0,184000.0,1600.0,3327.0,1400.0,41200.0,610.0,157744.0,410000.0,342900.0,168542.0,-1.0,40.0,41700.0,1300.0,1100.0,-1.0,160000.0,888000.0,311000.0,-1.0,700000.0,2800.0,890000.0,50240.0,1000.0,2000.0,72000.0,217500.0,165.0,26000.0,5590000.0,289300.0,7000.0,20000.0,180.0,30000.0,142000.0,-1.0,8393.0,1929.0,6205.0,100.0,755000.0,-1.0,15700.0,355605.0,17000.0,172000.0,30722.0,700.0,30500.0,110000.0,23528.0,-1.0,-1.0,540000.0,112000.0,400.0,1700000.0,3500.0,50000.0,51853.0,659220.0,8500.0,32850.0,78000.0,175000.0,2900.0,1665000.0,93553.0,117000.0,65000.0,148000.0,700.0,1400.0,32300.0,32000.0,600.0,-1,3400.0,-1.0,31000.0,315.0,13200.0,-1.0,2000.0,9000.0,1535000.0,1637.0,250000.0,-1.0,13550.0,-1.0,-1.0,-1.0,55000.0,540000.0,5630.0,245000.0,667000.0,9650000.0,-1.0,4400.0,170000.0,-1.0,19000.0,14500.0,85000.0,3450.0,-1.0,86000.0,36650.0,14000.0,-1.0,4000.0,35000.0,612000.0,3927690.0,1400.0,1000.0,7400.0,4500.0,3400.0,-1.0,1823700.0,385000.0,250000.0,-1.0,22500.0,561000.0,2500.0,1000.0,2688.0,430000.0,17000.0,10000.0,13600000.0,288000.0,20500.0,8300.0,15000.0,12000.0,-1.0,31000.0,750000.0,1730000.0,75000.0,52000.0,5000.0,-1.0,2650.0,210000.0,26077.0,-1.0,148000.0,300.0,10.0,-1.0,2000.0,4400.0,-1.0,505105.0
1965,300922.0,120.0,98000.0,3400.0,24500.0,1200000.0,130000.0,-1.0,20967.0,38500.0,69607.0,408903.0,95000.0,-1.0,2500.0,14100.0,15800.0,70400.0,-1.0,-1.0,180.0,201000.0,-1.0,-1.0,100000.0,9500.0,29000.0,3000.0,79000.0,2000.0,114500.0,8506.0,-1.0,27000.0,-1.0,10945311.0,50000.0,650.0,3800.0,16000.0,-1.0,-1.0,6000.0,110.0,127355.0,3489000.0,44000.0,92000.0,15600.0,940.0,1177900.0,131900.0,-1.0,-1.0,203000.0,1600.0,3338.0,1500.0,40400.0,620.0,156359.0,415000.0,357500.0,180993.0,-1.0,50.0,40000.0,1300.0,1400.0,-1.0,150391.0,910000.0,306487.0,-1.0,710000.0,2850.0,910000.0,22801.0,1000.0,2000.0,99000.0,222500.0,170.0,26000.0,4715000.0,242241.0,7100.0,20000.0,180.0,40000.0,141920.0,-1.0,8082.0,1916.0,6110.0,100.0,760000.0,-1.0,11600.0,324450.0,17000.0,174000.0,35553.0,750.0,31000.0,110000.0,24389.0,-1.0,-1.0,530000.0,113000.0,400.0,1800000.0,3600.0,48000.0,48150.0,676740.0,9000.0,36450.0,80000.0,180000.0,500.0,1773000.0,88150.0,120000.0,65000.0,148000.0,1400.0,1200.0,33000.0,32000.0,600.0,-1,3450.0,-1.0,31000.0,320.0,13500.0,-1.0,2000.0,9000.0,1567000.0,1726.0,260000.0,-1.0,13320.0,-1.0,-1.0,-1.0,55718.0,520000.0,5780.0,250000.0,661000.0,10620000.0,-1.0,3700.0,175000.0,-1.0,19000.0,15000.0,90000.0,3600.0,-1.0,87000.0,37500.0,10602.0,-1.0,4000.0,36000.0,613000.0,4275230.0,1500.0,1000.0,7600.0,8002.0,3500.0,-1.0,1600412.0,400000.0,255000.0,-1.0,23000.0,528000.0,3000.0,1080.0,1544.0,430000.0,17000.0,10000.0,14100000.0,301000.0,20000.0,8400.0,15000.0,14000.0,-1.0,31300.0,750000.0,1760000.0,79000.0,52000.0,5000.0,-1.0,2800.0,201000.0,34799.0,-1.0,146000.0,300.0,10.0,-1.0,2000.0,4600.0,-1.0,406590.0
1966,272359.0,125.0,100000.0,3500.0,19000.0,1200000.0,125000.0,-1.0,25486.0,38600.0,74948.0,500000.0,96000.0,-1.0,2500.0,14200.0,10400.0,79800.0,-1.0,-1.0,155.0,204000.0,-1.0,-1.0,100000.0,9500.0,30500.0,3000.0,99200.0,2050.0,148500.0,12665.0,-1.0,28500.0,-1.0,10822359.0,55000.0,650.0,4000.0,17000.0,-1.0,-1.0,6000.0,110.0,164670.0,3204000.0,44000.0,92000.0,17100.0,960.0,1344818.0,135150.0,-1.0,-1.0,209000.0,1650.0,3330.0,1200.0,48200.0,630.0,141036.0,410000.0,361200.0,204351.0,-1.0,60.0,11231.0,1900.0,1500.0,-1.0,165274.0,932000.0,299982.0,-1.0,720000.0,2900.0,930000.0,34503.0,1000.0,800.0,89000.0,229500.0,175.0,26000.0,4710900.0,305456.0,7200.0,19461.0,180.0,14000.0,90036.0,-1.0,3194.0,1862.0,6210.0,100.0,765000.0,-1.0,10000.0,374000.0,17000.0,177000.0,36167.0,700.0,31500.0,110000.0,50000.0,-1.0,-1.0,620000.0,113000.0,400.0,1850000.0,3800.0,48000.0,60869.0,681000.0,10000.0,38300.0,83000.0,180000.0,400.0,1811000.0,72100.0,123000.0,67000.0,150000.0,1000.0,1200.0,37000.0,22200.0,600.0,-1,3500.0,-1.0,32000.0,325.0,15000.0,5.0,2000.0,9731.0,1605000.0,1758.0,260000.0,-1.0,14325.0,-1.0,-1.0,-1.0,60000.0,600000.0,5830.0,255000.0,758800.0,10500000.0,-1.0,3300.0,183000.0,-1.0,19000.0,16991.0,91500.0,3750.0,-1.0,94000.0,33250.0,10552.0,-1.0,4500.0,37000.0,636000.0,4258200.0,1536.0,1100.0,7902.0,5200.0,3600.0,-1.0,1772220.0,420000.0,260000.0,-1.0,23000.0,625000.0,3500.0,1080.0,2496.0,430000.0,19215.0,10000.0,14600000.0,302000.0,24000.0,8500.0,15000.0,16000.0,3.0,32100.0,800000.0,1790000.0,70000.0,56000.0,6000.0,-1.0,2900.0,173000.0,34468.0,-1.0,145000.0,1000.0,10.0,-1.0,2000.0,4800.0,-1.0,415553.0
1967,288505.0,130.0,104000.0,3800.0,26200.0,1200000.0,135000.0,-1.0,19155.0,39500.0,72402.0,520000.0,100000.0,-1.0,2200.0,14300.0,11200.0,79900.0,-1.0,-1.0,137.0,205000.0,-1.0,-1.0,120000.0,10000.0,32500.0,2800.0,65800.0,2100.0,150400.0,9900.0,-1.0,29000.0,-1.0,11153505.0,60000.0,650.0,4000.0,17000.0,-1.0,-1.0,6100.0,120.0,149635.0,3254000.0,44000.0,92000.0,16600.0,980.0,1281271.0,136800.0,-1.0,-1.0,214000.0,1600.0,3432.0,1300.0,45400.0,640.0,120338.0,415000.0,391000.0,233187.0,-1.0,60.0,12899.0,4000.0,1600.0,-1.0,179411.0,956000.0,334002.0,-1.0,732000.0,2950.0,950000.0,28708.0,1000.0,800.0,90000.0,237200.0,180.0,26000.0,5307700.0,260995.0,7300.0,20830.0,180.0,15000.0,93500.0,-1.0,2819.0,2029.0,6737.0,100.0,770000.0,-1.0,10000.0,383000.0,18000.0,180000.0,39348.0,750.0,32000.0,110000.0,65000.0,-1.0,-1.0,690000.0,114000.0,410.0,1900000.0,4000.0,48000.0,57992.0,709800.0,10200.0,36500.0,86000.0,185000.0,300.0,1838000.0,70891.0,125000.0,68000.0,152000.0,600.0,1350.0,38000.0,23300.0,600.0,-1,3600.0,-1.0,32000.0,400.0,15000.0,5.0,2000.0,8000.0,1605000.0,2100.0,270000.0,-1.0,11762.0,-1.0,-1.0,-1.0,63000.0,600000.0,5980.0,260000.0,667400.0,10800000.0,-1.0,3500.0,188000.0,-1.0,20000.0,19242.0,95000.0,3900.0,-1.0,54000.0,29150.0,11275.0,-1.0,4500.0,39000.0,668000.0,4106710.0,1334.0,1100.0,8346.0,5500.0,3700.0,-1.0,1674304.0,440000.0,265000.0,-1.0,23500.0,709000.0,4000.0,465.0,3140.0,440000.0,19565.0,10000.0,14700000.0,286000.0,24000.0,8600.0,13000.0,18000.0,3.0,33500.0,800000.0,1820000.0,65000.0,58000.0,6000.0,-1.0,2900.0,203000.0,34402.0,-1.0,143000.0,1000.0,110.0,-1.0,2000.0,5000.0,-1.0,466911.0
1968,324208.0,135.0,107000.0,3800.0,24800.0,1200000.0,160000.0,-1.0,21805.0,40200.0,91465.0,530000.0,105000.0,-1.0,2200.0,14400.0,11300.0,79600.0,-1.0,-1.0,133.0,208000.0,-1.0,-1.0,120000.0,10200.0,34500.0,3100.0,26200.0,2200.0,128000.0,14144.0,-1.0,29000.0,-1.0,11680208.0,65000.0,600.0,4500.0,18000.0,-1.0,-1.0,6100.0,130.0,157268.0,3162000.0,47000.0,93000.0,18900.0,1000.0,1165562.0,139350.0,-1.0,-1.0,220000.0,1600.0,3609.0,1600.0,50100.0,650.0,158861.0,420000.0,401100.0,212709.0,-1.0,80.0,13974.0,4800.0,1700.0,-1.0,176082.0,980000.0,418000.0,-1.0,735000.0,3000.0,970000.0,27961.0,1000.0,800.0,63000.0,243200.0,190.0,26000.0,4828600.0,307408.0,7400.0,25696.0,180.0,16000.0,93979.0,-1.0,2691.0,1713.0,6508.0,100.0,775000.0,-1.0,10000.0,375000.0,18000.0,182000.0,38042.0,780.0,32300.0,112000.0,56000.0,-1.0,-1.0,710000.0,115000.0,420.0,1970000.0,4200.0,48000.0,59544.0,727440.0,10400.0,40200.0,89000.0,185000.0,300.0,1966000.0,73518.0,127000.0,68000.0,154000.0,800.0,1100.0,39000.0,23600.0,600.0,-1,3700.0,-1.0,35000.0,400.0,15000.0,25.0,2000.0,9000.0,1652000.0,2400.0,270000.0,-1.0,8409.0,-1.0,-1.0,-1.0,66000.0,690000.0,6160.0,265000.0,724000.0,11300000.0,-1.0,3800.0,193000.0,-1.0,19000.0,11576.0,97500.0,4050.0,-1.0,170000.0,33950.0,12922.0,-1.0,4500.0,40000.0,616000.0,4374000.0,1232.0,1300.0,9145.0,6200.0,3800.0,-1.0,1723707.0,460000.0,275000.0,-1.0,23500.0,1178000.0,5000.0,1380.0,2278.0,450000.0,19950.0,10000.0,15000000.0,284000.0,24000.0,8700.0,17000.0,20000.0,3.0,36300.0,850000.0,1850000.0,69000.0,60000.0,6000.0,-1.0,3000.0,183000.0,34239.0,-1.0,143000.0,1000.0,50.0,-1.0,2100.0,5200.0,-1.0,393580.0
1969,374212.0,140.0,110000.0,3800.0,27000.0,1300000.0,180000.0,-1.0,20436.0,40800.0,100693.0,475623.0,109000.0,-1.0,2300.0,14500.0,11200.0,80300.0,-1.0,-1.0,128.0,210000.0,-1.0,-1.0,120000.0,10500.0,36000.0,3200.0,32600.0,2300.0,120400.0,11718.0,-1.0,30000.0,-1.0,11909212.0,73000.0,650.0,4500.0,18000.0,-1.0,-1.0,6300.0,150.0,185814.0,3213000.0,47000.0,95000.0,21000.0,1020.0,1039587.0,142750.0,-1.0,-1.0,220000.0,1650.0,3643.0,1650.0,52000.0,670.0,116652.0,430000.0,411400.0,224930.0,-1.0,80.0,18302.0,7000.0,1700.0,-1.0,175809.0,1004000.0,394000.0,-1.0,751000.0,3100.0,990000.0,18889.0,1000.0,800.0,90000.0,249600.0,200.0,27000.0,4660800.0,295888.0,7500.0,6737.0,210.0,18000.0,116024.0,-1.0,2524.0,1966.0,6638.0,100.0,780000.0,-1.0,15800.0,362000.0,20000.0,185000.0,50578.0,750.0,35053.0,114000.0,55000.0,-1.0,-1.0,720000.0,115000.0,430.0,2000000.0,4100.0,45000.0,59501.0,749280.0,10600.0,38000.0,92000.0,190000.0,300.0,2041000.0,77803.0,130000.0,70000.0,156000.0,1000.0,1200.0,41000.0,22100.0,600.0,-1,3800.0,-1.0,35000.0,400.0,15000.0,100.0,2000.0,7000.0,1743000.0,1700.0,270000.0,-1.0,9893.0,-1.0,-1.0,-1.0,69000.0,630000.0,6360.0,270000.0,686800.0,11480000.0,-1.0,3600.0,198000.0,-1.0,21000.0,15203.0,77834.0,4200.0,-1.0,160000.0,34800.0,16506.0,-1.0,4500.0,42000.0,606000.0,4208400.0,789.0,1300.0,10481.0,6100.0,3900.0,-1.0,1930155.0,480000.0,275600.0,-1.0,24000.0,972000.0,6000.0,180.0,2378.0,460000.0,20335.0,12000.0,15500000.0,290000.0,24000.0,8800.0,15000.0,22000.0,4.0,38500.0,800000.0,1890000.0,80000.0,63000.0,6000.0,-1.0,3050.0,195000.0,34840.0,-1.0,142000.0,800.0,60.0,-1.0,2100.0,5400.0,-1.0,379650.0
1970,417834.0,145.0,114000.0,3900.0,27500.0,1300000.0,185000.0,-1.0,26377.0,41600.0,95174.0,502615.0,98809.0,-1.0,3000.0,14600.0,12700.0,84700.0,-1.0,-1.0,128.0,216000.0,-1.0,-1.0,130000.0,11100.0,39000.0,3300.0,33500.0,2400.0,111700.0,11198.0,-1.0,30000.0,-1.0,11141834.0,78000.0,1000.0,4500.0,18000.0,-1.0,-1.0,6320.0,200.0,150177.0,3182000.0,47000.0,97000.0,19500.0,1040.0,1056461.0,146800.0,-1.0,-1.0,230000.0,1600.0,3748.0,1900.0,55700.0,680.0,161565.0,375000.0,383600.0,216267.0,-1.0,100.0,15932.0,5500.0,1800.0,-1.0,173378.0,1098000.0,354000.0,-1.0,727000.0,3200.0,1020000.0,18350.0,1000.0,800.0,105000.0,256600.0,150.0,27000.0,4852400.0,254724.0,7600.0,6000.0,210.0,20000.0,180000.0,-1.0,4229.0,1990.0,6803.0,100.0,785000.0,-1.0,20800.0,369000.0,20000.0,187000.0,53096.0,700.0,37857.0,117000.0,64000.0,-1.0,-1.0,790000.0,116000.0,440.0,2100000.0,3900.0,45000.0,55664.0,763000.0,11200.0,41700.0,96000.0,195000.0,300.0,2150000.0,71596.0,133000.0,71000.0,158000.0,1292.0,1300.0,45000.0,30000.0,600.0,-1,3900.0,-1.0,30000.0,400.0,17000.0,175.0,2000.0,10746.0,1732000.0,1800.0,285000.0,-1.0,11128.0,-1.0,-1.0,-1.0,71000.0,660000.0,6510.0,280000.0,776600.0,10660000.0,-1.0,3600.0,204000.0,-1.0,23000.0,23264.0,64834.0,4400.0,-1.0,182000.0,41900.0,9482.0,-1.0,4500.0,43000.0,608000.0,4038800.0,1420.0,1300.0,11344.0,8140.0,4000.0,-1.0,1869292.0,500000.0,282900.0,-1.0,24000.0,928000.0,7000.0,875.0,1890.0,470000.0,20720.0,12000.0,16000000.0,264000.0,25000.0,8900.0,16000.0,23000.0,4.0,39000.0,800000.0,1920000.0,103000.0,65000.0,6000.0,-1.0,3100.0,211000.0,37014.0,-1.0,142000.0,1000.0,40.0,-1.0,2100.0,5600.0,-1.0,372200.0
1971,421246.0,150.0,118000.0,4000.0,31600.0,1350000.0,200000.0,-1.0,21891.0,42500.0,101009.0,498078.0,121000.0,-1.0,3500.0,14700.0,14200.0,90000.0,-1.0,-1.0,129.0,219000.0,-1.0,-1.0,130000.0,11300.0,41500.0,3000.0,38000.0,2500.0,133900.0,10309.0,-1.0,30500.0,-1.0,12343246.0,83000.0,3025.0,5000.0,20000.0,-1.0,-1.0,6340.0,300.0,159070.0,3007000.0,49000.0,99000.0,20000.0,1060.0,895356.0,149300.0,-1.0,-1.0,230000.0,1550.0,3862.0,2100.0,50000.0,713.0,135633.0,375000.0,443900.0,226295.0,-1.0,160.0,14026.0,5700.0,1800.0,-1.0,161196.0,1136000.0,368000.0,-1.0,680000.0,3300.0,1100000.0,15309.0,1000.0,1000.0,110000.0,264400.0,220.0,27000.0,4888900.0,279900.0,7700.0,4159.0,210.0,20000.0,170000.0,-1.0,6517.0,2000.0,7112.0,150.0,790000.0,-1.0,21900.0,324000.0,20000.0,190000.0,50550.0,900.0,35950.0,120000.0,67000.0,-1.0,-1.0,800000.0,116000.0,450.0,2160000.0,3900.0,45000.0,67353.0,769175.0,12500.0,42450.0,99000.0,200000.0,300.0,2309000.0,81379.0,135000.0,72000.0,160000.0,2042.0,1350.0,51200.0,41900.0,610.0,-1,4000.0,-1.0,31000.0,400.0,17000.0,346.0,2000.0,11000.0,1682000.0,1900.0,285000.0,-1.0,9672.0,-1.0,-1.0,-1.0,73000.0,590000.0,6910.0,290000.0,672700.0,11855000.0,-1.0,3600.0,209000.0,-1.0,21550.0,21421.0,137086.0,4600.0,-1.0,153000.0,55750.0,9949.0,-1.0,5000.0,45000.0,593000.0,4223000.0,334.0,1400.0,12521.0,10540.0,4100.0,-1.0,2728624.0,525000.0,282400.0,-1.0,24500.0,1033000.0,7653.0,875.0,1665.0,470000.0,21140.0,13000.0,16500000.0,280000.0,20000.0,9000.0,16000.0,25000.0,4.0,40000.0,950000.0,1940000.0,89000.0,67000.0,6000.0,-1.0,3200.0,197000.0,65380.0,-1.0,141000.0,800.0,70.0,-1.0,2000.0,5800.0,-1.0,415810.0
1972,463127.0,155.0,122000.0,4100.0,36200.0,1350000.0,200000.0,-1.0,19627.0,43500.0,110973.0,410210.0,124000.0,-1.0,3500.0,14800.0,10900.0,100000.0,-1.0,-1.0,134.0,220000.0,-1.0,-1.0,130000.0,11500.0,44500.0,3300.0,38500.0,2600.0,120400.0,10712.0,-1.0,31000.0,-1.0,11063127.0,87000.0,3783.0,5000.0,20000.0,-1.0,-1.0,6350.0,650.0,172439.0,2782000.0,50000.0,80000.0,21000.0,1100.0,927660.0,151900.0,-1.0,-1.0,245000.0,1500.0,3980.0,1900.0,40000.0,740.0,126652.0,360000.0,396400.0,236740.0,-1.0,162.0,15832.0,4200.0,2000.0,-1.0,176589.0,1175000.0,314000.0,-1.0,630000.0,3400.0,1150000.0,22525.0,1000.0,1000.0,120000.0,273100.0,120.0,24000.0,4563500.0,235800.0,7800.0,5838.0,210.0,22000.0,185000.0,-1.0,7825.0,2500.0,7299.0,150.0,795000.0,-1.0,5000.0,349000.0,21000.0,180000.0,35700.0,1100.0,31775.0,120000.0,50000.0,-1.0,-1.0,870000.0,118000.0,460.0,2220000.0,3900.0,45000.0,63907.0,780000.0,13400.0,52100.0,102000.0,205000.0,300.0,2241000.0,79739.0,137000.0,75000.0,162000.0,2027.0,1500.0,57300.0,45000.0,620.0,-1,4100.0,-1.0,31500.0,400.0,17000.0,360.0,2200.0,11525.0,1653000.0,2000.0,310000.0,-1.0,9499.0,-1.0,-1.0,-1.0,75000.0,550000.0,7310.0,300000.0,661100.0,10550000.0,-1.0,3800.0,215000.0,-1.0,27050.0,25204.0,168192.0,4800.0,-1.0,219000.0,52450.0,9524.0,-1.0,5000.0,45000.0,555000.0,4122000.0,246.0,1400.0,13471.0,10360.0,4200.0,-1.0,2550166.0,545000.0,289400.0,-1.0,24500.0,1151000.0,7958.0,875.0,1750.0,480000.0,21595.0,14000.0,17100000.0,289000.0,18000.0,9100.0,17000.0,25000.0,5.0,43000.0,850000.0,1920000.0,81000.0,69000.0,6000.0,-1.0,3300.0,202000.0,69230.0,-1.0,141000.0,2000.0,60.0,-1.0,1800.0,6000.0,-1.0,417426.0
1973,544484.0,160.0,125000.0,4200.0,35200.0,1400000.0,200000.0,-1.0,22008.0,44200.0,101453.0,387816.0,127000.0,-1.0,3500.0,15000.0,22400.0,110000.0,-1.0,-1.0,135.0,223000.0,-1.0,-1.0,130000.0,12000.0,30000.0,3500.0,37250.0,2700.0,122100.0,13095.0,-1.0,31000.0,-1.0,12509484.0,90000.0,5268.0,5500.0,21000.0,-1.0,-1.0,6360.0,650.0,172675.0,2708000.0,50000.0,80000.0,22000.0,1120.0,929498.0,155400.0,-1.0,-1.0,263000.0,1420.0,4220.0,4673.0,30000.0,792.0,137207.0,388867.0,408000.0,200908.0,-1.0,127.0,15893.0,2000.0,2100.0,-1.0,126471.0,1211000.0,314000.0,-1.0,600000.0,3450.0,1200000.0,31240.0,1000.0,1000.0,120000.0,280000.0,170.0,22000.0,5526000.0,203600.0,7900.0,7310.0,210.0,25000.0,190000.0,-1.0,6998.0,2604.0,6457.0,200.0,800000.0,-1.0,14000.0,481000.0,23000.0,190000.0,36100.0,1000.0,37312.0,121000.0,45000.0,-1.0,-1.0,910000.0,118000.0,450.0,2270000.0,3900.0,40000.0,57228.0,790000.0,13600.0,47500.0,106000.0,212000.0,300.0,2251000.0,73121.0,140000.0,80000.0,164000.0,1983.0,400.0,58500.0,35500.0,630.0,-1,4200.0,-1.0,28000.0,400.0,18000.0,726.0,2400.0,12000.0,1657690.0,2100.0,340000.0,-1.0,8504.0,-1.0,-1.0,-1.0,76000.0,500000.0,7360.0,310000.0,765400.0,11920000.0,-1.0,4000.0,221000.0,-1.0,24800.0,22248.0,195722.0,5000.0,-1.0,135000.0,47350.0,12292.0,-1.0,5000.0,45000.0,579000.0,3952900.0,689.0,1400.0,15012.0,8870.0,4300.0,-1.0,1705893.0,570000.0,301200.0,-1.0,25000.0,1229200.0,15755.0,610.0,1772.0,460000.0,22050.0,15000.0,17600000.0,258000.0,14000.0,9200.0,18000.0,-1.0,5.0,45000.0,750000.0,1900000.0,82500.0,70000.0,6000.0,-1.0,3400.0,208000.0,51600.0,-1.0,140000.0,3000.0,40.0,-1.0,1400.0,6200.0,-1.0,488640.0
1974,604093.0,170.0,129000.0,4300.0,68900.0,1400000.0,250000.0,-1.0,20789.0,45000.0,109204.0,407314.0,128000.0,-1.0,3700.0,15100.0,21200.0,110000.0,-1.0,-1.0,140.0,228000.0,-1.0,-1.0,130000.0,12500.0,52000.0,3700.0,42100.0,2800.0,90700.0,8263.0,-1.0,31000.0,-1.0,12359093.0,95000.0,4025.0,5800.0,21000.0,-1.0,-1.0,6400.0,1100.0,207732.0,2383000.0,51000.0,85000.0,23000.0,1160.0,873831.0,158100.0,-1.0,-1.0,273000.0,1455.0,4300.0,4688.0,20000.0,800.0,142100.0,434768.0,407900.0,164360.0,-1.0,57.0,17249.0,2200.0,2300.0,-1.0,131097.0,1259000.0,297000.0,-1.0,560000.0,3500.0,1250000.0,37212.0,1000.0,1100.0,122000.0,295000.0,250.0,20000.0,5120800.0,344300.0,8000.0,8008.0,220.0,25000.0,200000.0,-1.0,6632.0,2722.0,6661.0,250.0,805000.0,-1.0,14000.0,431000.0,25000.0,200000.0,35500.0,950.0,36200.0,122000.0,55000.0,-1.0,-1.0,900000.0,118000.0,440.0,2330000.0,3300.0,40000.0,67007.0,800000.0,13900.0,51400.0,109000.0,218000.0,300.0,2402000.0,84256.0,142000.0,80000.0,166000.0,1775.0,351.0,64700.0,24000.0,640.0,-1,4300.0,-1.0,31000.0,400.0,18000.0,549.0,2600.0,12500.0,2102960.0,2100.0,365000.0,-1.0,19552.0,-1.0,-1.0,-1.0,80200.0,540000.0,7470.0,305000.0,695400.0,11700000.0,-1.0,4200.0,226000.0,-1.0,25700.0,21244.0,199278.0,5200.0,-1.0,105000.0,39000.0,10857.0,-1.0,5000.0,44000.0,588700.0,3982800.0,955.0,1600.0,15852.0,8800.0,4400.0,44300.0,2132967.0,590000.0,313000.0,-1.0,25000.0,1269800.0,22926.0,610.0,1151.0,450000.0,23030.0,18000.0,18000000.0,250000.0,18000.0,9300.0,19000.0,-1.0,5.0,42000.0,750000.0,1900000.0,96500.0,72000.0,6000.0,-1.0,3500.0,210000.0,36150.0,-1.0,138000.0,3330.0,40.0,-1.0,1400.0,6400.0,-1.0,514806.0
1975,636860.0,180.0,136000.0,4400.0,85800.0,1450000.0,300000.0,-1.0,19783.0,46000.0,106459.0,478468.0,135000.0,-1.0,3864.0,15200.0,21200.0,110000.0,-1.0,-1.0,145.0,235000.0,-1.0,-1.0,130000.0,13000.0,94000.0,3900.0,41640.0,2900.0,81900.0,12922.0,-1.0,31500.0,-1.0,12829940.0,110000.0,4358.0,6000.0,22000.0,-1.0,-1.0,6400.0,1150.0,268065.0,2402000.0,52000.0,93000.0,24000.0,1180.0,843904.0,161764.0,-1.0,-1.0,280000.0,1489.0,6000.0,4653.0,15455.0,820.0,145649.0,428547.0,412200.0,195263.0,-1.0,69.0,15687.0,2200.0,2300.0,-1.0,135759.0,1303000.0,304000.0,-1.0,565000.0,3600.0,1300000.0,37425.0,1000.0,1446.0,125000.0,310000.0,180.0,17000.0,4644900.0,362500.0,8000.0,12793.0,230.0,46640.0,180000.0,-1.0,7324.0,2756.0,7155.0,250.0,810000.0,-1.0,16200.0,433600.0,26000.0,190000.0,45300.0,800.0,42200.0,127000.0,43080.0,-1.0,-1.0,920000.0,119000.0,430.0,2390000.0,5000.0,40000.0,61507.0,820000.0,14200.0,49600.0,113000.0,225000.0,900.0,2817000.0,77194.0,145000.0,85000.0,168000.0,1738.0,780.0,67000.0,27500.0,660.0,-1,4400.0,-1.0,35000.0,400.0,18000.0,6000.0,2800.0,13000.0,2260830.0,1192.0,370000.0,-1.0,10000.0,-1.0,-1.0,-1.0,86100.0,530000.0,7530.0,320000.0,823900.0,12150000.0,-1.0,4300.0,232000.0,-1.0,23880.0,33532.0,202438.0,5400.0,-1.0,141000.0,50400.0,11198.0,-1.0,5000.0,46000.0,567500.0,3815000.0,824.0,1700.0,17333.0,7600.0,4500.0,34600.0,1497369.0,615000.0,321200.0,-1.0,24700.0,1258600.0,14533.0,822.0,1180.0,460000.0,22855.0,48000.0,18400000.0,267000.0,22000.0,9400.0,20000.0,-1.0,6.0,44000.0,904000.0,1950000.0,133000.0,74400.0,6500.0,-1.0,3600.0,212000.0,34545.0,-1.0,137000.0,3330.0,32.0,-1.0,1400.0,6600.0,-1.0,248710.0
1976,715319.0,190.0,141000.0,4500.0,76400.0,1450000.0,300000.0,-1.0,24089.0,47000.0,107344.0,434883.0,140000.0,-1.0,3500.0,18000.0,25100.0,105000.0,-1.0,-1.0,150.0,240000.0,-1.0,-1.0,130000.0,13500.0,54112.0,4000.0,40460.0,3000.0,95750.0,13129.0,-1.0,32000.0,-1.0,12616489.0,118430.0,5000.0,6000.0,23000.0,-1.0,-1.0,6500.0,1200.0,121777.0,2342000.0,55000.0,100000.0,25000.0,1200.0,816650.0,163800.0,-1.0,-1.0,285000.0,1510.0,7500.0,5250.0,17123.0,1000.0,151041.0,439545.0,419700.0,188028.0,-1.0,96.0,15969.0,2300.0,2500.0,-1.0,102943.0,1134000.0,296000.0,-1.0,570000.0,3700.0,1330000.0,47014.0,1000.0,2328.0,130000.0,325000.0,100.0,18000.0,5005500.0,459500.0,8500.0,6539.0,200.0,107422.0,220000.0,-1.0,8623.0,2800.0,7380.0,300.0,815000.0,-1.0,11650.0,435000.0,28000.0,200000.0,43000.0,600.0,45550.0,130000.0,51170.0,-1.0,-1.0,960000.0,120000.0,420.0,2450000.0,7121.0,36200.0,62125.0,840000.0,14700.0,63600.0,117000.0,230000.0,300.0,3166000.0,78094.0,147000.0,90000.0,170000.0,1890.0,740.0,70000.0,28000.0,680.0,-1,4500.0,-1.0,38000.0,400.0,18000.0,6500.0,3000.0,13500.0,2192000.0,1014.0,375000.0,-1.0,10000.0,-1.0,-1.0,-1.0,86000.0,500000.0,7500.0,350000.0,856800.0,11850000.0,-1.0,4500.0,238000.0,-1.0,23960.0,34740.0,233123.0,5600.0,-1.0,139000.0,67150.0,12293.0,-1.0,5000.0,54000.0,575800.0,3913900.0,905.0,2000.0,15555.0,10500.0,4600.0,46600.0,2690088.0,640000.0,330400.0,-1.0,25700.0,1128000.0,13150.0,840.0,1560.0,460000.0,22000.0,20000.0,18900000.0,200000.0,25000.0,9500.0,21000.0,-1.0,6.0,46000.0,769000.0,2000000.0,155000.0,76800.0,6500.0,-1.0,3700.0,215000.0,35129.0,-1.0,136000.0,3330.0,30.0,-1.0,1600.0,6800.0,-1.0,283600.0
1977,753568.0,200.0,147000.0,4600.0,118500.0,1500000.0,400000.0,-1.0,28767.0,47500.0,104376.0,409969.0,142000.0,-1.0,1800.0,17500.0,16800.0,117000.0,-1.0,-1.0,130.0,245000.0,-1.0,-1.0,140000.0,14000.0,23000.0,4000.0,40660.0,3100.0,104400.0,12576.0,-1.0,33000.0,-1.0,13303163.0,115679.0,5000.0,6500.0,24000.0,-1.0,-1.0,6600.0,1250.0,149076.0,2328000.0,57000.0,110000.0,25900.0,1220.0,982901.0,165400.0,-1.0,-1.0,290000.0,1580.0,8700.0,3750.0,15425.0,1100.0,138148.0,523681.0,356100.0,227191.0,-1.0,130.0,15404.0,2300.0,2700.0,-1.0,125021.0,1025000.0,286024.0,-1.0,575000.0,3800.0,1350000.0,40155.0,1000.0,1851.0,133000.0,340000.0,200.0,18900.0,5243000.0,463800.0,8500.0,23083.0,210.0,95000.0,240000.0,-1.0,8045.0,3000.0,7890.0,300.0,820000.0,-1.0,14800.0,435000.0,29000.0,205000.0,42300.0,900.0,46100.0,135000.0,49595.0,-1.0,-1.0,1000000.0,120000.0,410.0,2510000.0,5926.0,40000.0,76197.0,860000.0,14800.0,58600.0,120000.0,240000.0,3200.0,3350000.0,91601.0,150000.0,93000.0,172000.0,2339.0,960.0,74500.0,29000.0,700.0,-1,4600.0,-1.0,40000.0,400.0,20000.0,7158.0,3200.0,14000.0,2559880.0,1731.0,380000.0,-1.0,10000.0,-1.0,-1.0,-1.0,79000.0,542000.0,8010.0,360000.0,918200.0,12500000.0,-1.0,4800.0,240000.0,-1.0,24060.0,31598.0,247560.0,5800.0,-1.0,137000.0,59050.0,13206.0,-1.0,5500.0,52000.0,783000.0,4023200.0,977.0,2150.0,16169.0,10400.0,4700.0,41800.0,2808827.0,670000.0,335600.0,-1.0,26900.0,980400.0,13689.0,840.0,1640.0,450000.0,22000.0,20000.0,19200000.0,246000.0,23000.0,9600.0,22000.0,1600.0,7.0,48000.0,704000.0,2050000.0,159500.0,77000.0,6800.0,-1.0,3800.0,218000.0,33360.0,-1.0,137000.0,5000.0,27.0,-1.0,1600.0,7000.0,-1.0,347400.0
1978,800812.0,200.0,152000.0,4500.0,105600.0,1500000.0,400000.0,-1.0,21803.0,48000.0,116562.0,422961.0,145000.0,-1.0,1494.0,16600.0,24600.0,120000.0,-1.0,-1.0,120.0,248000.0,-1.0,-1.0,140000.0,15000.0,34000.0,4500.0,34870.0,3150.0,147050.0,16856.0,-1.0,34000.0,-1.0,15253062.0,119434.0,5030.0,7000.0,23000.0,-1.0,-1.0,6700.0,1300.0,121109.0,2446000.0,59000.0,125000.0,26000.0,1240.0,933866.0,168894.0,-1.0,-1.0,300000.0,1726.0,8600.0,3281.0,10190.0,1300.0,142766.0,510871.0,395500.0,230000.0,-1.0,160.0,22100.0,2400.0,3000.0,-1.0,125382.0,976000.0,262928.0,-1.0,580000.0,3900.0,1400000.0,34919.0,669.0,1900.0,140000.0,350000.0,280.0,19850.0,5094600.0,444600.0,8500.0,23585.0,230.0,110000.0,250000.0,-1.0,10607.0,3100.0,8160.0,300.0,825000.0,-1.0,15000.0,450000.0,30000.0,212000.0,47900.0,1200.0,58100.0,138000.0,52250.0,-1.0,-1.0,1050000.0,120000.0,400.0,2570000.0,2647.0,45000.0,81881.0,860000.0,15000.0,73900.0,121000.0,250000.0,300.0,3925000.0,103981.0,153000.0,95000.0,170000.0,2694.0,1060.0,80800.0,30000.0,720.0,-1,4700.0,-1.0,42000.0,400.0,20000.0,6459.0,3400.0,14500.0,2317600.0,1753.0,390000.0,-1.0,11000.0,-1.0,-1.0,-1.0,82000.0,492300.0,8480.0,380000.0,1137500.0,14400000.0,-1.0,5000.0,245000.0,-1.0,28030.0,30710.0,257700.0,6000.0,-1.0,134000.0,56600.0,12411.0,-1.0,5500.0,56000.0,735400.0,3984500.0,950.0,2300.0,16550.0,9500.0,4800.0,55000.0,3676265.0,700000.0,327900.0,-1.0,26500.0,1080500.0,10564.0,2652.0,1945.0,380000.0,21000.0,22000.0,19800000.0,243720.0,24000.0,9700.0,23000.0,1600.0,7.0,50000.0,776000.0,2100000.0,155500.0,78000.0,6300.0,-1.0,3900.0,220000.0,38065.0,-1.0,137000.0,6100.0,27.0,-1.0,1650.0,7500.0,-1.0,318800.0
1979,827233.0,200.0,158000.0,4500.0,122700.0,1510000.0,500000.0,-1.0,25244.0,49000.0,111150.0,434717.0,148000.0,-1.0,1380.0,16700.0,23500.0,124000.0,-1.0,-1.0,120.0,250000.0,-1.0,-1.0,150000.0,16000.0,42837.0,3500.0,27949.0,3200.0,87650.0,32135.0,-1.0,35000.0,-1.0,16281693.0,117174.0,10000.0,7000.0,22000.0,-1.0,-1.0,7000.0,1350.0,126493.0,2581000.0,60000.0,140000.0,25000.0,1260.0,952473.0,170080.0,-1.0,-1.0,310000.0,1615.0,8600.0,2466.0,12000.0,1600.0,162077.0,503337.0,400300.0,225000.0,-1.0,200.0,23813.0,2400.0,4420.0,-1.0,117524.0,931000.0,265962.0,-1.0,590000.0,3950.0,1450000.0,28218.0,1100.0,500.0,150000.0,360000.0,320.0,20000.0,5069900.0,436300.0,3264.0,35000.0,250.0,50000.0,258000.0,-1.0,9941.0,3200.0,8040.0,350.0,830000.0,-1.0,12500.0,460000.0,34525.0,215000.0,37200.0,1100.0,56610.0,142000.0,54460.0,-1.0,-1.0,1100000.0,120000.0,390.0,2640000.0,5672.0,50000.0,78501.0,870000.0,15000.0,59800.0,122000.0,260000.0,1500.0,3623000.0,102314.0,155000.0,98000.0,170000.0,3218.0,500.0,85200.0,31000.0,750.0,-1,3000.0,-1.0,44000.0,450.0,20000.0,12363.0,3600.0,15000.0,2457640.0,2400.0,400000.0,-1.0,12000.0,-1.0,-1.0,-1.0,84280.0,494800.0,8500.0,400000.0,1167200.0,15400000.0,-1.0,6900.0,252000.0,-1.0,52000.0,30778.0,49182.0,6200.0,-1.0,132000.0,72100.0,12481.0,-1.0,5500.0,60000.0,660300.0,3855100.0,980.0,2400.0,17304.0,11600.0,5200.0,51600.0,2971018.0,640000.0,340000.0,-1.0,26500.0,1176600.0,12918.0,2803.0,2860.0,435000.0,21000.0,22000.0,19400000.0,267220.0,25000.0,9800.0,24000.0,1547.0,7.0,50000.0,800000.0,2150000.0,152500.0,80000.0,6500.0,-1.0,4000.0,220000.0,35250.0,-1.0,137000.0,7000.0,27.0,-1.0,1700.0,7800.0,-1.0,187705.0
1980,896030.0,200.0,164000.0,4500.0,122500.0,1520000.0,500000.0,-1.0,26020.0,50000.0,117155.0,433152.0,150000.0,-1.0,3530.0,16900.0,26300.0,134000.0,-1.0,-1.0,200.0,253000.0,-1.0,-1.0,150000.0,15000.0,35000.0,3000.0,30582.0,3250.0,120600.0,34315.0,-1.0,36000.0,-1.0,14954250.0,118000.0,15000.0,7683.0,22000.0,-1.0,-1.0,7000.0,1400.0,139285.0,2776000.0,61000.0,160000.0,29000.0,1300.0,892000.0,175030.0,-1.0,-1.0,320000.0,1800.0,9100.0,2308.0,14000.0,1000.0,178810.0,508032.0,389500.0,210000.0,-1.0,267.0,30604.0,2500.0,16570.0,-1.0,115124.0,972000.0,342000.0,-1.0,595000.0,4100.0,1500000.0,36452.0,50.0,550.0,153000.0,360000.0,300.0,22000.0,5190200.0,458100.0,4468.0,55239.0,270.0,71065.0,269000.0,-1.0,7515.0,3300.0,7590.0,380.0,839000.0,-1.0,13000.0,289000.0,65692.0,218000.0,52300.0,900.0,57250.0,150000.0,58220.0,-1.0,-1.0,1150000.0,120000.0,380.0,2710000.0,3218.0,51000.0,71544.0,900000.0,15200.0,69100.0,123000.0,270000.0,1100.0,3536000.0,102148.0,158000.0,100000.0,170000.0,2686.0,560.0,90700.0,40000.0,780.0,-1,2400.0,-1.0,45000.0,450.0,20000.0,14098.0,3800.0,15000.0,2517300.0,3000.0,410000.0,-1.0,12000.0,-1.0,-1.0,-1.0,88900.0,498400.0,8520.0,410000.0,1081500.0,14000000.0,-1.0,5000.0,258000.0,-1.0,18810.0,31560.0,52554.0,6400.0,-1.0,138000.0,72000.0,13596.0,-1.0,5500.0,62000.0,690200.0,3953900.0,1000.0,2500.0,17886.0,9800.0,5500.0,57000.0,3028288.0,690000.0,350000.0,-1.0,26500.0,389830.0,16093.0,3193.0,3401.0,320000.0,20000.0,22000.0,19700000.0,291091.0,26000.0,9900.0,25000.0,1700.0,8.0,51000.0,800000.0,2164800.0,143800.0,83000.0,6700.0,-1.0,4100.0,230000.0,33789.0,-1.0,140000.0,6000.0,37.0,-1.0,2000.0,8000.0,-1.0,235205.0
1981,903639.0,200.0,170000.0,4600.0,182500.0,1550000.0,550000.0,-1.0,25919.0,50000.0,123298.0,445101.0,152000.0,-1.0,3500.0,19000.0,29100.0,128000.0,-1.0,-1.0,250.0,255000.0,-1.0,-1.0,160000.0,15000.0,60000.0,2300.0,31135.0,3300.0,146700.0,34902.0,-1.0,36000.0,-1.0,18843279.0,120000.0,20000.0,8232.0,20000.0,-1.0,-1.0,7000.0,1450.0,131657.0,2246000.0,62000.0,185000.0,30000.0,1320.0,1000000.0,176500.0,-1.0,-1.0,330000.0,1937.0,10000.0,1053.0,15000.0,880.0,173680.0,536162.0,390100.0,215000.0,-1.0,284.0,24973.0,2600.0,17000.0,-1.0,115162.0,986000.0,328000.0,-1.0,600000.0,4200.0,1600000.0,50861.0,1300.0,623.0,155000.0,370000.0,280.0,23000.0,5421200.0,642000.0,5549.0,25000.0,300.0,96754.0,280000.0,-1.0,9310.0,3400.0,8080.0,400.0,854000.0,-1.0,13000.0,328800.0,119414.0,220000.0,47700.0,1000.0,50500.0,160000.0,39640.0,-1.0,-1.0,1400000.0,125000.0,370.0,2780000.0,3481.0,45000.0,70115.0,910000.0,15200.0,65600.0,124000.0,280000.0,2400.0,3602000.0,95088.0,160000.0,102000.0,165000.0,2944.0,1020.0,96400.0,37000.0,800.0,-1,2000.0,-1.0,50000.0,450.0,22000.0,18904.0,4000.0,16000.0,2650400.0,3178.0,415000.0,-1.0,12500.0,-1.0,-1.0,-1.0,91560.0,519400.0,8800.0,430000.0,1275500.0,17900000.0,-1.0,6273.0,265000.0,-1.0,13385.0,42271.0,44273.0,6500.0,-1.0,140000.0,71060.0,13633.0,-1.0,6000.0,65000.0,246000.0,3988600.0,1100.0,2600.0,19347.0,10200.0,5800.0,58000.0,3082792.0,730000.0,350000.0,-1.0,27000.0,424194.0,19747.0,3193.0,4310.0,350000.0,20000.0,21559.0,20000000.0,293621.0,27000.0,3700.0,25000.0,1700.0,8.0,52000.0,800000.0,2300000.0,154100.0,85000.0,7000.0,-1.0,4200.0,240000.0,40331.0,-1.0,145000.0,6500.0,37.0,-1.0,2500.0,8200.0,-1.0,366395.0
1982,915258.0,200.0,175000.0,4500.0,140100.0,1600000.0,550000.0,-1.0,23273.0,52000.0,113036.0,461001.0,154000.0,-1.0,3942.0,17200.0,36100.0,129000.0,-1.0,-1.0,266.0,258000.0,-1.0,-1.0,160000.0,15000.0,262978.0,2500.0,30849.0,3350.0,134500.0,25698.0,-1.0,38000.0,-1.0,21151458.0,122000.0,25000.0,8392.0,20000.0,-1.0,-1.0,7000.0,1500.0,115372.0,2265000.0,65000.0,210000.0,31000.0,1340.0,1007393.0,180442.0,-1.0,-1.0,340000.0,1496.0,14000.0,1088.0,15000.0,890.0,165280.0,525976.0,402700.0,220000.0,-1.0,232.0,30727.0,2700.0,18000.0,-1.0,136926.0,1048000.0,356000.0,-1.0,610000.0,4250.0,1680000.0,43803.0,500.0,546.0,180000.0,370000.0,260.0,24000.0,6003500.0,737400.0,1640.0,20000.0,310.0,73909.0,290000.0,-1.0,8917.0,3500.0,8521.0,430.0,852000.0,-1.0,13000.0,376100.0,120000.0,220000.0,47800.0,1150.0,61385.0,150000.0,36200.0,-1.0,-1.0,1400000.0,125000.0,360.0,2860000.0,5887.0,45000.0,68555.0,920000.0,16000.0,57200.0,125000.0,290000.0,2400.0,3573000.0,99282.0,163000.0,95000.0,170000.0,2883.0,1525.0,91000.0,40000.0,820.0,-1,2400.0,-1.0,57000.0,450.0,25000.0,27204.0,4100.0,16500.0,2637980.0,3376.0,415000.0,-1.0,13000.0,-1.0,-1.0,-1.0,87010.0,507100.0,9060.0,440000.0,1112400.0,20200000.0,-1.0,3772.0,272000.0,-1.0,13678.0,43209.0,45766.0,6700.0,-1.0,142000.0,77850.0,14161.0,-1.0,6000.0,67000.0,548000.0,3989800.0,1150.0,2600.0,20413.0,9800.0,6000.0,60700.0,3000000.0,772390.0,345000.0,-1.0,28000.0,397732.0,13000.0,3450.0,4351.0,400000.0,20000.0,20000.0,21100000.0,316083.0,27000.0,4000.0,26000.0,1800.0,9.0,53000.0,700000.0,2330000.0,154300.0,87000.0,7200.0,-1.0,4300.0,250000.0,39358.0,-1.0,150000.0,6000.0,37.0,-1.0,3000.0,8400.0,-1.0,390260.0
1983,875254.0,200.0,180000.0,4600.0,102500.0,1700000.0,672000.0,-1.0,24000.0,55000.0,111719.0,481202.0,156000.0,-1.0,4360.0,17400.0,34300.0,132200.0,-1.0,-1.0,270.0,260000.0,-1.0,-1.0,160000.0,15000.0,180000.0,2500.0,34020.0,3000.0,131200.0,38879.0,-1.0,38000.0,-1.0,27915254.0,125000.0,30000.0,8502.0,20000.0,-1.0,-1.0,7000.0,1550.0,116348.0,2282000.0,70000.0,220000.0,32000.0,1360.0,965000.0,182860.0,-1.0,-1.0,343000.0,1768.0,18000.0,1919.0,16000.0,900.0,132610.0,435278.0,397800.0,215000.0,-1.0,260.0,31000.0,2800.0,18000.0,-1.0,121106.0,909000.0,370000.0,-1.0,615000.0,4350.0,1750000.0,42437.0,700.0,630.0,200000.0,375000.0,300.0,25000.0,5582000.0,641400.0,3358.0,40000.0,320.0,55854.0,318900.0,-1.0,9062.0,3600.0,8680.0,450.0,857000.0,-1.0,13000.0,368200.0,115000.0,218000.0,20000.0,1200.0,65337.0,160000.0,40000.0,-1.0,-1.0,1450000.0,125000.0,350.0,2930000.0,5810.0,45000.0,71616.0,930000.0,17000.0,63600.0,126000.0,300000.0,2500.0,3200000.0,102616.0,165000.0,90000.0,170000.0,3220.0,1510.0,123300.0,42000.0,830.0,-1,2600.0,-1.0,60000.0,450.0,25000.0,32655.0,4200.0,17000.0,2758040.0,3594.0,415000.0,-1.0,15000.0,-1.0,-1.0,-1.0,88000.0,482100.0,8870.0,450000.0,1120600.0,27000000.0,-1.0,4876.0,278000.0,-1.0,11733.0,43184.0,47484.0,6800.0,-1.0,157000.0,76130.0,14515.0,-1.0,6000.0,70000.0,870000.0,3816800.0,1200.0,2600.0,24310.0,10400.0,6200.0,44500.0,2800000.0,790000.0,345000.0,-1.0,29000.0,457586.0,10000.0,8519.0,3778.0,420000.0,20000.0,19000.0,21600000.0,160868.0,28000.0,3200.0,27000.0,1900.0,9.0,54000.0,600000.0,2500000.0,42654.0,90000.0,7500.0,-1.0,4200.0,220000.0,32529.0,-1.0,155000.0,6100.0,52.0,-1.0,3100.0,8500.0,-1.0,258270.0
1984,924186.0,200.0,185000.0,4700.0,318600.0,1750000.0,700000.0,-1.0,24000.0,56000.0,123517.0,494920.0,157000.0,-1.0,3800.0,17500.0,35400.0,135700.0,-1.0,-1.0,280.0,263000.0,-1.0,-1.0,160000.0,15000.0,430000.0,4650.0,37040.0,3046.0,153900.0,83797.0,-1.0,40000.0,-1.0,35466186.0,126000.0,40000.0,4600.0,20000.0,-1.0,-1.0,7000.0,1600.0,146546.0,2068000.0,77000.0,210000.0,33000.0,1380.0,1075000.0,188750.0,-1.0,-1.0,350000.0,1435.0,16000.0,2296.0,16000.0,910.0,167220.0,427136.0,382800.0,216000.0,-1.0,270.0,36500.0,2800.0,20000.0,-1.0,141309.0,1120000.0,379000.0,-1.0,620000.0,4400.0,1890000.0,44528.0,1500.0,636.0,250000.0,380000.0,320.0,26000.0,5900000.0,614000.0,6530.0,40000.0,330.0,63442.0,300000.0,-1.0,10826.0,3600.0,9475.0,500.0,863000.0,-1.0,30802.0,364000.0,110000.0,220000.0,24600.0,1250.0,72450.0,180000.0,42000.0,-1.0,-1.0,1550000.0,125000.0,340.0,3010000.0,6905.0,45000.0,80101.0,940000.0,17200.0,67300.0,127000.0,310000.0,3300.0,3390000.0,116601.0,169000.0,80000.0,170000.0,2878.0,2115.0,120000.0,42000.0,850.0,-1,1990.0,-1.0,55000.0,450.0,25000.0,28107.0,4300.0,17500.0,2703280.0,3835.0,380000.0,-1.0,18000.0,-1.0,-1.0,-1.0,90000.0,580100.0,9026.0,450000.0,1281300.0,34500000.0,-1.0,5000.0,286000.0,-1.0,9394.0,50019.0,49214.0,6900.0,-1.0,153000.0,79700.0,14000.0,-1.0,6000.0,75000.0,516000.0,3925700.0,1200.0,2600.0,23145.0,11300.0,6400.0,63300.0,2800000.0,800000.0,340000.0,-1.0,36400.0,500732.0,15000.0,8489.0,4064.0,430000.0,20000.0,18000.0,22000000.0,209375.0,29000.0,1701.0,27000.0,1950.0,10.0,55000.0,600000.0,2649000.0,54621.0,93000.0,7000.0,-1.0,4400.0,240000.0,30094.0,-1.0,150000.0,6300.0,92.0,-1.0,3200.0,8500.0,-1.0,257285.0
1985,889838.0,200.0,190000.0,4700.0,268300.0,1800000.0,742000.0,-1.0,24500.0,58000.0,119481.0,478940.0,158000.0,-1.0,3091.0,17500.0,41200.0,140500.0,-1.0,-1.0,300.0,265000.0,-1.0,-1.0,160000.0,15000.0,480000.0,6430.0,42955.0,3100.0,148900.0,56028.0,-1.0,41000.0,-1.0,35333698.0,126000.0,45000.0,4600.0,20000.0,-1.0,-1.0,7200.0,1650.0,152176.0,2357000.0,85000.0,220000.0,34000.0,1400.0,950000.0,191321.0,-1.0,-1.0,352000.0,1496.0,27000.0,2698.0,16000.0,920.0,137470.0,413529.0,372300.0,218000.0,-1.0,280.0,39000.0,2900.0,20000.0,-1.0,136486.0,1254000.0,368000.0,-1.0,620000.0,4450.0,2000000.0,69353.0,2200.0,813.0,280000.0,400000.0,330.0,27500.0,5235000.0,669000.0,9550.0,40000.0,350.0,255000.0,299000.0,-1.0,11020.0,3700.0,8170.0,530.0,875000.0,-1.0,35241.0,402000.0,105000.0,215000.0,25000.0,1300.0,82480.0,185000.0,43860.0,-1.0,-1.0,1600000.0,130000.0,330.0,3090000.0,5744.0,41000.0,85026.0,950000.0,17500.0,67900.0,128000.0,320000.0,4000.0,3259000.0,124026.0,170000.0,60000.0,170000.0,2900.0,735.0,138900.0,43000.0,860.0,-1,2184.0,-1.0,60000.0,455.0,25000.0,35659.0,4400.0,17500.0,2723990.0,5550.0,400000.0,-1.0,20000.0,-1.0,-1.0,-1.0,92000.0,582300.0,9200.0,470000.0,1271700.0,34400000.0,-1.0,5100.0,295000.0,-1.0,8281.0,45000.0,51061.0,7300.0,-1.0,161000.0,66200.0,14300.0,-1.0,6000.0,75000.0,520000.0,3832500.0,1400.0,2700.0,21115.0,11900.0,6500.0,52900.0,2800000.0,827742.0,335000.0,-1.0,40800.0,534114.0,18000.0,8725.0,4295.0,450000.0,20000.0,18000.0,22400000.0,180000.0,30000.0,2500.0,28000.0,2052.0,10.0,55500.0,600000.0,2344000.0,52168.0,95000.0,7300.0,-1.0,4500.0,245000.0,26147.0,3.0,160000.0,6500.0,90.0,-1.0,3200.0,8600.0,-1.0,276970.0
1986,828850.0,200.0,195000.0,4900.0,230900.0,1850000.0,774000.0,-1.0,23000.0,59000.0,86580.0,486230.0,159000.0,-1.0,3604.0,16000.0,46500.0,137596.0,-1.0,-1.0,330.0,268000.0,-1.0,-1.0,160000.0,16000.0,379676.0,6781.0,45451.0,3100.0,78607.0,55212.0,-1.0,42000.0,-1.0,50174600.0,126000.0,50000.0,4700.0,20000.0,-1.0,-1.0,7200.0,1700.0,141100.0,2209000.0,90000.0,225000.0,34000.0,1420.0,900000.0,195485.0,-1.0,-1.0,360000.0,1412.0,40000.0,2686.0,17000.0,930.0,133050.0,461058.0,334200.0,218000.0,-1.0,280.0,44000.0,3536.0,22000.0,-1.0,131146.0,1293000.0,389000.0,-1.0,625000.0,4500.0,2100000.0,45615.0,1100.0,1049.0,300000.0,420000.0,350.0,28000.0,5300000.0,420000.0,10969.0,20000.0,370.0,220982.0,321000.0,-1.0,11360.0,3700.0,9080.0,530.0,880000.0,-1.0,40983.0,351000.0,100000.0,218000.0,25000.0,1400.0,71750.0,189000.0,45750.0,-1.0,-1.0,1800000.0,130000.0,320.0,3170000.0,7124.0,35000.0,86421.0,960000.0,17800.0,74300.0,129000.0,325000.0,3800.0,3396000.0,130421.0,173000.0,40220.0,175000.0,3000.0,1380.0,165500.0,44000.0,880.0,-1,2279.0,-1.0,60000.0,460.0,26000.0,33500.0,4500.0,18000.0,3253860.0,5898.0,410000.0,-1.0,24000.0,-1.0,-1.0,-1.0,95000.0,614200.0,9370.0,490000.0,1356900.0,49300000.0,-1.0,5200.0,290000.0,-1.0,9965.0,47000.0,51240.0,7600.0,-1.0,161000.0,69500.0,14600.0,-1.0,6000.0,78000.0,600000.0,3949700.0,1450.0,2600.0,22149.0,6405.0,6500.0,51900.0,2500000.0,946211.0,330000.0,-1.0,48300.0,585199.0,19000.0,11574.0,3583.0,460000.0,19000.0,17000.0,23700000.0,150000.0,31000.0,3000.0,29000.0,1350.0,10.0,56000.0,550000.0,2666000.0,58176.0,95000.0,7400.0,-1.0,4500.0,250000.0,18534.0,6.0,160000.0,6500.0,95.0,-1.0,3300.0,8700.0,-1.0,287287.0
1987,906055.0,200.0,200000.0,5000.0,167000.0,1900000.0,875340.0,-1.0,23000.0,60000.0,94463.0,498485.0,162000.0,-1.0,3600.0,17600.0,47995.0,138697.0,-1.0,-1.0,350.0,270000.0,-1.0,-1.0,160000.0,15000.0,600000.0,13953.0,43947.0,3100.0,72583.0,58572.0,-1.0,43000.0,-1.0,52447165.0,100000.0,55000.0,4700.0,20000.0,-1.0,-1.0,7020.0,1750.0,158300.0,2221000.0,100000.0,230000.0,34000.0,1440.0,850000.0,204653.0,-1.0,-1.0,363000.0,1759.0,18000.0,3836.0,17000.0,940.0,140510.0,418613.0,348400.0,219000.0,-1.0,290.0,46000.0,6000.0,22000.0,-1.0,150939.0,1241000.0,381000.0,-1.0,630000.0,4550.0,2200000.0,52084.0,300.0,1291.0,350000.0,425000.0,350.0,28500.0,5100000.0,400000.0,11299.0,17319.0,380.0,155354.0,323200.0,-1.0,11685.0,3800.0,10146.0,580.0,885000.0,-1.0,25947.0,352000.0,90000.0,220000.0,24000.0,1300.0,75250.0,192000.0,41110.0,-1.0,-1.0,1900000.0,135000.0,310.0,3250000.0,5685.0,40000.0,86116.0,970000.0,18000.0,70500.0,130000.0,330000.0,2500.0,3244000.0,132116.0,175000.0,42190.0,180000.0,3000.0,2256.0,174500.0,45000.0,900.0,-1,2410.0,-1.0,60000.0,470.0,26000.0,32604.0,4600.0,18000.0,2635080.0,6220.0,420000.0,-1.0,28000.0,-1.0,-1.0,-1.0,105000.0,636800.0,9330.0,500000.0,1460300.0,51500000.0,-1.0,5300.0,290000.0,-1.0,10780.0,49000.0,21429.0,7500.0,-1.0,175000.0,72200.0,14800.0,-1.0,7000.0,82000.0,550000.0,3830000.0,1503.0,2600.0,21824.0,7975.0,6500.0,40400.0,2500000.0,1125720.0,330000.0,-1.0,52500.0,873910.0,20000.0,8493.0,9071.0,466000.0,19000.0,16000.0,24000000.0,140000.0,31400.0,3400.0,30000.0,1538.0,10.0,56500.0,550000.0,2677300.0,57000.0,95000.0,7500.0,-1.0,4600.0,255000.0,14753.0,3.0,165000.0,6700.0,100.0,-1.0,3600.0,8700.0,-1.0,260747.0
1988,949818.0,200.0,205000.0,5200.0,73000.0,1950000.0,875000.0,-1.0,22000.0,60000.0,93715.0,510985.0,165000.0,-1.0,3625.0,17500.0,55380.0,166000.0,-1.0,-1.0,370.0,275000.0,-1.0,-1.0,160000.0,13000.0,650000.0,7412.0,46000.0,3100.0,106190.0,57312.0,-1.0,44000.0,-1.0,58496598.0,100000.0,57000.0,4800.0,20000.0,-1.0,-1.0,7850.0,1813.0,147188.0,2184000.0,115000.0,235000.0,34000.0,1460.0,850000.0,201337.0,-1.0,-1.0,367000.0,1733.0,15000.0,6918.0,17500.0,950.0,141820.0,430202.0,343200.0,219000.0,-1.0,290.0,52000.0,5000.0,20000.0,-1.0,132143.0,1354000.0,390000.0,-1.0,630000.0,4300.0,2250000.0,90664.0,400.0,1465.0,282600.0,430000.0,360.0,29000.0,5210000.0,591000.0,14781.0,15276.0,400.0,132631.0,240400.0,-1.0,8624.0,3800.0,9895.0,580.0,890000.0,-1.0,47400.0,383000.0,87900.0,222000.0,24000.0,1350.0,75000.0,190000.0,46780.0,-1.0,-1.0,2000000.0,140000.0,300.0,3330000.0,6201.0,68500.0,86615.0,980000.0,18200.0,76600.0,131000.0,340000.0,2000.0,3480000.0,138615.0,178000.0,45000.0,182000.0,2900.0,1760.0,169000.0,45000.0,920.0,-1,2300.0,-1.0,60000.0,475.0,26000.0,30988.0,4700.0,17000.0,2851790.0,5614.0,415000.0,-1.0,32000.0,-1.0,-1.0,-1.0,107704.0,649300.0,9150.0,530000.0,1488300.0,57500000.0,-1.0,5400.0,280000.0,-1.0,11960.0,50000.0,20838.0,7600.0,-1.0,177000.0,43180.0,14800.0,-1.0,7000.0,87000.0,550000.0,3721400.0,1700.0,2600.0,20693.0,8689.0,6600.0,44600.0,2300000.0,747961.0,333000.0,-1.0,54600.0,870600.0,20500.0,8500.0,7914.0,470000.0,19000.0,16000.0,23100000.0,120000.0,31600.0,1800.0,31000.0,1525.0,10.0,57000.0,550000.0,2631700.0,56700.0,95000.0,7500.0,-1.0,4700.0,260000.0,10026.0,10.0,165000.0,8228.0,100.0,-1.0,3700.0,8800.0,-1.0,265781.0
1989,913511.0,200.0,210000.0,5400.0,109100.0,1900000.0,922000.0,-1.0,22000.0,60000.0,90000.0,521895.0,168000.0,-1.0,5295.0,17500.0,59500.0,165452.0,-1.0,-1.0,390.0,280000.0,-1.0,-1.0,164000.0,15500.0,750000.0,7795.0,45000.0,3100.0,102900.0,51748.0,-1.0,45000.0,-1.0,60674411.0,90000.0,58000.0,4800.0,20500.0,-1.0,-1.0,9000.0,1902.0,126700.0,2334000.0,130000.0,236000.0,35000.0,1480.0,800000.0,205590.0,-1.0,-1.0,370000.0,1714.0,16000.0,5518.0,18000.0,960.0,142050.0,453160.0,322000.0,213000.0,-1.0,200.0,57000.0,2600.0,22000.0,-1.0,164483.0,1480000.0,332000.0,-1.0,625000.0,4100.0,2500000.0,86427.0,480.0,1633.0,274500.0,432000.0,370.0,29500.0,4198000.0,386000.0,10479.0,22826.0,400.0,145111.0,306000.0,-1.0,10195.0,3800.0,10578.0,620.0,885000.0,-1.0,44059.0,400000.0,90900.0,224000.0,25000.0,1400.0,83500.0,200000.0,60900.0,-1.0,-1.0,1800000.0,145000.0,290.0,3420000.0,9770.0,65707.0,86142.0,990000.0,18000.0,75600.0,132000.0,350000.0,0.0,3581000.0,143142.0,180000.0,50000.0,183000.0,2700.0,2158.0,198200.0,45000.0,920.0,-1,2000.0,-1.0,60000.0,480.0,26000.0,38041.0,4800.0,18000.0,2785750.0,5942.0,400000.0,-1.0,34000.0,-1.0,-1.0,-1.0,110000.0,650000.0,9000.0,550000.0,1460600.0,59700000.0,-1.0,5500.0,270000.0,-1.0,13965.0,55000.0,13288.0,7800.0,-1.0,181000.0,46050.0,15000.0,-1.0,8000.0,90000.0,550000.0,3702500.0,1977.0,2600.0,26659.0,8826.0,6600.0,39700.0,1800000.0,977653.0,334000.0,-1.0,55000.0,904715.0,21000.0,7200.0,8723.0,470000.0,19000.0,17000.0,22300000.0,100000.0,32100.0,1800.0,32000.0,1927.0,10.0,57500.0,500000.0,2816000.0,49900.0,96000.0,7600.0,-1.0,4700.0,265000.0,6378.0,15.0,165000.0,6171.0,100.0,-1.0,3800.0,8800.0,-1.0,280145.0
1990,903368.0,100.0,215000.0,5600.0,112000.0,1950000.0,993560.0,-1.0,22647.0,55000.0,100000.0,565127.0,169000.0,-1.0,4725.0,17500.0,41742.0,162423.0,-1.0,-1.0,410.0,285000.0,-1.0,-1.0,172000.0,16000.0,975727.0,7669.0,42830.0,3274.0,110815.0,50571.0,-1.0,46000.0,-1.0,61665828.0,80391.0,60000.0,5000.0,21000.0,-1.0,-1.0,11000.0,2088.0,155000.0,2300000.0,150000.0,238000.0,36000.0,1500.0,750000.0,207194.0,-1.0,-1.0,375200.0,1724.0,16000.0,6128.0,17816.0,970.0,125940.0,397385.0,377600.0,250000.0,-1.0,220.0,52000.0,2200.0,20000.0,-1.0,161840.0,1761000.0,430000.0,-1.0,644018.0,4500.0,2700000.0,87000.0,299.0,1388.0,334000.0,434000.0,300.0,30000.0,4318000.0,193000.0,9473.0,25000.0,415.0,134221.0,86000.0,-1.0,10172.0,2882.0,10787.0,655.0,895000.0,-1.0,41528.0,423847.0,91800.0,226000.0,23264.0,1500.0,95700.0,210000.0,62460.0,-1.0,-1.0,1630740.0,150000.0,280.0,3500000.0,9415.0,58630.0,92418.0,1000000.0,3000.0,70000.0,130000.0,360000.0,0.0,3539000.0,144418.0,182000.0,67491.0,184000.0,2800.0,2267.0,161909.0,-1.0,930.0,-1,2100.0,-1.0,60196.0,485.0,24722.0,41115.0,4900.0,17000.0,2626363.0,4417.0,390000.0,-1.0,38000.0,-1.0,-1.0,-1.0,120000.0,648000.0,9689.0,555000.0,1192600.0,60700000.0,-1.0,5600.0,260000.0,-1.0,14447.0,58000.0,13404.0,8000.0,-1.0,189000.0,47542.0,15200.0,-1.0,9000.0,95000.0,620571.0,3583300.0,2000.0,2700.0,24689.0,7172.0,6700.0,36200.0,1600000.0,1200000.0,335000.0,-1.0,56000.0,890973.0,10000.0,6965.0,14371.0,475000.0,17500.0,15569.0,22600000.0,100328.0,32900.0,1903.0,33000.0,1951.0,11.0,58000.0,564560.0,2933500.0,51400.0,97000.0,8810.0,-1.0,4800.0,268000.0,8815.0,30.0,165000.0,9478.0,110.0,-1.0,4000.0,8900.0,-1.0,252190.0
1991,897232.0,99.0,220000.0,5800.0,99903.0,1950000.0,970200.0,-1.0,23000.0,56258.0,88245.0,592000.0,170000.0,-1.0,3558.0,17500.0,23321.0,165450.0,-1.0,-1.0,430.0,286634.0,-1.0,-1.0,180000.0,16500.0,677117.0,7237.0,34289.0,-1.0,112257.0,52000.0,-1.0,47100.0,-1.0,58963412.0,61409.0,65000.0,4734.0,21500.0,-1.0,-1.0,10850.0,2268.0,169700.0,2309000.0,144129.0,240000.0,31000.0,1517.0,700000.0,206299.0,-1.0,-1.0,376000.0,1723.0,17000.0,5874.0,18500.0,980.0,126290.0,529492.0,376100.0,245000.0,-1.0,230.0,51000.0,2500.0,19307.0,-1.0,164964.0,2025000.0,396000.0,-1.0,627000.0,4750.0,2800000.0,95986.0,80.0,1769.0,418800.0,436000.0,390.0,30500.0,4385000.0,187000.0,5988.0,23608.0,430.0,160061.0,50000.0,-1.0,9252.0,2925.0,10317.0,670.0,900000.0,-1.0,43064.0,402000.0,93000.0,228000.0,24827.0,1516.0,106000.0,220000.0,66180.0,-1.0,-1.0,1850000.0,155000.0,270.0,3580000.0,8390.0,51225.0,79124.0,1010000.0,3200.0,72500.0,131000.0,370000.0,0.0,3239000.0,130124.0,183000.0,50607.0,150000.0,2900.0,1458.0,216315.0,-1.0,900.0,-1,2137.0,-1.0,85094.0,490.0,20000.0,48663.0,5000.0,16000.0,2433298.0,4500.0,420000.0,-1.0,41373.0,-1.0,-1.0,-1.0,130000.0,650000.0,6696.0,560000.0,1199900.0,58000000.0,-1.0,5700.0,250000.0,-1.0,16065.0,60000.0,18305.0,7900.0,-1.0,191000.0,40059.0,15000.0,-1.0,10000.0,100000.0,578543.0,3548300.0,2010.0,4000.0,26000.0,7599.0,6877.0,36900.0,1400000.0,825000.0,336000.0,-1.0,45000.0,895826.0,4500.0,9299.0,13000.0,470000.0,15500.0,15000.0,23100000.0,90000.0,33600.0,7976.0,34000.0,2218.0,12.0,57000.0,525300.0,2912700.0,50000.0,98000.0,7700.0,-1.0,4604.0,260000.0,4496.0,30.0,167400.0,9606.0,114.0,-1.0,4100.0,8000.0,-1.0,288641.0
1992,927512.0,99.0,200000.0,5700.0,104256.0,1900000.0,1128000.0,-1.0,23435.0,57465.0,93831.0,595000.0,160000.0,-1.0,3082.0,17500.0,1400.0,169249.0,18400.0,-1.0,450.0,290000.0,54800.0,-1.0,188000.0,14500.0,700064.0,9000.0,41480.0,-1.0,108700.0,54000.0,125000.0,48100.0,410000.0,68891792.0,58816.0,60000.0,4500.0,22000.0,99700.0,21430.0,12095.0,2300.0,165800.0,1939000.0,143188.0,245000.0,33000.0,1549.0,600000.0,209682.0,42000.0,-1.0,380000.0,1766.0,17000.0,7106.0,19000.0,990.0,134040.0,517933.0,380000.0,260000.0,5000.0,260.0,50800.0,2800.0,20200.0,-1.0,150000.0,2243000.0,420000.0,60900.0,629000.0,4800.0,2400000.0,95000.0,120.0,1535.0,276700.0,438000.0,400.0,31000.0,-1.0,237000.0,8000.0,30818.0,440.0,148758.0,50300.0,-1.0,11850.0,3262.0,9928.0,689.0,905000.0,87000.0,41509.0,405000.0,94000.0,230000.0,26000.0,1522.0,156500.0,230000.0,64280.0,249000.0,14871.0,2100000.0,160000.0,260.0,3670000.0,6268.0,76000.0,80744.0,950000.0,3000.0,73000.0,118000.0,360000.0,-1.0,3204000.0,131544.0,185300.0,50921.0,100000.0,2900.0,1104.0,188189.0,-1.0,914.0,-1,2050.0,-1.0,85109.0,495.0,20869.0,49757.0,5100.0,16500.0,2716961.0,4584.0,425000.0,25000.0,42000.0,1070100.0,-1.0,-1.0,140000.0,643932.0,6762.0,580000.0,1445800.0,67900000.0,1912000.0,5800.0,220000.0,869000.0,18000.0,56355.0,19225.0,8000.0,-1.0,200000.0,54121.0,15184.0,-1.0,8000.0,110000.0,624600.0,3543700.0,2100.0,7000.0,28919.0,5450.0,6759.0,12400.0,1086000.0,1516000.0,337000.0,-1.0,25000.0,877540.0,10000.0,7418.0,14000.0,477600.0,16000.0,14000.0,20600000.0,90000.0,34300.0,7745.0,34081.0,3791.0,18.0,56000.0,640470.0,2950900.0,48000.0,97794.0,7800.0,18000.0,4300.0,250000.0,5114.0,30.0,167400.0,11000.0,120.0,-1.0,4000.0,7000.0,71400.0,296430.0
1993,956273.0,100.0,220000.0,5500.0,98574.0,2000000.0,1197000.0,413000.0,23883.0,58641.0,70000.0,620000.0,170000.0,25000.0,4225.0,17700.0,12200.0,100000.0,22000.0,-1.0,470.0,295000.0,48900.0,-1.0,196000.0,15500.0,695343.0,11746.0,36000.0,-1.0,112600.0,57000.0,100000.0,50000.0,400000.0,78017063.0,66996.0,57000.0,4504.0,22500.0,74800.0,21720.0,14765.0,2400.0,156500.0,2206000.0,142204.0,250000.0,35000.0,1600.0,550000.0,216160.0,80000.0,-1.0,385000.0,1798.0,18000.0,7021.0,19300.0,1000.0,148140.0,427177.0,400000.0,255000.0,3000.0,236.0,67900.0,2850.0,19990.0,94341.0,-1.0,2494000.0,422000.0,48100.0,630000.0,4821.0,2200000.0,88345.0,250.0,1186.0,323450.0,-1.0,300.0,31500.0,-1.0,316800.0,8500.0,16233.0,450.0,110751.0,51400.0,14900.0,13428.0,3980.0,10523.0,710.0,920000.0,108000.0,31600.0,396000.0,95000.0,225000.0,26500.0,1528.0,181210.0,225000.0,60790.0,300000.0,21516.0,2110626.0,165000.0,250.0,3750000.0,6238.0,125126.0,78000.0,800000.0,2900.0,74000.0,123000.0,370000.0,-1.0,3294000.0,145900.0,187600.0,51235.0,130000.0,3000.0,1943.0,193211.0,-1.0,930.0,-1,2150.0,-1.0,85036.0,500.0,21605.0,48583.0,5200.0,16575.0,2676810.0,6500.0,400000.0,17000.0,43000.0,930800.0,-1.0,-1.0,131185.0,640000.0,6799.0,560000.0,1232300.0,77000000.0,2040000.0,6000.0,200000.0,797000.0,19000.0,70000.0,19225.0,8089.0,-1.0,225000.0,55580.0,15475.0,-1.0,8995.0,112000.0,640511.0,3377500.0,2091.0,5900.0,33258.0,6100.0,6800.0,10400.0,960000.0,877000.0,338000.0,-1.0,45000.0,885293.0,12000.0,8000.0,14341.0,483500.0,13000.0,14500.0,22100000.0,80000.0,35000.0,7514.0,34269.0,4075.0,19.0,57000.0,686020.0,3114900.0,45000.0,97841.0,7900.0,10500.0,4500.0,260000.0,4800.0,30.0,159000.0,10000.0,127.0,-1.0,3300.0,8000.0,62400.0,322635.0
1994,893707.0,99.0,215000.0,5513.0,122404.0,2050000.0,1197000.0,410000.0,27000.0,60000.0,85000.0,626000.0,165000.0,34000.0,3680.0,17700.0,10300.0,108184.0,22500.0,-1.0,450.0,285000.0,49400.0,-1.0,204000.0,16000.0,696615.0,6656.0,32000.0,-1.0,103650.0,56000.0,99000.0,52000.0,390000.0,83353827.0,77362.0,55000.0,4823.0,23000.0,65000.0,21400.0,15400.0,2500.0,148900.0,375300.0,141531.0,245000.0,36761.0,1500.0,727000.0,213136.0,51000.0,-1.0,390000.0,1807.0,18000.0,6534.0,19500.0,1042.0,160250.0,449411.0,420000.0,250000.0,2500.0,233.0,134400.0,2900.0,20500.0,81500.0,-1.0,2843000.0,425000.0,47000.0,631000.0,4900.0,2250000.0,98000.0,270.0,1814.0,241300.0,-1.0,341.0,32000.0,-1.0,288000.0,11000.0,28094.0,455.0,135857.0,23100.0,19800.0,14437.0,4000.0,9778.0,734.0,982000.0,80000.0,43300.0,394000.0,95500.0,227745.0,23796.0,1535.0,191200.0,210000.0,60120.0,293000.0,22000.0,2150000.0,164034.0,237.0,3800000.0,6858.0,156400.0,75000.0,850000.0,2800.0,73630.0,125000.0,375000.0,-1.0,3286000.0,209400.0,190000.0,51548.0,120000.0,3000.0,1100.0,241997.0,-1.0,920.0,-1,2100.0,-1.0,85037.0,499.0,26000.0,46051.0,5341.0,16851.0,2606929.0,9000.0,430000.0,32000.0,46000.0,911300.0,-1.0,58669.0,128800.0,650000.0,6890.0,580000.0,1098100.0,82400000.0,2758000.0,6100.0,187036.0,631000.0,20000.0,15000.0,38155.0,8100.0,-1.0,240000.0,67500.0,15833.0,-1.0,10000.0,120000.0,139700.0,3301500.0,2131.0,5800.0,42050.0,6500.0,6503.0,10000.0,980000.0,775000.0,339000.0,-1.0,48000.0,946989.0,12500.0,6000.0,14608.0,487500.0,16000.0,15000.0,21600000.0,73400.0,30000.0,7282.0,35000.0,5150.0,18.0,58000.0,724230.0,3389800.0,40000.0,97767.0,7957.0,20500.0,4700.0,265000.0,5000.0,30.0,160000.0,12000.0,130.0,-1.0,3400.0,7795.0,47000.0,310116.0
1995,1005429.0,99.0,210000.0,5463.0,129706.0,2100000.0,1256850.0,415000.0,23000.0,60564.0,84662.0,640000.0,170000.0,30000.0,3783.0,17500.0,11900.0,95000.0,24000.0,-1.0,422.0,290000.0,49600.0,-1.0,212000.0,14500.0,625536.0,7000.0,30000.0,-1.0,108000.0,57000.0,89000.0,55000.0,430000.0,88968707.0,67982.0,57051.0,5977.0,23500.0,60500.0,19100.0,23400.0,2600.0,196600.0,442100.0,140227.0,250000.0,40000.0,1550.0,857000.0,218139.0,28000.0,-1.0,400000.0,1834.0,20000.0,6025.0,19600.0,1074.0,145350.0,407294.0,460000.0,260000.0,1500.0,200.0,106300.0,2800.0,20719.0,81702.0,-1.0,2608000.0,450000.0,56000.0,630000.0,4951.0,2000000.0,89990.0,320.0,1608.0,187425.0,-1.0,351.0,32500.0,-1.0,327000.0,11500.0,29499.0,461.0,148457.0,20700.0,4800.0,15074.0,4200.0,9930.0,760.0,1000000.0,90000.0,36600.0,346000.0,96000.0,230000.0,21543.0,1541.0,216230.0,220000.0,63278.0,300000.0,15000.0,2260000.0,166001.0,225.0,3700000.0,5430.0,68162.0,72971.0,900000.0,2900.0,73000.0,123000.0,380000.0,-1.0,3278000.0,179271.0,194356.0,51264.0,130000.0,3000.0,1260.0,265735.0,-1.0,940.0,-1,2174.0,-1.0,86540.0,501.0,20000.0,50318.0,5485.0,17580.0,2610500.0,13000.0,440000.0,28500.0,48000.0,838200.0,3100.0,60171.0,127806.0,626767.0,10052.0,570000.0,1142700.0,87900000.0,3615000.0,6100.0,174182.0,246700.0,20831.0,15543.0,38740.0,8200.0,-1.0,250000.0,72100.0,16182.0,-1.0,8000.0,105000.0,249200.0,3270000.0,2171.0,5900.0,41545.0,7000.0,6356.0,18600.0,1020000.0,764000.0,340000.0,-1.0,45494.0,1000000.0,14000.0,6580.0,15000.0,450000.0,14515.0,15500.0,20190000.0,128500.0,28000.0,7051.0,36000.0,6629.0,17.0,59000.0,751878.0,3694100.0,41092.0,97652.0,8000.0,15000.0,4800.0,260000.0,6200.0,30.0,155000.0,10902.0,141.0,-1.0,3524.0,7651.0,28000.0,303355.0
1996,973149.0,102.0,220000.0,5425.0,114684.0,2100000.0,1327290.0,420000.0,23539.0,61264.0,84383.0,661000.0,175000.0,28000.0,3252.0,17500.0,10600.0,125000.0,49000.0,-1.0,401.0,295000.0,40100.0,-1.0,216000.0,16000.0,632255.0,6500.0,28000.0,-1.0,105000.0,58000.0,131700.0,54745.0,400000.0,92226649.0,57742.0,54500.0,6720.0,24000.0,56900.0,23006.0,19400.0,2700.0,90800.0,471300.0,140000.0,255000.0,38000.0,1600.0,1104000.0,218752.0,40000.0,-1.0,410000.0,1800.0,20000.0,6000.0,20000.0,1106.0,157810.0,471776.0,480000.0,255000.0,16000.0,230.0,104200.0,2750.0,21000.0,84087.0,-1.0,3506000.0,480000.0,67000.0,635000.0,5000.0,2166149.0,151700.0,490.0,1650.0,309490.0,-1.0,350.0,33000.0,-1.0,321000.0,11800.0,25516.0,465.0,181000.0,18000.0,4000.0,16726.0,3600.0,9909.0,787.0,925000.0,113900.0,36700.0,354000.0,97000.0,235000.0,19210.0,1547.0,242580.0,215000.0,53500.0,340000.0,18000.0,2430000.0,167859.0,200.0,4200000.0,5170.0,86700.0,85369.0,950000.0,3004.0,73271.0,124000.0,375000.0,-1.0,3587000.0,189569.0,195000.0,51244.0,140000.0,3000.0,1235.0,227189.0,-1.0,951.0,-1,2200.0,-1.0,88000.0,504.0,23000.0,68561.0,5650.0,17650.0,2748900.0,19000.0,455000.0,62800.0,50000.0,765000.0,3115.0,23435.0,130000.0,600000.0,10128.0,580000.0,1108000.0,91200000.0,2549000.0,6000.0,166076.0,218700.0,22000.0,32909.0,41142.0,9000.0,-1.0,200000.0,81900.0,16533.0,-1.0,9000.0,99790.0,341300.0,3276400.0,2212.0,6000.0,48182.0,6300.0,6196.0,22100.0,1030000.0,1806000.0,307000.0,-1.0,45759.0,1056696.0,15000.0,6580.0,16000.0,455000.0,15000.0,15739.0,20000000.0,117700.0,25300.0,6820.0,37000.0,5657.0,16.0,60000.0,769796.0,3706500.0,40284.0,97586.0,8175.0,15000.0,5000.0,265000.0,7300.0,30.0,159257.0,10943.0,149.0,500.0,3500.0,7514.0,33500.0,316910.0
1997,995246.0,104.0,210000.0,5398.0,106698.0,2150000.0,1357435.0,420555.0,23542.0,61771.0,81000.0,679000.0,170000.0,30000.0,3789.0,17500.0,15500.0,100000.0,38000.0,-1.0,380.0,300000.0,35300.0,-1.0,213274.0,15000.0,608081.0,7282.0,25000.0,-1.0,103280.0,59000.0,141000.0,56000.0,430000.0,93545246.0,48926.0,55000.0,6630.0,24500.0,64700.0,21723.0,21400.0,2750.0,83758.0,438700.0,135000.0,260000.0,40000.0,1650.0,1165000.0,235771.0,45000.0,-1.0,420000.0,1845.0,16000.0,7925.0,21000.0,1138.0,171120.0,450000.0,500000.0,250000.0,23000.0,231.0,105000.0,2700.0,22000.0,76530.0,-1.0,3657000.0,490000.0,93000.0,637107.0,5145.0,2201611.0,116400.0,500.0,1436.0,300000.0,-1.0,376.0,33500.0,-1.0,305000.0,12000.0,29013.0,469.0,197366.0,14200.0,1500.0,15000.0,3405.0,9753.0,810.0,930000.0,122400.0,47000.0,212000.0,98000.0,230000.0,20490.0,1554.0,220500.0,220000.0,50000.0,299800.0,13000.0,2500000.0,169633.0,211.0,3700000.0,6920.0,100000.0,84440.0,920000.0,2800.0,74000.0,122000.0,380000.0,-1.0,3338000.0,189440.0,210000.0,52000.0,145000.0,3000.0,1040.0,233984.0,10347.0,950.0,-1,2204.0,-1.0,87000.0,506.0,22000.0,79861.0,5610.0,17960.0,2406250.0,27000.0,458000.0,46500.0,61600.0,730400.0,3132.0,19926.0,120000.0,580000.0,10300.0,590000.0,1054800.0,92500000.0,2438000.0,6000.0,188867.0,386600.0,24000.0,16460.0,42041.0,9500.0,-1.0,260000.0,93000.0,16641.0,-1.0,10000.0,95000.0,415800.0,3136000.0,2243.0,5900.0,59226.0,7150.0,6045.0,94700.0,1050000.0,1550000.0,277000.0,-1.0,47000.0,1100000.0,15500.0,6120.0,17000.0,460000.0,15863.0,16000.0,23048518.0,117000.0,19300.0,6589.0,34000.0,6996.0,15.0,60000.0,644623.0,4742900.0,39928.0,97676.0,8384.0,17000.0,5200.0,270000.0,8400.0,30.0,161145.0,10980.0,157.0,1000.0,3606.0,7000.0,60400.0,337219.0
1998,957196.0,105.0,200000.0,5383.0,120733.0,2200000.0,1414110.0,422000.0,22000.0,61769.0,83590.0,682000.0,172000.0,32000.0,3748.0,17500.0,16500.0,110000.0,23200.0,-1.0,-1.0,295000.0,33500.0,-1.0,215011.0,14000.0,598450.0,7000.0,22000.0,-1.0,100000.0,59024.0,125600.0,57000.0,450000.0,95997196.0,41411.0,56000.0,6317.0,24807.0,115700.0,17800.0,20000.0,2750.0,116428.0,534200.0,130000.0,245000.0,34000.0,1700.0,1230000.0,245848.0,9000.0,-1.0,430000.0,1850.0,17000.0,8490.0,20784.0,1170.0,136060.0,433330.0,520000.0,256000.0,12000.0,231.0,110255.0,2800.0,22246.0,76915.0,-1.0,3815000.0,500000.0,99500.0,638825.0,5291.0,2200000.0,334100.0,1726.0,1190.0,280000.0,-1.0,380.0,34000.0,-1.0,335500.0,10000.0,31371.0,473.0,250000.0,11856.0,1650.0,16238.0,3658.0,9308.0,829.0,980000.0,130600.0,31000.0,128000.0,99586.0,235000.0,17813.0,1559.0,229450.0,225000.0,40000.0,348000.0,10000.0,2700000.0,171349.0,200.0,3900000.0,7700.0,117300.0,85392.0,930000.0,2700.0,74593.0,120000.0,385000.0,-1.0,3492000.0,195647.0,220000.0,53000.0,150000.0,3300.0,932.0,212159.0,21007.0,980.0,-1,2217.0,-1.0,82000.0,509.0,18000.0,83983.0,5590.0,18045.0,2457460.0,26000.0,459000.0,54200.0,37200.0,586000.0,3149.0,20909.0,124618.0,565572.0,10472.0,600000.0,256800.0,95000000.0,2070000.0,6100.0,185919.0,346200.0,24417.0,29992.0,46681.0,9800.0,-1.0,230000.0,127700.0,16300.0,-1.0,10183.0,87439.0,438900.0,2973000.0,2279.0,6000.0,114509.0,6900.0,6051.0,78700.0,1050000.0,1551000.0,270000.0,-1.0,44000.0,1057025.0,43920.0,7690.0,16707.0,465000.0,16000.0,16500.0,22600000.0,55000.0,17900.0,6357.0,32000.0,7000.0,15.0,59000.0,602171.0,4898000.0,39251.0,86724.0,8575.0,20000.0,5300.0,260000.0,9500.0,30.0,160000.0,11014.0,164.0,2000.0,3665.0,7500.0,99400.0,399800.0
1999,1050478.0,107.0,210000.0,5451.0,84051.0,2200000.0,1342567.0,421240.0,23000.0,62114.0,83460.0,894000.0,175000.0,29000.0,3341.0,16000.0,16000.0,120000.0,22500.0,-1.0,-1.0,300000.0,38900.0,-1.0,214640.0,15000.0,360000.0,7200.0,20000.0,-1.0,93200.0,60000.0,110400.0,58000.0,448135.0,101480478.0,50774.0,58000.0,7007.0,25000.0,134300.0,16297.0,19000.0,2880.0,251000.0,487500.0,125000.0,240000.0,35050.0,1750.0,1418000.0,265941.0,10000.0,400.0,440000.0,1893.0,18000.0,15100.0,22000.0,1202.0,142110.0,450000.0,540000.0,190000.0,7669.0,232.0,110000.0,2750.0,23000.0,79157.0,-1.0,3868000.0,520000.0,129000.0,640000.0,5500.0,2306100.0,501250.0,2961.0,1608.0,255280.0,-1.0,404.0,34500.0,-1.0,360000.0,16000.0,32462.0,477.0,300000.0,-1.0,1550.0,16745.0,3680.0,9525.0,850.0,950000.0,104900.0,42000.0,280605.0,100311.0,220000.0,17277.0,1566.0,229480.0,230000.0,30000.0,333000.0,10200.0,2750000.0,173033.0,210.0,4020000.0,8740.0,236000.0,83060.0,935000.0,2700.0,75000.0,124000.0,390000.0,-1.0,3346000.0,193060.0,240000.0,54000.0,155000.0,3000.0,1000.0,261484.0,25227.0,1000.0,-1,2250.0,-1.0,81000.0,511.0,19000.0,253105.0,5600.0,18459.0,2400000.0,23000.0,460000.0,80000.0,40000.0,620000.0,3166.0,18495.0,124822.0,551387.0,10709.0,580000.0,1012500.0,100400000.0,1697000.0,6100.0,180623.0,85300.0,25000.0,35975.0,48332.0,10000.0,-1.0,235000.0,136400.0,15650.0,-1.0,10745.0,80359.0,485500.0,3022000.0,2324.0,6100.0,156920.0,7200.0,5783.0,65000.0,1404198.0,1551000.0,260000.0,-1.0,46000.0,1080796.0,45941.0,7690.0,16260.0,470000.0,15000.0,16737.0,27030000.0,97500.0,22500.0,6126.0,34133.0,7250.0,14.0,58000.0,610989.0,5392200.0,48940.0,91144.0,8775.0,22000.0,5400.0,255000.0,10600.0,30.0,170000.0,11045.0,172.0,2500.0,3700.0,7400.0,87700.0,346100.0
2000,958798.0,109.0,215000.0,5465.0,76845.0,2225000.0,1489660.0,420000.0,24112.0,62644.0,82179.0,911000.0,177000.0,27000.0,3363.0,16000.0,18600.0,130000.0,13200.0,12255.0,-1.0,290000.0,35800.0,-1.0,216206.0,16000.0,362698.0,7300.0,18000.0,-1.0,114400.0,59954.0,167900.0,59000.0,440433.0,121478798.0,52361.0,60000.0,8863.0,25127.0,149000.0,20586.0,19244.0,3100.0,28400.0,485300.0,130240.0,248189.0,35820.0,1761.0,1484000.0,274489.0,23000.0,900.0,450000.0,1913.0,18000.0,5700.0,20000.0,1250.0,124870.0,460000.0,551865.0,140000.0,3000.0,240.0,116984.0,3500.0,23316.0,62000.0,-1.0,3945000.0,550000.0,141200.0,641312.0,5535.0,2400000.0,951200.0,4390.0,1328.0,253940.0,-1.0,424.0,35000.0,-1.0,320000.0,23000.0,38646.0,458.0,400000.0,7494.0,1450.0,17222.0,3800.0,9765.0,900.0,891782.0,94900.0,30300.0,263783.0,100328.0,240000.0,16073.0,1573.0,256150.0,240000.0,20000.0,345000.0,11480.0,2800000.0,169095.0,220.0,4100000.0,8700.0,652775.0,86208.0,940000.0,2600.0,75541.0,122000.0,395000.0,-1.0,3679000.0,203192.0,248000.0,55000.0,105000.0,3100.0,1103.0,246899.0,33865.0,1015.0,-1,2300.0,371222.0,81588.0,514.0,20000.0,838784.0,5650.0,18000.0,2416541.0,22500.0,465000.0,103000.0,51300.0,545000.0,3183.0,26138.0,124000.0,541871.0,10749.0,570000.0,1123800.0,120500000.0,1401000.0,6200.0,180973.0,254200.0,24587.0,43375.0,49009.0,10126.0,-1.0,250000.0,141200.0,16700.0,-1.0,11000.0,75075.0,406400.0,2900000.0,2366.0,6030.0,138726.0,6900.0,6000.0,64000.0,835744.0,1739000.0,280704.0,-1.0,47000.0,1102534.0,45981.0,7429.0,15975.0,475150.0,16037.0,17000.0,28630000.0,114850.0,38900.0,5895.0,34901.0,7550.0,13.0,57000.0,462560.0,5632100.0,50607.0,95772.0,9000.0,28000.0,5700.0,290000.0,11700.0,26.0,170000.0,11074.0,179.0,3500.0,3815.0,7300.0,65300.0,-1.0
2001,887488.0,115.0,218156.0,5485.0,81420.0,2225000.0,1652979.0,424786.0,24365.0,63098.0,81740.0,911000.0,178000.0,26898.0,3675.0,16500.0,18300.0,140000.0,26000.0,8238.0,-1.0,289681.0,38400.0,-1.0,218000.0,17716.0,392791.0,7000.0,34000.0,-1.0,114000.0,60192.0,177000.0,59317.0,452771.0,128897488.0,80229.0,60501.0,8919.0,25237.0,163800.0,15997.0,18500.0,3600.0,194515.0,523100.0,130000.0,250000.0,36000.0,1778.0,1370000.0,282975.0,34800.0,850.0,460000.0,1933.0,18500.0,15000.0,21728.0,1284.0,123940.0,550000.0,563068.0,126549.0,2000.0,234.0,120000.0,3200.0,23779.0,64000.0,-1.0,4000000.0,580000.0,172400.0,643018.0,5600.0,2366524.0,1228120.0,4450.0,1376.0,345550.0,-1.0,450.0,35590.0,-1.0,351000.0,29000.0,37108.0,458.0,450000.0,4979.0,2344.0,17672.0,4000.0,9928.0,1000.0,1014058.0,95600.0,28675.0,247385.0,100680.0,245000.0,15998.0,1581.0,255050.0,250000.0,10000.0,355000.0,9501.0,2850000.0,170003.0,230.0,4200000.0,8797.0,640690.0,80000.0,945460.0,2650.0,76000.0,135000.0,405857.0,-1.0,3818000.0,200000.0,256000.0,56000.0,105700.0,3150.0,1078.0,282837.0,35593.0,1026.0,-1,2276.0,445800.0,81714.0,515.0,22000.0,58455.0,5690.0,18500.0,2391083.0,24500.0,470000.0,120000.0,49100.0,550000.0,3200.0,20424.0,125000.0,581343.0,10839.0,578452.0,1154500.0,128000000.0,1416000.0,6300.0,180000.0,367400.0,24500.0,48439.0,52133.0,10300.0,-1.0,245000.0,145800.0,24600.0,-1.0,11895.0,60148.0,157631.0,2800000.0,2500.0,6200.0,157000.0,6500.0,5111.0,65000.0,855294.0,1685000.0,300000.0,-1.0,50000.0,1101102.0,46000.0,7500.0,15641.0,473000.0,16395.0,17500.0,35340000.0,84400.0,40000.0,5664.0,34941.0,6412.0,12.0,55000.0,440923.0,6277898.0,60427.0,100000.0,9249.0,22000.0,6000.0,300000.0,12800.0,29.0,200000.0,11100.0,187.0,4500.0,3900.0,7524.0,42100.0,-1.0
2002,1019943.0,117.0,221553.0,5512.0,119800.0,2250000.0,1738086.0,428076.0,24000.0,63230.0,81327.0,920000.0,179000.0,25000.0,4041.0,17500.0,17100.0,140832.0,24000.0,7019.0,-1.0,285336.0,50500.0,-1.0,220000.0,18869.0,378045.0,7257.0,35000.0,-1.0,103600.0,61000.0,163200.0,59661.0,466073.0,136029809.0,89350.0,61035.0,9593.0,25376.0,175800.0,8900.0,18364.0,3800.0,131500.0,553800.0,132761.0,254829.0,41000.0,1780.0,1350000.0,291998.0,31400.0,600.0,470000.0,1944.0,17000.0,21100.0,22181.0,1318.0,127997.0,500000.0,576041.0,110000.0,5000.0,260.0,126541.0,3400.0,24246.0,34367.0,-1.0,4256000.0,600000.0,87400.0,645000.0,5679.0,2425000.0,1723410.0,4420.0,1098.0,414790.0,-1.0,474.0,36017.0,-1.0,365000.0,32000.0,79621.0,459.0,500000.0,1000.0,1350.0,18098.0,4050.0,10027.0,1037.0,945163.0,99300.0,25403.0,251626.0,101177.0,244780.0,12961.0,1550.0,273550.0,260175.0,9866.0,389800.0,11108.0,2900000.0,170998.0,240.0,4300000.0,9131.0,808994.0,78037.0,950000.0,2500.0,76697.0,141618.0,420827.0,-1.0,3493000.0,204577.0,264000.0,56511.0,104500.0,3300.0,1051.0,285667.0,29658.0,1037.0,-1,2285.0,379600.0,82032.0,518.0,24000.0,73496.0,1312.0,20248.0,2374717.0,27500.0,470000.0,118300.0,23100.0,587000.0,3217.0,19118.0,128000.0,583209.0,10905.0,575000.0,1351900.0,135000000.0,1240350.0,6500.0,181472.0,200100.0,25000.0,56869.0,53858.0,10600.0,-1.0,240000.0,151600.0,31700.0,-1.0,12000.0,51777.0,132497.0,2800000.0,2100.0,6222.0,148261.0,6600.0,5100.0,70000.0,849896.0,1600000.0,320000.0,-1.0,51411.0,1075731.0,46500.0,7489.0,15500.0,475000.0,16000.0,18000.0,27180000.0,88400.0,38892.0,5432.0,35038.0,5995.0,12.0,55000.0,468848.0,6235315.0,58265.0,106903.0,9512.0,33000.0,6100.0,270000.0,14000.0,33.0,205000.0,11124.0,194.0,6000.0,3921.0,7519.0,45000.0,-1.0
2003,990510.0,120.0,230000.0,5530.0,121700.0,2250000.0,1799973.0,430000.0,25071.0,58482.0,81395.0,907000.0,180000.0,26788.0,4182.0,19000.0,30800.0,139662.0,36030.0,11321.0,-1.0,294266.0,110600.0,-1.0,220164.0,20121.0,400000.0,7213.0,35500.0,-1.0,92000.0,59082.0,173200.0,60237.0,500000.0,138000646.0,60765.0,62000.0,8700.0,25500.0,243800.0,15999.0,14500.0,4500.0,146000.0,531800.0,133602.0,256472.0,45000.0,1790.0,1200000.0,316695.0,37900.0,800.0,486477.0,1959.0,17500.0,20300.0,22000.0,1356.0,119266.0,492703.0,587171.0,120000.0,7008.0,240.0,132213.0,3450.0,24000.0,29891.0,-1.0,4528000.0,620000.0,122300.0,648000.0,5800.0,2380109.0,1930870.0,4400.0,1038.0,246530.0,-1.0,530.0,36250.0,-1.0,465000.0,32500.0,57866.0,459.0,560000.0,1000.0,2000.0,18502.0,4150.0,10127.0,1051.0,1021024.0,157600.0,28283.0,249505.0,102019.0,246559.0,27250.0,1623.0,271100.0,275000.0,10136.0,440000.0,8088.0,3000000.0,166102.0,240.0,4177127.0,9734.0,675184.0,76832.0,952131.0,2400.0,77000.0,150000.0,468563.0,-1.0,3642000.0,209045.0,288000.0,57000.0,124000.0,3500.0,1021.0,326071.0,43574.0,1049.0,-1,2294.0,414500.0,82476.0,520.0,27000.0,51167.0,3000.0,20000.0,2365056.0,28000.0,475000.0,157534.0,26200.0,472300.0,3234.0,22395.0,130000.0,561959.0,11117.0,580000.0,743300.0,137000000.0,1461000.0,6700.0,183500.0,246800.0,24000.0,60600.0,54965.0,10800.0,-1.0,250000.0,149800.0,25000.0,-1.0,13180.0,23439.0,151674.0,2700000.0,2360.0,6500.0,128000.0,6200.0,4816.0,72536.0,873437.0,1766251.0,340000.0,-1.0,53000.0,1075883.0,47000.0,7503.0,15000.0,482685.0,17424.0,18500.0,34740000.0,75000.0,39911.0,5201.0,35000.0,-1.0,11.0,55943.0,485593.0,6326274.0,56013.0,113231.0,9769.0,36200.0,6500.0,310000.0,14100.0,35.0,220000.0,11145.0,200.0,7500.0,3954.0,7515.0,50500.0,-1.0
2004,956694.0,122.0,232500.0,5571.0,146900.0,2300000.0,1890100.0,436601.0,25494.0,60501.0,80000.0,942000.0,182000.0,27000.0,6239.0,20000.0,18700.0,139995.0,26777.0,10783.0,-1.0,296790.0,129300.0,-1.0,220946.0,20730.0,343591.0,7171.0,35000.0,-1.0,35489.0,56000.0,180500.0,60000.0,480000.0,139966776.0,63703.0,62039.0,7200.0,25894.0,246200.0,15532.0,10000.0,4600.0,150000.0,549800.0,134494.0,258033.0,46000.0,1800.0,1097000.0,314425.0,26000.0,1600.0,480000.0,1976.0,17660.0,18452.0,20000.0,1391.0,115524.0,492831.0,600000.0,140000.0,7000.0,260.0,144000.0,3500.0,25269.0,48200.0,-1.0,4845000.0,630000.0,114600.0,642000.0,5900.0,2381250.0,1815881.0,4475.0,1071.0,305580.0,-1.0,511.0,36581.0,-1.0,167000.0,33000.0,43022.0,460.0,590000.0,1000.0,8720.0,18908.0,4300.0,10205.0,1068.0,1086966.0,118200.0,31862.0,255160.0,98500.0,248272.0,24100.0,1650.0,254100.0,300000.0,10082.0,461000.0,10991.0,3016911.0,169015.0,240.0,3800000.0,10157.0,670500.0,75746.0,955000.0,2450.0,77438.0,149183.0,500636.0,-1.0,3676000.0,219746.0,283200.0,58378.0,129200.0,3700.0,1018.0,350000.0,45758.0,1044.0,-1,2303.0,448000.0,82702.0,523.0,29000.0,100000.0,3810.0,20500.0,2334638.0,29000.0,475000.0,146199.0,25700.0,500000.0,3252.0,24646.0,131000.0,574390.0,11261.0,584979.0,810000.0,139000000.0,1631030.0,7000.0,180000.0,379500.0,25000.0,55500.0,23514.0,11000.0,-1.0,286921.0,156600.0,24500.0,-1.0,13840.0,21314.0,141237.0,2640000.0,2407.0,6800.0,115000.0,6177.0,4598.0,53974.0,883553.0,1865993.0,350000.0,-1.0,55000.0,1061218.0,47500.0,7512.0,15500.0,485179.0,17972.0,18000.0,19172700.0,82100.0,42000.0,4970.0,35548.0,-1.0,9.0,56652.0,565589.0,6450000.0,60000.0,120000.0,10014.0,35000.0,6816.0,311714.0,15200.0,35.0,240000.0,11165.0,207.0,7520.0,3985.0,7531.0,42700.0,-1.0
2005,845041.0,125.0,240000.0,5612.0,147000.0,2350000.0,2065193.0,440000.0,27000.0,62624.0,85000.0,1031000.0,183000.0,30000.0,6026.0,20000.0,24700.0,139779.0,29954.0,9510.0,-1.0,296461.0,136000.0,500.0,218400.0,22660.0,304381.0,7131.0,33000.0,-1.0,33859.0,58000.0,187700.0,61635.0,500000.0,141854868.0,63038.0,62286.0,6000.0,26381.0,258000.0,11000.0,8000.0,4600.0,80000.0,522400.0,135000.0,259523.0,47500.0,1800.0,1000000.0,295727.0,25700.0,1200.0,553795.0,1995.0,18000.0,18670.0,23111.0,1422.0,109690.0,450000.0,800000.0,129176.0,9000.0,232.0,150000.0,3500.0,25000.0,50000.0,-1.0,5185000.0,650000.0,115800.0,647198.0,5923.0,2450000.0,1850000.0,4300.0,1258.0,274675.0,-1.0,520.0,36917.0,-1.0,12000.0,35000.0,45000.0,460.0,600000.0,1000.0,14404.0,19280.0,4500.0,10112.0,1086.0,1022968.0,105400.0,42368.0,235558.0,108101.0,247000.0,15400.0,1698.0,267750.0,280000.0,9827.0,455000.0,11308.0,3000000.0,171740.0,250.0,4104370.0,10580.0,744450.0,74921.0,994216.0,2350.0,78000.0,151963.0,534235.0,-1.0,3255000.0,224921.0,265000.0,58000.0,118000.0,4000.0,822.0,400000.0,44302.0,1070.0,-1,2292.0,488000.0,82909.0,525.0,32000.0,81339.0,3500.0,22000.0,2319055.0,53000.0,470000.0,176377.0,22700.0,582000.0,3269.0,19988.0,122000.0,587711.0,11351.0,585000.0,819000.0,141000000.0,2451000.0,7400.0,177013.0,925500.0,25500.0,58000.0,26796.0,11170.0,-1.0,303626.0,166600.0,28000.0,-1.0,14503.0,19342.0,157695.0,2700000.0,2456.0,7000.0,100000.0,6091.0,4408.0,40000.0,847580.0,1936470.0,355168.0,-1.0,58000.0,1050827.0,48000.0,7513.0,15000.0,481250.0,18564.0,18160.0,22123700.0,55100.0,45000.0,4738.0,35828.0,-1.0,9.0,57436.0,602679.0,6600000.0,48126.0,125000.0,10378.0,40000.0,6400.0,315708.0,16300.0,37.0,245000.0,11183.0,213.0,7787.0,4000.0,7535.0,53600.0,-1.0
2006,922375.0,127.0,277591.0,5600.0,146700.0,2400000.0,2190100.0,446974.0,25000.0,65000.0,95125.0,1056000.0,184000.0,32743.0,6110.0,20000.0,24362.0,142000.0,50767.0,9313.0,200.0,300000.0,144000.0,100.0,220000.0,23000.0,273203.0,7164.0,30000.0,-1.0,31531.0,60000.0,214448.0,62000.0,470000.0,145532375.0,117578.0,61000.0,4137.0,27000.0,237500.0,9500.0,5400.0,4500.0,74375.0,509841.0,133000.0,258000.0,54000.0,1750.0,950000.0,311212.0,10500.0,-1.0,625000.0,2019.0,17750.0,20000.0,23628.0,1453.0,115577.0,500000.0,620000.0,115000.0,13000.0,229.0,144709.0,3500.0,24000.0,34312.0,-1.0,5651000.0,580000.0,78200.0,650000.0,6000.0,2380000.0,981543.0,4500.0,4019.0,483190.0,-1.0,527.0,35500.0,-1.0,29842.0,41000.0,71300.0,460.0,615000.0,3500.0,19964.0,19638.0,5000.0,10379.0,1103.0,990833.0,86100.0,31000.0,233449.0,113386.0,248211.0,18371.0,1750.0,274319.0,349000.0,10000.0,510200.0,10778.0,3150000.0,174498.0,250.0,4000000.0,11004.0,662550.0,70000.0,1102858.0,2300.0,80000.0,154814.0,564797.0,-1.0,3465000.0,214709.0,280000.0,60203.0,148000.0,4200.0,849.0,393979.0,54298.0,1050.0,-1,2321.0,500000.0,83087.0,520.0,30000.0,58811.0,4000.0,30870.0,2200000.0,39000.0,480000.0,176900.0,20100.0,649700.0,3287.0,20525.0,111000.0,600000.0,11497.0,590000.0,886448.0,144600000.0,2517400.0,7800.0,171845.0,626200.0,24600.0,58500.0,28032.0,11339.0,2500.0,321849.0,176900.0,28500.0,-1.0,15000.0,15158.0,181054.0,2750000.0,2506.0,7138.0,81341.0,9500.0,4420.0,50000.0,872258.0,1750000.0,359136.0,-1.0,52000.0,1049656.0,46000.0,7631.0,12236.0,481000.0,19515.0,18876.0,27480800.0,52999.0,47300.0,4507.0,36000.0,9999.0,14.0,58301.0,639744.0,6614864.0,42000.0,128000.0,10500.0,42000.0,6600.0,300000.0,18077.0,37.0,250000.0,11199.0,219.0,8000.0,4090.0,7522.0,59200.0,-1.0
2007,871360.0,130.0,315000.0,5700.0,158000.0,2410000.0,2328945.0,450000.0,23000.0,67500.0,80000.0,1096000.0,185000.0,36055.0,5712.0,20500.0,26876.0,145000.0,44828.0,8210.0,208.0,310000.0,157000.0,100.0,225000.0,30020.0,244790.0,7143.0,25000.0,-1.0,34373.0,62000.0,239169.0,63730.0,490000.0,146880860.0,101788.0,62000.0,3920.0,28000.0,274700.0,13000.0,4378.0,4500.0,74500.0,537300.0,135000.0,259000.0,53000.0,1860.0,377801.0,302755.0,12800.0,-1.0,780000.0,1900.0,19000.0,19221.0,24229.0,1500.0,127053.0,520123.0,650000.0,105000.0,10477.0,226.0,143978.0,3650.0,26617.0,33390.0,-1.0,4861720.0,598000.0,111900.0,660000.0,6200.0,2250000.0,922601.0,4450.0,4103.0,307468.0,-1.0,540.0,36000.0,-1.0,28215.0,40000.0,71000.0,460.0,645000.0,11500.0,15208.0,19985.0,2700.0,10697.0,1120.0,1113602.0,89000.0,30000.0,256653.0,119152.0,248000.0,5967.0,1850.0,248910.0,365000.0,9500.0,487000.0,9060.0,3200000.0,170000.0,250.0,4288955.0,11427.0,734385.0,72000.0,1181323.0,2300.0,82591.0,160000.0,610000.0,-1.0,3171000.0,215978.0,272000.0,59000.0,163500.0,4200.0,959.0,390125.0,56000.0,1150.0,-1,2400.0,510000.0,83000.0,540.0,32000.0,30189.0,4174.0,42518.0,2218237.0,56400.0,480000.0,216771.0,18200.0,799300.0,3300.0,21148.0,105000.0,620000.0,11810.0,595000.0,836933.0,146000000.0,2066049.0,8500.0,159008.0,632600.0,25000.0,60000.0,30838.0,11500.0,3600.0,356010.0,178600.0,28800.0,-1.0,15855.0,19411.0,190170.0,2825000.0,2500.0,7808.0,81000.0,7000.0,4084.0,80229.0,907684.0,2110820.0,363070.0,-1.0,56055.0,1026564.0,46000.0,7658.0,9729.0,487000.0,20172.0,19000.0,29146000.0,51931.0,43000.0,5002.0,33000.0,15038.0,18.0,59247.0,606988.0,6507815.0,40000.0,130000.0,10000.0,47000.0,6400.0,345303.0,16081.0,36.0,250000.0,11214.0,224.0,8200.0,4176.0,7537.0,27600.0,-1.0
2008,866949.0,130.0,331746.0,5754.0,162300.0,2410000.0,2553000.0,463819.0,26000.0,71951.0,86469.0,1210000.0,189628.0,39425.0,6524.0,20500.0,28938.0,147000.0,19608.0,7926.0,205.0,321805.0,174400.0,100.0,228000.0,31150.0,216377.0,7124.0,27091.0,-1.0,34789.0,62000.0,117391.0,65000.0,500000.0,147876949.0,165252.0,63554.0,4000.0,29279.0,178850.0,12359.0,2880.0,4400.0,122549.0,797575.0,136000.0,259500.0,47001.0,1980.0,398830.0,319846.0,6800.0,-1.0,780000.0,2091.0,20398.0,19261.0,24783.0,1490.0,110265.0,525000.0,646000.0,102018.0,14000.0,222.0,143698.0,3700.0,27693.0,29491.0,-1.0,5705000.0,564665.0,114100.0,680000.0,6250.0,2318844.0,828000.0,4600.0,3866.0,283430.0,-1.0,542.0,39216.0,-1.0,37093.0,42000.0,71112.0,460.0,724000.0,23040.0,15832.0,20321.0,1800.0,10746.0,1136.0,1067949.0,93100.0,30560.0,327250.0,125170.0,308241.0,9140.0,1900.0,261462.0,372000.0,10000.0,496138.0,12507.0,3250000.0,183712.0,300.0,4408201.0,11850.0,521495.0,74566.0,1278790.0,2770.0,85675.0,161460.0,657037.0,-1.0,3386000.0,218264.0,288000.0,62789.0,177000.0,4300.0,954.0,303000.0,51687.0,1200.0,-1,2387.0,510000.0,83573.0,536.0,35000.0,19977.0,4139.0,47654.0,2200000.0,57400.0,490000.0,222301.0,19000.0,785000.0,3323.0,20294.0,110000.0,627000.0,11933.0,595486.0,748563.0,147000000.0,2221020.0,8400.0,152054.0,741000.0,23251.0,65000.0,31721.0,11698.0,8000.0,380106.0,163700.0,29000.0,-1.0,16528.0,20223.0,207356.0,2859925.0,2500.0,10000.0,80000.0,6500.0,3885.0,35000.0,908319.0,2229242.0,420000.0,-1.0,60942.0,1013880.0,43000.0,7684.0,8836.0,503847.0,20827.0,19661.0,31402000.0,53838.0,41100.0,4470.0,35000.0,10276.0,18.0,60208.0,614012.0,6430372.0,40417.0,132545.0,10516.0,46000.0,6500.0,378940.0,16214.0,40.0,260000.0,11227.0,230.0,8878.0,4252.0,7556.0,43892.0,-1.0
2009,874975.0,132.0,342940.0,5796.0,166500.0,2650000.0,2754406.0,477293.0,29631.0,75951.0,82852.0,1265000.0,197425.0,42454.0,6376.0,20096.0,29724.0,145907.0,30850.0,8935.0,202.0,333594.0,209800.0,100.0,230000.0,25300.0,187964.0,7106.0,26738.0,-1.0,46903.0,63000.0,78019.0,65384.0,480000.0,148885053.0,133798.0,63720.0,4104.0,30657.0,215610.0,14747.0,3834.0,5000.0,87194.0,1174066.0,136500.0,265649.0,43950.0,2102.0,423271.0,328029.0,10000.0,-1.0,820000.0,2138.0,22323.0,19347.0,25337.0,1495.0,126857.0,565000.0,686000.0,104201.0,16000.0,218.0,143342.0,3800.0,28610.0,39436.0,-1.0,5764081.0,542389.0,91828.0,700000.0,6280.0,2452000.0,824872.0,4550.0,4504.0,224709.0,-1.0,549.0,40666.0,-1.0,26477.0,43000.0,74267.0,460.0,725000.0,16964.0,25742.0,20650.0,1200.0,10610.0,1153.0,1077361.0,92000.0,31142.0,324859.0,131167.0,330890.0,8863.0,1818.0,265259.0,440000.0,10078.0,506970.0,19148.0,3300000.0,190167.0,293.0,4509900.0,12274.0,722166.0,76405.0,1379123.0,2300.0,88871.0,164805.0,708882.0,-1.0,3230000.0,219747.0,296000.0,64717.0,185000.0,4434.0,746.0,350523.0,52341.0,1200.0,-1,3200.0,527787.0,83934.0,537.0,31877.0,32440.0,4153.0,31309.0,2100000.0,16100.0,480000.0,251785.0,18860.0,860000.0,3341.0,14917.0,136500.0,635000.0,11899.0,595833.0,833221.0,148000000.0,2236130.0,8500.0,145313.0,659900.0,20780.0,64500.0,33364.0,11897.0,6000.0,404973.0,153324.0,28000.0,-1.0,17246.0,12871.0,206610.0,2900000.0,2800.0,10073.0,77416.0,6850.0,3686.0,19591.0,910541.0,2100216.0,467570.0,-1.0,63867.0,988478.0,45000.0,7710.0,8529.0,525436.0,21481.0,20000.0,28006300.0,45974.0,36201.0,4139.0,40000.0,6637.0,17.0,61206.0,592597.0,6500000.0,37000.0,134396.0,10898.0,48500.0,6650.0,419212.0,16361.0,43.0,265000.0,11239.0,234.0,9516.0,4330.0,7500.0,23770.0,-1.0
2010,934498.0,133.0,363268.0,5834.0,231100.0,2842505.0,3003820.0,460995.0,25173.0,79727.0,82211.0,1290000.0,202809.0,45505.0,6915.0,19507.0,24590.0,146744.0,21505.0,8501.0,200.0,348054.0,223600.0,114.0,264000.0,39249.0,159551.0,7089.0,26132.0,-1.0,43480.0,62976.0,93951.0,65000.0,483962.0,153824498.0,127070.0,61000.0,4227.0,32155.0,213590.0,14787.0,4311.0,18734.0,70688.0,1111125.0,137000.0,267981.0,45223.0,2225.0,353734.0,312605.0,19100.0,-1.0,675000.0,2188.0,23843.0,19424.0,25892.0,1501.0,138511.0,600000.0,660000.0,103781.0,22000.0,215.0,142876.0,3995.0,29514.0,33709.0,-1.0,6010937.0,574952.0,100939.0,738347.0,6135.0,2250231.0,807507.0,4852.0,4826.0,274435.0,-1.0,556.0,42308.0,-1.0,23336.0,43000.0,75511.0,460.0,764102.0,14949.0,21810.0,20973.0,600.0,10891.0,1170.0,1097452.0,53300.0,31616.0,382518.0,136842.0,342152.0,4958.0,1795.0,263158.0,430000.0,10000.0,522720.0,20756.0,3400000.0,196580.0,294.0,4622729.0,12697.0,947670.0,77127.0,1500000.0,2115.0,92259.0,172731.0,760000.0,-1.0,3128075.0,220003.0,280000.0,71564.0,195000.0,4546.0,958.0,460692.0,62224.0,1221.0,-1,2100.0,550000.0,84303.0,539.0,30539.0,28400.0,4169.0,31500.0,2100000.0,50000.0,525000.0,200517.0,17109.0,957400.0,3359.0,8295.0,120500.0,640000.0,11749.0,597163.0,853023.0,152880000.0,2079850.0,9329.0,138518.0,527080.0,18581.0,60032.0,35700.0,12099.0,3500.0,430498.0,132673.0,28200.0,-1.0,18000.0,16716.0,219099.0,2923749.0,2787.0,11000.0,73608.0,6929.0,3487.0,20528.0,903692.0,2943005.0,410000.0,-1.0,70498.0,941042.0,45799.0,7735.0,8637.0,544569.0,22135.0,20573.0,31724000.0,44303.0,46307.0,3882.0,36997.0,2539.0,16.0,62231.0,616151.0,6918967.0,38243.0,136286.0,11359.0,49640.0,6502.0,467000.0,19008.0,43.0,282503.0,11250.0,250.0,10167.0,4410.0,7700.0,37340.0,-1.0
2011,982731.0,134.0,335000.0,5870.0,329840.0,2848037.0,3203563.0,500000.0,33510.0,84300.0,81780.0,1319000.0,208177.0,48572.0,7198.0,18899.0,25422.0,147860.0,24339.0,9453.0,198.0,349965.0,238300.0,104.0,245000.0,39500.0,131137.0,7072.0,26000.0,-1.0,50933.0,63000.0,78635.0,67365.0,460000.0,159382931.0,188571.0,67336.0,4354.0,33733.0,238000.0,23574.0,3246.0,4941.0,89964.0,1130570.0,135000.0,271211.0,44000.0,2400.0,373181.0,327948.0,18600.0,-1.0,705260.0,2241.0,25263.0,19496.0,26448.0,1506.0,137452.0,620000.0,480000.0,103617.0,24000.0,212.0,142335.0,4145.0,30425.0,43300.0,-1.0,6137092.0,605000.0,94437.0,779472.0,5997.0,2038700.0,724085.0,4037.0,4285.0,560598.0,-1.0,564.0,44096.0,-1.0,37406.0,41000.0,78635.0,460.0,810000.0,14712.0,13868.0,21289.0,314.0,10851.0,1186.0,1099209.0,53600.0,31279.0,404993.0,145000.0,346310.0,10481.0,1772.0,256275.0,435000.0,10200.0,420037.0,28814.0,3500000.0,202835.0,296.0,4800000.0,13120.0,1225370.0,76978.0,1630278.0,2100.0,95780.0,160000.0,829026.0,-1.0,3328544.0,219313.0,295000.0,67477.0,200000.0,4643.0,852.0,535884.0,46153.0,1288.0,-1,2359.0,520000.0,85000.0,540.0,31159.0,26043.0,4183.0,34509.0,2100000.0,58259.0,560000.0,223855.0,15940.0,1339171.0,3378.0,9973.0,127169.0,650000.0,11608.0,598548.0,850287.0,158390000.0,1856509.0,9966.0,132296.0,777020.0,13585.0,54443.0,28400.0,12305.0,2800.0,456479.0,156607.0,27800.0,-1.0,18500.0,19038.0,444180.0,2682158.0,2848.0,1065.0,68587.0,6935.0,3289.0,43327.0,878246.0,3821065.0,400805.0,-1.0,68549.0,894439.0,45000.0,7761.0,10061.0,565022.0,22789.0,21058.0,27557000.0,49620.0,66774.0,4865.0,37000.0,2524.0,15.0,63275.0,618717.0,5681386.0,37546.0,137976.0,12000.0,52271.0,6372.0,468000.0,19801.0,44.0,297559.0,11259.0,238.0,11000.0,4492.0,7800.0,31580.0,-1.0
2012,905846.0,135.0,350000.0,6000.0,414598.0,2900000.0,3298816.0,560000.0,30559.0,85000.0,76000.0,1313000.0,215500.0,55000.0,6890.0,18000.0,37619.0,152000.0,32065.0,8382.0,200.0,355000.0,257600.0,104.0,250000.0,40000.0,115490.0,7000.0,28000.0,-1.0,47550.0,65500.0,91801.0,70000.0,480000.0,160916846.0,202118.0,82500.0,4487.0,35500.0,254000.0,14828.0,3031.0,2579.0,94830.0,1126951.0,145000.0,275000.0,45500.0,2500.0,393053.0,332390.0,20600.0,-1.0,700000.0,2500.0,27000.0,18007.0,30000.0,1500.0,141273.0,551000.0,550000.0,105000.0,24000.0,160.0,140000.0,4500.0,35000.0,38201.0,-1.0,6310596.0,675000.0,96635.0,835000.0,5650.0,2050000.0,786313.0,5709.0,4499.0,316873.0,-1.0,560.0,50000.0,-1.0,14495.0,13500.0,81921.0,460.0,775000.0,16210.0,7305.0,22000.0,1260.0,11013.0,1200.0,1196646.0,53800.0,30942.0,321900.0,147000.0,360000.0,4203.0,1700.0,252823.0,445000.0,11000.0,273140.0,16955.0,3300000.0,215000.0,300.0,5000000.0,13543.0,910085.0,76829.0,1755000.0,2500.0,100000.0,180000.0,900000.0,-1.0,3341766.0,216829.0,300000.0,66000.0,210000.0,4750.0,873.0,559763.0,12077.0,1200.0,-1,2000.0,580000.0,87000.0,545.0,29000.0,36925.0,4509.0,37000.0,2000000.0,60000.0,-1.0,284918.0,14451.0,1528375.0,3400.0,14882.0,145000.0,660000.0,11210.0,600000.0,824419.0,160000000.0,1963103.0,11500.0,125000.0,755000.0,4172.0,51541.0,34400.0,12500.0,2000.0,560000.0,145509.0,28000.0,300000.0,20000.0,39643.0,417720.0,2723950.0,3100.0,1145.0,70434.0,6948.0,2800.0,15699.0,895936.0,3538091.0,400000.0,265000.0,73000.0,876472.0,46500.0,8093.0,7995.0,628000.0,25500.0,22000.0,30459000.0,44756.0,97804.0,2431.0,40000.0,2169.0,15.0,65000.0,633988.0,11375934.0,34000.0,140000.0,12500.0,52111.0,6000.0,487000.0,20795.0,45.0,320000.0,11500.0,228.0,11500.0,4700.0,8000.0,19549.0,-1.0
2013,925910.0,137.0,350000.0,5934.0,239226.0,2900000.0,3301684.0,570000.0,27985.0,88071.0,78000.0,1372000.0,217167.0,54891.0,7793.0,17636.0,32950.0,152000.0,21542.0,6546.0,186.0,354000.0,314000.0,116.0,249000.0,40163.0,114860.0,7042.0,30000.0,-1.0,44439.0,65000.0,69481.0,70107.0,480000.0,161936710.0,268664.0,72671.0,4618.0,36986.0,319295.0,15500.0,2630.0,2804.0,74595.0,1090195.0,141228.0,287594.0,47351.0,2510.0,329445.0,335705.0,27500.0,-1.0,746451.0,2346.0,27000.0,20062.0,27605.0,1546.0,144098.0,577500.0,560000.0,102045.0,23348.0,206.0,142792.0,4421.0,32126.0,49576.0,-1.0,6501282.0,712507.0,89087.0,868164.0,5738.0,2050000.0,761929.0,5467.0,4615.0,317659.0,-1.0,583.0,47772.0,-1.0,20235.0,21750.0,85364.0,460.0,775000.0,18450.0,6886.0,21973.0,1153.0,11024.0,1219.0,1022921.0,42500.0,30605.0,315700.0,148048.0,350000.0,4806.0,1811.0,293425.0,459808.0,10800.0,430516.0,34309.0,3400000.0,214500.0,300.0,5000000.0,13967.0,1313705.0,76681.0,1800000.0,2500.0,103010.0,180000.0,963091.0,-1.0,3286243.0,219473.0,301902.0,68269.0,200000.0,4770.0,875.0,656542.0,23858.0,1229.0,-1,2370.0,600000.0,88000.0,544.0,31614.0,20509.0,4156.0,37445.0,2150000.0,57571.0,-1.0,301844.0,13113.0,1719710.0,3415.0,15288.0,130484.0,668560.0,11424.0,610000.0,766827.0,161000000.0,1989991.0,11273.0,125000.0,722200.0,4268.0,50816.0,34600.0,12722.0,2701.0,509509.0,156145.0,28556.0,350000.0,20030.0,33449.0,450900.0,2712940.0,2936.0,1230.0,80581.0,6962.0,2906.0,16144.0,816602.0,3180269.0,400000.0,275000.0,73000.0,903153.0,47633.0,7760.0,13028.0,606533.0,24168.0,22005.0,33213000.0,41196.0,116509.0,986.0,38663.0,2731.0,15.0,65433.0,632641.0,14626811.0,36543.0,140000.0,12572.0,53966.0,6246.0,488000.0,21141.0,45.0,328105.0,11276.0,242.0,11198.0,4634.0,7746.0,29236.0,-1.0
2014,942618.0,140.0,352223.0,5862.0,255004.0,2926795.0,3421035.0,601045.0,25154.0,82931.0,80708.0,1362000.0,222000.0,38282.0,7678.0,18645.0,13322.0,151000.0,34365.0,8088.0,159.0,354455.0,326000.0,117.0,252950.0,40308.0,114230.0,7141.0,28458.0,-1.0,51016.0,65307.0,56197.0,70274.0,503420.0,163466379.0,252083.0,68769.0,3504.0,33420.0,318721.0,12450.0,2814.0,3095.0,141200.0,1044125.0,136295.0,327056.0,48261.0,2482.0,390537.0,345424.0,18800.0,-1.0,783677.0,2331.0,27364.0,22012.0,28051.0,1609.0,156629.0,586147.0,584335.0,83280.0,22892.0,205.0,148392.0,4380.0,32224.0,63641.0,-1.0,6681688.0,658744.0,109182.0,746342.0,5898.0,2133742.0,1065699.0,5265.0,4731.0,240308.0,-1.0,615.0,45726.0,-1.0,24064.0,29970.0,87997.0,464.0,772679.0,20300.0,6502.0,22391.0,991.0,11024.0,1303.0,988402.0,54600.0,30269.0,295637.0,146045.0,347504.0,7168.0,1829.0,307912.0,489811.0,10674.0,365207.0,21408.0,3474806.0,217066.0,306.0,4946983.0,14390.0,1550460.0,76532.0,1869485.0,2349.0,92360.0,179199.0,856387.0,-1.0,3260621.0,224924.0,310882.0,69621.0,197902.0,4800.0,790.0,980652.0,30219.0,1274.0,-1,2392.0,606907.0,87852.0,545.0,32416.0,53793.0,4044.0,38000.0,2150000.0,58223.0,-1.0,324223.0,12000.0,2164700.0,3432.0,14726.0,126382.0,636065.0,11622.0,605923.0,877319.0,162513087.0,2075882.0,10905.0,120373.0,314000.0,4314.0,50608.0,33346.0,13259.0,3200.0,446382.0,150827.0,30474.0,405000.0,20580.0,56735.0,578000.0,2701929.0,2943.0,1725.0,95793.0,6975.0,2913.0,10287.0,834292.0,3248804.0,400118.0,300000.0,72609.0,913801.0,49021.0,7632.0,17342.0,536170.0,22320.0,22095.0,36838000.0,43899.0,66387.0,2295.0,37724.0,2841.0,15.0,59411.0,629550.0,15460695.0,40690.0,141089.0,12516.0,55820.0,6465.0,477000.0,22132.0,47.0,316278.0,10816.0,257.0,10749.0,4449.0,7688.0,31506.0,-1.0
