,Aruba,Afghanistan,Angola,Albania,United Arab Emirates,Argentina,Armenia,Australia,Austria,Azerbaijan,Burundi,Belgium,Benin,Burkina Faso,Bangladesh,Bulgaria,Bahrain,"Bahamas, The",Bosnia and Herzegovina,Belarus,Belize,Bolivia,Brazil,Barbados,Brunei Darussalam,Bhutan,Botswana,Central African Republic,Canada,Switzerland,Chile,China,Cote d'Ivoire,Cameroon,"Congo, Dem. Rep.","Congo, Rep.",Colombia,Comoros,Cabo Verde,Costa Rica,Cuba,Curacao,Cyprus,Czech Republic,Germany,Djibouti,Denmark,Dominican Republic,Algeria,Ecuador,"Egypt, Arab Rep.",Eritrea,Spain,Estonia,Ethiopia,Finland,Fiji,France,"Micronesia, Fed. Sts.",Gabon,United Kingdom,Georgia,Ghana,Guinea,"Gambia, The",Guinea-Bissau,Equatorial Guinea,Greece,Grenada,Guatemala,Guam,Guyana,"Hong Kong SAR, China",Honduras,Croatia,Haiti,Hungary,Indonesia,India,Ireland,"Iran, Islamic Rep.",Iraq,Iceland,Israel,Italy,Jamaica,Jordan,Japan,Kazakhstan,Kenya,Kyrgyz Republic,Cambodia,"Korea, Rep.",Kuwait,Lao PDR,Lebanon,Liberia,Libya,St. Lucia,Sri Lanka,Lesotho,Lithuania,Luxembourg,Latvia,"Macao SAR, China",Morocco,Moldova,Madagascar,Maldives,Mexico,"Macedonia, FYR",Mali,Malta,Myanmar,Montenegro,Mongolia,Mozambique,Mauritania,Mauritius,Malawi,Malaysia,Namibia,New Caledonia,Niger,Nigeria,Nicaragua,Netherlands,Norway,Nepal,New Zealand,Oman,Pakistan,Panama,Peru,Philippines,Papua New Guinea,Poland,Puerto Rico,Portugal,Paraguay,French Polynesia,Qatar,Romania,Russian Federation,Rwanda,Saudi Arabia,Sudan,Senegal,Singapore,Solomon Islands,Sierra Leone,El Salvador,Somalia,Serbia,South Sudan,Sao Tome and Principe,Suriname,Slovak Republic,Slovenia,Sweden,Swaziland,Syrian Arab Republic,Chad,Togo,Thailand,Tajikistan,Turkmenistan,Timor-Leste,Tonga,Trinidad and Tobago,Tunisia,Turkey,Tanzania,Uganda,Ukraine,Uruguay,United States,Uzbekistan,St. Vincent and the Grenadines,"Venezuela, RB",Virgin Islands (U.S.),Vietnam,Vanuatu,Samoa,"Yemen, Rep.",South Africa,Zambia,Zimbabwe
2016,1.4840813720854817,4.323985609532936,7.1659351333911685,3.8131256300483343,2.115263368074267,1.7317649038831664,5.9700723356414995,2.630817376060334,2.03224489716755,8.04139208786183,2.2864884789705004,1.892180950115335,2.1491452624699163,2.634168651033664,2.5370601382594997,4.387720230900168,2.3628871267321663,1.3685706381191494,4.786997891549167,5.154139805331501,1.938508200378166,2.8909273471036996,2.945457667680332,1.5514846131650326,2.1472454310605005,3.9421311152849645,2.1558662152973835,1.6450334524710344,2.0262275347235,2.108609360445999,2.6333831464751665,8.19979811153916,2.1386552276687323,2.0732662046036827,1.6741391048127998,2.2363960332536976,2.688865968156249,3.390437594952464,2.548374508977565,2.8901744809611674,2.83240595510595,4.160934592629717,1.6858046399588344,2.9575343997253802,1.8666541622439985,2.2477621311989,1.9857101288929992,2.348044658966499,2.955806952608998,3.490005767459782,2.956631571856332,4.467594316208382,1.8404122343824985,4.423894532213498,4.274604671143368,1.8759567256059988,2.0536367017235,1.8046053559671684,1.5738923009908328,1.9128079352682161,1.7501772350848328,4.941267849219034,4.398968662489563,1.7492161411078004,1.0726009398211995,2.0853905508613173,11.127874031291066,1.6256985622598334,2.1429707295612164,2.083186061766101,4.7819854471947,4.10254716454017,1.7260591647336672,2.4497615198621996,3.2163367547964987,1.9814156766346158,2.871093314183997,3.9038370356675003,3.552016713158497,2.5413945038834993,3.993560500883684,2.01128385036495,1.9472349741254997,1.756913111696168,1.5960087562764997,1.7348206384813323,2.2787090637295995,1.1611366159535,8.908977939064165,2.9757341517985836,4.0361821819489965,3.456802527194297,2.7240100718876676,2.3803730433165007,5.147183588364316,1.7852125182360008,2.8781081083219338,1.4122192372041171,2.1693488295458323,3.6395543124800005,2.5485158954797997,4.563237532396667,2.802171260477666,4.299477365007834,4.0083285569483325,2.3447048279410008,5.030280825482949,1.8022688920770498,3.6679291038998323,1.5884723778883318,2.777544242864668,3.0044425958360628,2.450928642601833,5.596529318014165,3.676644901933834,7.806246844798837,2.298810888376716,2.2055010378446647,2.6252802665626667,2.4347412604461334,3.1971725981033328,2.3128631356696325,3.544450914940283,2.3430700160117843,8.084567410776787,2.2813248497739993,1.9825320637778328,2.1562261152838356,3.0699839530724162,2.7840986413150004,2.268836265842732,2.4686298754485683,2.7574565133378344,2.782195184548433,2.3850142325568835,3.363898121530648,2.9190373546724993,2.017838811097166,1.8429347189710001,2.7188099025710013,2.387145859078933,3.405834798656499,5.084297294413664,5.302591279353169,2.2297626636772176,2.7220061923439847,5.536201452167702,2.0524833670305,2.618152881644001,1.7638276426410338,3.6675234451737504,2.2369168119378178,4.121681553833818,3.984498361162669,2.2363156615006337,3.4922122074673174,4.409916169659152,3.1260554385436685,2.429270257232434,1.8120925714373326,2.1518488017207167,2.3361672868003835,4.088107671265152,1.933544906166132,3.1088846829393337,4.96436660507805,9.817938136625674,5.413692456398301,2.287966314106501,3.4347568501502646,2.0503010893640012,2.997747398611999,2.770586147276781,2.5915410149606997,4.026152227847001,2.1415118407071834,1.7326964001260003,4.4805127554477036,2.094426896673483,2.7140316117779992,1.6994061808271672,4.989891049597836,1.993811363364899,2.5755773942130995,3.7762828768219636,2.731544629537665,3.988606402058585,1.8519384504510172
2017,1.8056695886407321,4.101252972145568,6.468571065511467,3.977848403414,2.1493954447099335,2.0685727001265,5.574845938379,2.7145119312293335,2.1326379914833837,7.9369182501971665,2.202118937020134,1.9457426247084186,2.1156242739655338,2.523373366302332,2.5893099617319995,4.454998480209001,2.601849586103834,1.5487924405969826,4.2313036089933345,4.972594687654168,1.795780306806533,2.6778758110328997,2.8868612120034984,1.7516952019332,2.327927547628167,4.690266025713632,2.2406779980385503,1.679052032072984,2.1358073249615,2.1060661894399986,2.7243396543843335,7.774985719814828,2.0866716540350323,1.9630098829756828,1.9498831287484673,2.2031148201225315,2.7189576620249984,3.1121052496786996,2.680168362308615,2.8982521273365003,2.9226626939488503,4.160934592629717,2.354341070488501,3.0250085253706653,1.896849859826832,2.1609516638209167,2.104294369587166,2.5128795516873326,2.8819699145973656,3.176942609411283,3.055123924386332,3.8882692834164327,2.002368552652999,4.407936175927665,3.8191612896336014,1.9225231046624989,1.881086351738667,1.8476522495575014,1.5864285557788331,1.7213801572349827,1.8634413433699992,5.205205169940666,3.5200040137595647,1.7826329782185002,1.0470402920067994,2.2053900758081832,9.900694392981448,1.7457049876513333,2.478611474127833,2.0610746327409513,3.288623948753466,4.347666187107034,1.7444748997371669,2.598064901525501,3.394478095899166,2.1948331418523828,2.9479667370904985,3.723370814679334,3.4364943736633315,2.6060103357066664,4.137607985376516,2.139863685949684,1.8720676341339997,1.8035427023476678,1.7188875731075,1.7809429800005994,2.284386582058883,1.3939896186582332,8.4652691757115,2.7369284316913336,4.481051532819666,3.5193650656705144,2.6564574539248342,2.6988042400773504,5.449415000820499,1.9891765223100006,2.8918827759023666,2.2917346485457015,2.272032869205999,3.5346834408875,2.64654909230945,4.443919298744502,2.869555653814833,4.325820573722001,3.678687252329333,2.4745877486424006,5.512039450296834,1.7748903268458993,3.5414821298983328,1.7057938725274984,2.960524494922834,2.8544269180787314,2.614741565602333,5.416515616472498,3.3470485342558343,7.141172229645466,2.627656300388651,2.1303260960214994,2.5019053152735,2.3965529331008164,3.4790192742686656,2.3343884910720174,3.5628614345131835,2.416914904095667,7.014146164707719,2.3434265474839995,2.0234302641124997,2.551637591619166,2.6992929681198166,2.8630534042838343,2.297912848965083,2.323765582637784,2.799454021845833,2.7780180862009827,2.432656950479684,3.139643081703265,2.9362568803780005,2.2240515287598326,1.8996331195568343,2.4604929508780007,2.4177207969843497,3.435979862787166,4.843499241164832,5.123861858165169,2.0481011816734336,2.608717394694867,5.024584105779235,1.9589608967556833,2.739559025352834,1.9767682252519838,3.575603142019183,2.2692686747153177,2.683143368921817,3.865639815562667,2.3208564222938994,3.717138801378034,4.384796454323584,3.233779072996502,2.378994208845767,1.8789836533608328,2.0941565340709167,2.4136450575019333,4.881839280497584,1.8051105065254822,3.065609212099501,4.351817916448001,8.648713712859836,5.537205593818268,2.2800147182193347,3.6279877694208316,2.3629932917401666,3.0772576621031655,2.565303072512682,2.6105443640465,4.218164931529333,2.3461816134160003,1.7362381444440007,3.8689166620785382,2.3021383460594844,2.6396403371064987,3.345298451790883,5.088136529109586,2.0053313106694493,2.6421104771403994,3.6854618986355137,3.0045984253775155,3.891594082671685,1.8504447611197004
2018,1.9281131222573822,5.311483124314487,6.453897975615134,3.9237823581858335,2.1229125490647673,2.1786737160396665,5.0342504853723336,2.6324016461313335,2.1936949649700503,7.822353548328116,2.2957548201261178,2.045732720868085,2.0815206459967333,2.516777581264132,2.6360358203218324,4.3811088274945,2.767001868391834,1.861160397429482,4.6117388226905,4.860349652987001,2.052181771918667,2.685904269090899,2.877593099387516,1.7689020893866998,2.326825428622167,3.3375079057515817,2.303965226493884,1.6355765197111176,2.2001640720681674,2.2065463275843324,2.615901884786167,7.20116192286483,2.062791636880332,1.9493931343169664,2.6702341160783996,2.4022121006445145,2.779311220644332,3.141992599686266,2.4875881417939145,3.155355748037333,2.8244941733826,4.160934592629717,2.680534954567999,3.1681768293366654,1.8817763019929992,2.0739535173338832,2.1307104293388326,2.872005065785001,2.8319384537838315,3.046175035465001,3.135745857732599,5.026823131432199,2.0857977208584995,4.231261922373498,3.596296026270717,1.907676161133499,2.083986669314167,1.9009839209988342,1.786425599194499,1.925401923640616,1.798006328727499,5.099933644379666,3.3499223716484843,1.7029972955716,1.352293973957983,2.275604587550383,11.858642235964876,1.7527160116553335,2.492073047525967,1.9234239182684667,3.465946720055983,4.079006315795217,1.8618029383610006,2.3589236093561,3.4152205737898327,2.2801136469209164,3.048496712691331,3.4639398124095,3.384965461314998,2.7486464127411665,3.768545939641767,2.4812679044148154,1.8665342972514998,1.8177128374880016,1.840072472548166,1.8974470141572661,2.3171018350723998,1.5320948603120657,6.434178064081165,2.5073827096391015,4.491138505237266,3.396402553680899,2.7475724735146674,2.6437104641207,5.240511583733051,2.3647752274804996,2.9436173587396826,2.6683939684364337,2.361820488297666,3.4686000185501675,2.608821138658499,4.593033000448666,3.075256294768166,4.333718082408167,3.4807571719329995,2.379049000900567,5.418896395804667,1.8709572491786,3.418402236811367,1.6907051530949988,2.934105065231835,3.0053221610638983,2.687089336793334,5.551074963859498,3.2895948077158668,7.192957864894668,2.780925339361967,1.9803153505985989,2.5114254521821664,3.3902159774304166,3.2622723933873323,2.3422118681734503,3.3882309522744003,2.423992063255167,6.320129298309553,2.3249662397554327,1.9818009639265,2.516671011723333,3.0621848257641324,2.8356803145470004,2.5567635324044162,2.3172214569635345,2.7920828712506673,2.8467149050064005,2.3660044272330496,2.888160424052382,3.072592392721499,2.4455392246064993,2.001854735955667,2.461101271984068,2.5457031071536673,3.397827911644832,4.897219737179166,4.967054397449668,2.2194615146139673,2.4331131495544,4.575261905478069,2.0276573878848505,3.8356673464810007,1.8756928479582173,3.4871648442941665,2.3596096014611656,2.7996157600208176,3.855167283383167,2.2898245193581492,3.604146715321751,4.006213192104617,3.1844950689630016,2.314740333554267,1.954979047756666,2.0994081683131838,2.346994895343666,4.021233487475336,1.9317494690547494,3.077060883814501,4.337727780763484,8.563395052430149,3.740473818917531,2.2951942785400017,3.837256846232831,2.1708660771175,2.940334374664998,2.8702004829364167,2.7683920682530827,3.824725349041335,2.423887245090817,1.8811924900181678,5.070512346826086,2.565366398671151,2.9210254724027824,4.2280480619233165,4.692624565535253,2.071173379922032,2.475313928875099,3.3942754188637307,2.665934877877482,3.8011986123078514,1.749537121060984
2019,2.1218543554153824,4.007490873481368,6.4278809961984,3.9303343537799997,2.3368980956528165,2.181436534745833,5.006068618113384,2.6043498320213327,2.215002271752217,6.777970545519165,2.369611038135234,2.1258537895654177,2.050767034816683,2.6413923998887996,2.7695404177028333,4.493748402613835,2.749920760316334,1.9191833805126481,4.221575958600835,4.845113807331668,2.135083577051167,2.8769764752187,2.9588989349358488,1.9471159055855163,2.082780744922034,3.666912085231566,2.4638914852948828,1.7837892449139512,2.2311539724771667,2.2078566958369996,2.604133476678167,7.049627088660665,2.2331037256614996,2.188433750078483,2.5248338516586672,1.7394807549836824,2.7221712186504163,4.469567452778448,2.6122204524735824,3.2940137169033337,2.795286695969283,4.18735359520255,2.64335859231,3.1373227298058652,2.033024507837332,2.2031111019092835,2.228111022124666,2.9847016265940667,2.836099823371498,3.1393104305580493,3.391021136550366,3.692601737571282,2.0319848899553334,4.204791556419665,3.208697674583935,1.9543661289168333,2.295084051855501,1.9931892198683345,1.9343156634533325,1.9679743899688489,1.8833705266604992,5.250548368241834,3.3999461250366663,1.8517300299180337,1.9721030647171662,2.0838426016622837,7.638178632817828,1.8125713826785004,2.7134401843091336,1.9832878224495674,3.4430609298834662,3.9026870940298837,1.878606327954834,2.378746417838366,3.338029137765333,3.023108354185716,2.969065070994548,3.6001261639316677,3.4672451444804984,2.727127174601,3.7184848988527675,2.4194358883894664,1.735611912006,2.0135990369836683,1.8623786566490004,2.0197036904387664,2.3821492736833334,1.7268874178130658,5.661963565849098,2.3886545073156014,4.455143967398934,3.491519615435231,2.7673061091466673,2.9149303725595015,4.363282984494548,2.7878708902301663,7.825884744213,2.2476291505811514,2.532194757093832,3.8687153253096658,2.6569139098881664,4.290858410248867,2.8610101658803333,4.078225298991167,3.187016910188333,2.5592260925545665,5.729454678154833,1.9231783659970993,3.1490989160073664,1.7593373853696654,2.9089977294601677,2.8972530000175656,2.6881500223738337,5.758494715712664,3.2871365640746664,6.8459038782113355,2.6262990485669673,1.8806386763176164,2.5325519645500827,2.40572837483685,3.605612281786165,2.3197176511001,3.653091789587133,2.585893921920334,6.152782030892851,2.2837647147860998,1.952801940238,2.3341852779758336,3.100256943010133,2.8597282313021677,2.4468397458528504,2.1796643693139504,2.7967141478693334,2.9179070140405665,2.265574498374367,2.7141519888970658,2.8492221739468326,2.3569336670167162,2.0055615782605,2.434534778768234,2.617284796280482,3.365593693504166,5.086811220239331,5.079206336201335,1.9952928046093001,2.466733414275767,4.548221099814536,1.8946976207937503,3.7149345820985005,1.8559335553483673,3.4955203642407997,2.401862699090716,2.8739210998955835,4.026929302967334,2.3484472874945492,3.4976918517424167,4.074790416498968,3.420970223640002,2.380802200960467,1.9250712184151662,2.150518685891066,2.523649908802166,3.846313428540016,1.8807906191353159,3.011209252167167,3.9356993016731487,8.272615105708319,2.4300489818803497,2.429203306455001,3.915190151637832,2.219794857585667,3.023702925056015,2.9405464664829504,2.5833021119552337,4.091866445052999,2.4803015923193663,1.7736244011091677,4.306814646266087,3.0720303783571508,2.689186111638799,4.364563423410716,4.760638866376086,1.9800413838716997,2.4215830376406493,3.4785401034422634,2.6073769400178493,3.660631435048551,1.8576716581270496
2020,2.1190737546567986,3.985568940426067,5.7862945207509675,3.708869926508335,2.526738374467316,2.0852554301089996,4.34127866556055,2.7464643270324998,2.1566157267069834,6.132014944225848,1.9821377540388676,2.077120328809751,2.1295231358991167,2.7088824366043327,2.914951350883599,4.035806413469682,2.583479690077,1.7961262418153157,4.174652598006501,4.820830242023335,2.1352609128311837,2.6921097725440664,2.9857567710118493,2.3949391347570326,2.2164655276497003,3.730148731615266,2.5153633890363847,1.752675308344334,2.3142948214875,2.414394609829833,2.5779169885651667,7.005511791246832,2.114191474944133,2.0678574346470495,2.2975739860255335,1.7896393293551653,2.7052592082001157,4.9939019394688815,2.440313788553016,3.208642743151167,2.790822907649934,4.18735359520255,2.492389879718251,3.1666509027620493,2.120473571265916,2.222588482738533,2.2949209613856665,3.2628151490564,3.009874410609165,3.235221917575849,3.0651034119374327,3.78775322973835,2.087478897979,3.955193312937332,3.0638570426721854,1.9868406585529992,2.4196306408771675,1.9998941931245013,2.1820958343479986,2.1642347721414668,1.9657924572719996,4.668868378503185,3.177088740368782,1.910579426288049,1.5996198147496499,2.17997433014995,6.14717806360433,1.9069042276261667,2.298259366605967,1.929775671379817,3.496621212446634,3.893835984121684,2.0453120484150005,2.5306658325484324,3.229948036781649,3.18616618610005,2.945617403821549,3.5293147022278344,3.424260562891331,2.6783469330653333,3.733074713524918,2.2799185768602164,2.1662946518398343,2.0012893781096683,2.0181115410506667,2.2667611465784328,2.2661603407660995,1.855327884896599,5.693014676347198,2.468022722642334,4.373407994231934,3.196142669898065,2.6708915592158338,2.8169442545699996,4.083315458683865,3.097625414708498,6.618597404112482,2.1318523739568342,2.6959025722549983,3.923287596002333,2.684481774562833,4.109841186448582,2.882984849501333,4.027064900999266,3.162199504571167,2.627045169643067,5.784668324936667,2.1420335562874664,3.189632386746532,1.9211408021759995,2.854251449715501,2.974706363553616,2.728649489718767,5.6135158278358315,3.5666842350026675,6.454597766015936,2.855812873132634,2.0850455200519162,2.7837916663037494,2.3396696138737334,3.3607957665338324,2.1904688706277833,2.8495895489731504,2.8308779637790007,6.369672117418551,2.338798755838633,2.0985091910245,2.2884363304701676,2.9328747779790656,2.737668657606167,2.661460895123083,2.371002956273034,2.6991924223796677,2.9175620034193672,2.3582649074029507,2.649018298752067,2.957131263840999,2.27951217360605,2.1042118422786666,2.396434466236433,2.46904987588665,3.3467446345488665,4.974594088889332,4.970685732729502,1.9790827564061833,2.3066375329879505,5.217253303394553,2.0031926599652,3.8622314457900004,1.7933129343565168,3.6844197391828333,2.397493358726716,2.76594240981575,4.219929704746167,2.3064672535904664,3.6517354881339323,4.025932769077386,3.5871799183590016,2.3942393168793337,1.9777471873124997,2.277546376797783,2.4772337601864995,3.5394444556118163,1.934532989399233,3.1446987096855006,3.584126953988333,6.8035512935758025,2.167050564270684,2.438747318217151,4.056623169149765,2.5777498704425,2.954359827535066,2.864031147708683,2.804538845047584,4.038941921182167,2.343404866042651,2.0172251879026675,4.567754391195636,2.780341886795318,2.8351255640906325,4.438019586469299,4.491937807072253,1.9313179323886163,2.391086153615533,3.3189444859470303,2.58281088021005,4.4455956556547,1.7298424540048332
2021,2.1705520543860817,3.7297880211336834,6.0584773003430685,3.9862912229805008,2.6558164963629327,2.212711155189167,4.21925039073955,2.6672574135193323,2.1707152149768167,4.806384405776017,2.270188380879034,2.2555769454112506,2.2119703942323836,2.5465535643440664,2.6520448163094326,4.169413959945983,2.645868687785284,1.9968876730496485,4.383093048715001,4.571280265227999,2.1981395640754,2.5469642368326997,2.905707396121183,2.4297905991341997,2.2138448087078673,3.745204500505083,2.6942838864281677,1.7666129033838673,2.4082034971973343,2.403434199652666,2.5207489176963334,6.685982492414332,2.0948041918394824,2.008893811218783,2.4204770715148674,1.7930540142360323,2.8206234749979493,5.008847308009932,2.610474978220682,3.441396517822333,2.737098996330267,2.323765515427883,2.6759264779997505,3.005948588860767,1.9892752082875829,2.09826437176065,2.266207434766666,3.268806445767283,3.044417226741516,3.4241841902947154,3.3306243822949333,3.678606868865516,2.1697437377538336,3.698695322197549,3.0691982724927014,1.998350438266666,2.693159726941,2.0639650408330015,2.3021863752083322,2.0930873417790994,2.0864462883195,4.712383285234169,2.4665129763116,1.9383020646007993,1.549781995779316,2.2899747714506167,4.248430728616733,1.9122038180435001,2.5932209839103,1.9900181859606667,3.432489657611133,2.731633828221966,1.9558259289285003,2.5889111013473656,3.257411387918832,3.4630866443051986,2.9256719417272152,3.5103046815745005,3.3073011163694983,2.760997576097616,3.6556883013589174,2.4138853589430336,2.3387017366103326,1.9981545784338348,1.9840439216468337,2.2051079001479326,2.291342428358617,1.9858172095441327,4.797603235564517,2.4156279816331008,3.943500571238101,2.9581105903839995,2.6869605295088337,2.7120565940737835,4.500958908485532,2.986852746178,8.492500461760848,2.595761947890134,2.6516782013212983,3.496664022546833,2.777074087536133,4.131223801931049,3.141254239248334,3.976692098649665,3.0081229060295,2.5888563140334,5.645671507290667,2.2455355166249507,3.543212823292332,1.9226713217526663,3.0522982300881676,3.3493852762221312,2.6950216086515004,5.530685028741997,3.5195273847773842,5.98416448809847,3.0869184663579166,1.9847746441664826,2.907986717586333,2.3843616911607666,3.402361618042498,2.409115867092816,2.693876277875551,2.797984648390501,6.105382598270533,2.3413728798193008,1.971188387410167,2.3936025259366667,2.9873080292533998,2.7914285790706668,2.6852153000429997,2.515068593218651,2.7068246292025004,2.9827610741610666,2.338861198895884,2.677761543583733,2.8774600626881655,2.4120078822693833,2.0497692920401667,2.3867048033384335,2.099702641112833,3.1193112101852,4.9899779028574995,4.967911435219002,1.8660680123217996,2.5618104551509506,5.13760925151622,2.0931820720719005,3.5683473358133333,1.8276905837572999,3.3171066397446833,2.353342074157616,2.7820375953984344,3.6813467980743337,2.198561511153466,3.543621432668149,3.9864699620757684,3.672113043625502,2.421502501142,2.0525786624181666,1.9019462648812,2.7674636016084673,3.6814644777970162,1.7332157700739663,3.3295700984366676,3.3562265180869497,6.778917672767119,2.15504384186855,2.403240700869301,4.397146846505833,2.578905255260333,2.8571671751682337,2.9303717021726663,2.568478755433984,4.177330811983499,2.4628597255863176,2.1576877273678337,3.7039732658330187,3.089992722171817,2.765841443910633,4.245349539170467,4.5938149768422525,1.9934501534593336,2.4444046211467,3.104582075010965,2.843731534291216,4.153973966496717,1.969840264714233
2022,2.3632858286400493,3.3226298660039,5.9704702478820675,4.202119684120168,2.8526406296866,2.1732820777244997,4.051746837618883,2.7247358703145,2.11143924300965,4.642299187090683,2.9116441946944334,2.3325451391220833,2.5049018262694673,2.7195561959565495,2.9126285527179325,4.409074397223501,2.7238553418037843,2.007440569126232,4.319717588525167,4.286153437927499,2.64463370365475,2.3896997291877997,2.9556301396623668,2.3755443602755166,2.3663228960733673,3.75848717363425,2.673055346394667,1.6950053887916006,2.262398022581668,2.442180843853999,2.673272670936,6.3653160665833335,2.0916329541167165,2.1300727250961,2.7979556573834334,1.6884990635419659,2.6825098667572833,1.7598913996660168,2.6103047450841004,3.413602071610333,2.7153284295411333,2.3465152898687167,2.791222659826832,3.0669736882670167,2.068596139094583,2.2349870160339496,2.241534289468,3.0716933650141995,3.119946257782333,3.2559532451193496,3.1228487909482676,3.5346454078924654,2.2186507290053337,4.090026137345499,2.761961656207701,1.9653039251091657,2.6769964387100003,2.0421128230531678,2.908789830834484,2.0882154318145996,2.138599990845166,4.360603761508836,2.555197897425968,1.8337057360549993,1.5662042699510161,2.301383615372967,5.234695822094998,1.9976802671846672,2.7274759686551664,2.2717703651214154,3.3376294840754337,2.8777943451534327,1.9577408610721667,2.5646971289487657,3.079879746978149,3.2781593707210326,3.0106756716804974,3.439040834722167,3.3670367714745315,2.743833050719333,3.666902200180584,2.5573314999246666,2.243631610678667,2.0976097524308353,2.0650856129833333,2.234742737484466,2.3065742953357,2.1406667353694995,4.515567754505734,2.2673706693996163,3.6120808565785842,2.942097123825333,2.6781900269460004,2.9955694128069514,4.427309294120883,3.150318266170333,9.005948746658436,2.7535775895739842,2.7363401617977328,3.4609744276164993,2.7316937517129483,3.994542466333216,3.1078317335833336,4.222159506773166,2.9518808204618336,2.6561222422962336,5.576584156891835,2.0178493760733,3.5171526648053324,1.978663874985833,3.2313675884268345,2.9433866450961004,2.6668015841291006,5.349623181441247,4.180781324011133,5.978647223783437,2.807862335173466,3.2890554452391334,2.9620934073874996,2.4746740488502823,3.2568831367344986,2.403422030519283,2.873182438950884,2.78251251886135,5.87792200712935,2.4445331170647666,2.0494626508943337,2.2596986758551005,3.3772145242354332,2.6365883745374172,2.52316236219775,2.4411372063805508,2.7597508990528343,3.1356653227210503,2.225739270166083,2.6782021100669158,2.8841066571126666,2.50533327489905,2.309106478580167,2.4431619139048326,2.1206287634979164,3.3299643489905333,4.753692881160001,5.014916632878836,1.9194122014406494,2.489345768163834,4.853141368315703,2.3131283080029004,3.348113735620333,1.8558611401158833,3.005361778326134,2.7536838212147163,4.40846034889275,4.225546914193499,2.269118252955916,2.315233168951633,3.342753779937985,3.7017915262230017,2.35686449246145,2.150621670376267,2.0207785136529335,2.872590157569801,3.475612977250717,1.8585754914579495,3.1914605707490007,2.6117326336572666,6.812806355667984,3.4789265918145493,2.3678525622549684,4.463922753046166,2.5343708195085,2.9936273464069996,2.8124675967752166,2.9354137983896673,4.233736166974499,2.4354953608628174,2.2382244744803335,4.116696955074601,3.0622891137971497,2.957089621660466,4.382102260137301,4.911366425491084,2.02499350220195,2.4392463220935325,2.904645803880966,2.8653765356841996,4.075900998229783,1.9753460983797335
2023,2.5553427430749323,3.135048803370084,5.915615029712402,4.0642166509298345,3.3093838496416663,2.234356908773333,3.8295010824224325,2.664030266189166,2.2518967168944837,4.720424692407066,2.93358340673045,2.3423822409004162,2.2460040269317014,2.6786364334638,2.7934141516727653,4.36374507187155,2.9174672836812836,1.8290954018022323,4.200399316769834,4.392667862182833,2.708433757159583,2.52172739155005,2.8363856880347327,2.5114624451200167,2.0847929414260347,3.9125846532254998,2.658741937887467,1.7443799710869343,2.3108187665835005,2.302704394563333,2.5633825584825005,6.336071399713,2.0178204018743995,2.1364345673161838,2.7163137081895,1.6221436717987991,2.804801181297116,1.8643893865899328,2.8555175502172836,3.4076467930364998,2.739387603601817,2.3493140644708834,2.938383871132434,3.0478064682028334,2.013237778765583,2.3953358586553994,2.2495760291695004,2.9318755190737,3.043489119738333,3.273325517444499,3.283157331801667,3.8579618639328825,2.0632362729250002,3.763317571507249,2.3823080952839004,2.0288173992654994,2.7495400918085005,2.0807524188598343,3.436207224424701,2.0322727854027667,2.3163275863666666,4.5537515389555345,2.4893023750209835,1.838117093313166,1.5354672971367491,2.3067972929571168,4.844915061102981,1.9192057896803336,2.7205022263955336,2.4212856633034163,3.5438987627714336,3.021022084666099,2.3579616975373336,2.510181551581033,3.1572640486213155,3.3114067308719988,3.1175333247989983,3.406549419963167,3.251428603650365,2.7186037188046672,3.6953932549376005,3.930393456667782,2.089305537189584,2.1373957466885023,2.0075732161795004,2.419979563939934,2.3710393726805004,2.1240085567005993,4.446009194818234,2.332747465034584,3.8061432195647007,3.064163132310999,2.704068194410334,2.777593235343617,4.424139100954766,3.1279576294503335,4.943032242181985,2.9115117229810505,2.6740146351038487,3.6068226954435,2.8654986222767493,3.9468339846954987,3.0098209364313337,3.6714869710483327,3.125945094877834,2.510336932246567,5.567650116876501,2.2857149987103336,3.7108677722881667,2.208300002263334,3.3415056264063336,3.0862467501571,2.804904843966501,4.965711096166865,4.132295328032467,5.490889597864933,2.9677033678863,3.3475103249199836,3.4389123203953322,2.3696695210366667,3.089553665209165,2.447015137397983,2.8494362792140007,2.8646034016205175,5.849008313724434,2.4532378232166994,1.9528766497892502,2.281331875507934,3.240574150795699,2.496566668861083,2.6897571744948503,2.5934961673202013,2.835613480107334,3.2463241763828,2.2401635560375666,2.5832610077663825,2.9407541670677664,2.6944597660038836,2.322605550704,2.5141750026711662,2.13654680270175,3.1913501369502,4.173777814185801,4.9750255998248365,1.8521597947320496,2.667099825341167,4.971454724956686,2.2525335834452336,3.140148551339284,1.9148367641039339,3.1085850214234165,2.6703585148275164,4.523943621722583,4.202275396451165,2.1647576154015167,2.281835720000416,3.261313043329551,3.8391567118948347,2.4556508752292006,2.197204849681001,1.9896155592144502,4.069479853253516,3.2836429511331673,1.7764958518484664,3.318927500453001,2.5591623030733,7.678923973137434,2.184106263564301,2.4882576166221346,4.735141507421667,2.6691018995875826,2.8910886197436994,2.814517463467334,3.0885454200481006,4.170946580941332,2.3907294440126674,2.4243566975329998,4.288687917832885,3.1398924448543157,3.0950194739417833,4.48365785826715,5.030485598716585,2.069416865863683,2.5459648643065496,2.900291909752383,3.1074828691265983,3.1871352007389837,2.0185208605006335
2024,2.8078755733408824,3.1096382897845687,5.521293090958567,4.091079647712333,3.1353945852514995,2.16172405417,4.292045764559716,2.6290516479974992,2.1807052873550004,4.798285778761066,3.023345503192849,2.3111183816950827,2.522829989097633,2.6819272782926666,2.979377966624599,4.085935102188516,3.068890426956933,1.9982936421770658,4.346974230040833,4.708667812190833,2.7137031368496665,2.588201705608749,2.8833925219320165,2.3271576548378334,2.409164512272501,3.5157755109861677,2.5146442524117334,1.8382627314180675,2.318687080401833,2.3293149896938328,2.6371195525246667,6.3520446821583345,1.9094195249497494,2.104462104975633,2.707349895880933,1.6493831123316993,2.8522068587351663,2.4478837241197664,2.6809804100262005,3.5547097472119997,2.642883534951617,2.4191289787018833,3.1134896782321664,3.0055501779339173,1.9993216235610833,2.5192437986100837,2.1026906190209336,2.8971261795070333,2.921351331276233,3.0132577657855495,3.1338575765361663,2.10893470158295,2.1045619723923337,3.484753451562931,2.3424795959728173,2.108247483893666,2.9158392714171675,2.1515984997085007,3.5612944799690345,2.011821443681117,2.3895305303085,4.450952947457334,2.8563302527656513,2.075666654994249,1.7404308681251488,2.2286886665828,12.898085963336767,1.8865071539525,2.8719697999466836,2.4114280542378497,3.6098107623379345,3.1259534852923982,2.7104362795018333,2.267293218028583,3.0588468552086487,3.113096433843316,3.091293261630665,3.2363881880968837,3.5056643578788647,3.043086514527501,3.7621262889845,3.8908401793316654,2.218452252443416,2.061005233243002,2.1777215203355005,2.376248256794484,2.3605514580653333,2.1608903802731,4.288213669149218,2.3952977009684004,3.780448466875468,2.8477864174898495,2.7405542590970002,2.980089932394617,4.383523829527099,2.9440592264375014,2.2688757772667336,3.336104493631667,2.576815782853032,3.7331611756959164,2.910994255501083,3.6847278868387656,2.9827859862761668,3.8106767061256326,3.4214855923508334,2.676702223846067,5.122878433347131,2.146226648113,3.87549732517735,2.2802886931961672,3.846563870792501,3.121701535706817,2.825042005774168,4.932655175198665,3.6151818983488675,4.386290676766169,4.225004962658633,3.3391531556154,3.4537256241554988,2.4047589229332336,3.0138526538641646,2.258509920532916,2.944339538811234,3.0836672373814324,5.844958075139251,2.61120131493,1.9411375409055833,2.173149915782334,3.1751140272281995,2.646748182602717,2.872470390064217,2.613344608600535,2.565547522624684,3.0309309133029156,2.270684357748233,2.5324089966603833,3.1393338104941493,2.7141968377582173,2.376243259746167,2.5533451685227493,2.1654860471496,3.2887007666853667,4.0376190449033,4.96374512219367,1.8670091059347662,2.66506046737825,5.269785462016569,2.1619147428543837,2.618399857093484,1.8243476769156004,2.706765624696784,2.6432325723144334,4.39509769787625,4.133022639138499,2.687831334056982,3.518798910482866,3.4506795111494344,4.076944431794502,2.3394602102998334,2.141328423483267,2.0937956903048165,4.175556215528184,3.8586938852066663,1.9512870626669494,3.3392978405236673,2.5116177838419165,6.999303913977884,2.2338771569727,2.4018560159589,4.522315694596999,2.681427658614916,2.8771133532395328,2.787689194689684,2.923303524317184,4.037524875410835,2.3213347440026677,2.470013960113,3.8723376201745334,3.183710145083566,3.0740528982804673,4.287533402884966,4.642693513169503,2.348384923332316,2.4891924734514657,3.105002915820533,2.5972912400992656,3.1087090975389176,1.992608926082933
2025,3.2601204607072147,2.7046449561166512,5.559113626222267,3.764296635287,3.2510548801433328,2.1636730536646667,4.096689342911867,2.6793601172161656,2.3178590979890004,4.486650918105982,3.1138048115915495,2.245068549689083,2.5605845645879506,2.7006964831915496,2.940069248266349,4.40143182907705,3.1109526058311165,2.1637369359850656,4.598453105971164,4.515723773253666,2.491805855968317,2.6350843411385827,2.9272581345380164,2.743582936801666,2.5050149981766,3.900148922356783,2.6309504481207497,1.9009717774131174,2.393792536824999,2.3072399977029994,2.655033566145833,6.214529854269332,1.7926995805988828,2.1005122214756664,2.732910122600683,1.6115099747835664,2.981319554437083,2.4151468015536994,2.882473173285417,3.3944463581029996,2.8027392551873334,2.418998630630383,2.7921233704924995,3.007220808586834,2.0867077649247503,2.62338603550785,2.1847429338745004,3.0132047813752,2.93558812015555,3.051649286351833,3.1889969240220006,2.381566991427867,2.0916449120155005,3.5006124885645815,2.2633212891797503,2.0518195210843326,2.8280624556643343,2.1875325006550015,4.604252260859301,1.9884295884593164,2.428882722371166,4.038794916885667,3.002383678505285,2.1268450979667994,1.5300368110015998,2.239549270036666,8.400872531647867,2.1371924006351666,2.829925666930717,2.5390025286083837,3.6164595963431,3.349127071298898,3.0022508696345005,2.404115252054416,3.1303388303973327,3.495745823762249,3.187806010065249,3.315769408226667,3.4472886944541985,3.171992271348668,3.643875286291649,3.668477791061916,2.246708378428667,2.0538959891223345,2.2070336168333333,2.3228845402391505,2.420530012071451,2.1558905823800663,4.03205591960625,2.3232241412933,3.374155427670584,2.933232859194016,2.672186283624667,3.086621549380949,4.195601865656199,2.971117117017834,2.306045303987617,3.314593513692083,2.7399183080752496,3.7559180487589994,2.5900367497234815,3.957285018991499,3.085177369198334,4.173775749058332,3.8238878505948337,2.701801051215401,5.2605861930338,2.037671389224683,4.012707600273867,2.3950861901745,3.9915943844595003,3.1191572054379995,2.851545940794334,5.006183821156666,2.9938509051482165,4.388220486887234,4.1084499898559175,2.0909031457179497,3.5065544652233327,2.2277781353366497,3.148122862403165,2.21231588817385,2.9041751805137013,3.085364460793599,5.147638085116467,2.361980240086033,2.1192501968073336,2.1720484241256677,3.6008560880795333,2.525776154054667,3.355893346202967,2.5047559003598834,2.697582433787334,2.9415964272347495,2.2426796869499,3.060713708547366,3.0666193102250827,2.846054427072384,2.4430375204664996,2.582158766556599,2.208626001784383,2.826186224648883,4.082132310414466,4.888581542510004,1.9826606550239496,2.6342703451875833,3.9162347922738507,2.3672916306925673,2.8186633755997006,2.2115380495024,2.7759621827285996,2.81025446836455,4.346159964743984,4.210352792132166,2.0848559822938664,3.5380788910441328,3.3331118013050007,4.030404188324668,2.2875615113298333,2.3955354954846,2.245675074410217,4.587295323103668,3.6170942039728495,1.8868424063091824,3.3803553357020006,2.565499520309716,6.574383470945717,2.2021160075761506,2.4967015364939678,4.417779564349999,2.5023240528142003,2.899808814769033,2.9349149454071837,2.781834425042317,4.111387996485166,2.3344333352560342,2.5089264405821665,3.9485477342425335,3.5814350795007512,3.0828233371369502,4.333499750474632,4.858070688912167,2.2089052644773326,2.502776533812866,2.983285993225282,2.5791978574758323,2.6521325945280836,2.145780643662584
2026,3.1943974796071664,2.563673928019051,5.518489447654034,3.7520524149825,3.3914652461176664,2.249875633550834,4.35685825578655,2.806612919023332,2.271808266152767,4.142857855059533,2.1641600441403837,2.2801833647605823,2.2604946664689507,2.7491587698373823,3.15784990375375,4.45931566776905,3.0287188100736673,2.3861180294562323,4.137984484727001,4.415165146875667,2.6944686464710004,2.665656341423882,2.986309827676017,3.3012489679318,2.6052967175491006,5.256481331055067,2.7820469367656004,2.1867841262092664,2.569068714793833,2.476217118362999,2.6543086498516666,6.067391126307433,1.9556835819008824,2.03292370294305,2.9278582911518494,1.776066075608083,2.99477952577675,1.90626115959885,2.7075486124711836,3.2563753926583336,2.699818085372384,2.31882122771105,2.7849044169581663,3.134780337843501,2.021820312175084,2.4514279637547665,2.2408240879116,2.978568904982134,2.8414972751108,3.1180130643947,2.9027629189665993,2.191468745290251,2.065722373970834,3.3112734098459997,2.531837672585267,2.0905858988728334,2.9474996502212014,2.206900663297001,5.162124645839752,2.0714281119598175,2.7493676692561673,4.593492195310035,2.48736096694545,2.0335730072136995,1.6259853502308994,2.2348746935091173,5.8123320877790166,2.202301795448833,3.0183551215868336,2.5662950979423167,3.492023207015185,3.261584169782232,3.106748269942334,2.4498096250677333,3.4788831623791667,3.655780654470483,3.262931598721249,3.1242143180303836,3.8442158745715314,3.2994154296271674,3.498027498670316,3.6494128474900984,2.408454803938333,2.1666542758408345,2.184692920543433,2.693805621979633,2.2789521662080836,2.278423297316899,4.663091242466332,2.2610307430485665,3.07117069755505,2.963624307060783,2.71238361960665,2.7465151922811666,4.080012613996649,3.0672362436704996,2.8632085774099667,3.6820451086397505,2.7766808078092335,3.3775009449200004,2.6250116882633496,4.1562252899307675,2.989455904383335,4.089076652536334,3.538731065774667,2.7706031644079006,4.9472545945186,2.172398104741367,3.7832156328923667,2.419015571328834,4.0451995217658325,3.2099217969886147,2.881090612661117,4.784322328932867,3.1264457153840337,3.191583495023934,3.968836147530866,2.245303821972284,4.019730136652833,2.4970925788511824,3.2205230721409985,2.413701312293333,3.1932231424128172,2.9177847839863333,5.364803273204284,2.4723433256710994,2.1869904096469335,2.1983426506597175,3.4322104386859986,2.6304843716513826,3.5312661682723996,2.673256355168201,2.8718498609946677,3.3123142478436662,2.2446154969083003,3.2801131223947326,2.7698320961533156,2.8398348620197167,2.669419627310168,2.574351599975866,2.3410491766534,2.6872292544463834,4.4258605929084665,4.943480068630669,1.8861791746738499,2.687944629575516,3.8887399615726985,2.556786364829001,3.0311452740642006,2.3174222532822664,2.754713393019233,2.6937935614565993,4.339743500189484,4.364657466710333,2.4263036637924,3.512986073055616,3.5797285121787334,4.254293123033334,2.796589115059499,2.3633905854326005,2.323117218309417,4.954605316043218,3.4182818767525665,1.7505404877235493,3.5167252712978336,3.1023814663635165,5.7318753055258345,2.26163562194675,2.9635170739505003,4.4314923140769995,2.630521879088867,2.8005326435168834,2.800907658120982,3.0471050469106173,4.061169871704167,2.493349854047667,2.504051624887833,4.188526215863584,3.9661391867822515,3.1157249241364666,4.561228217234133,4.5435033349520015,2.474266301223833,2.4959655702436327,2.902834621752382,2.71271701667635,2.502162147129484,3.7295021644467328
2027,3.435865968651167,2.2679896386154668,5.693118076740817,3.733625862759666,3.402247822207717,2.201148225479566,4.516307007379899,3.1738213432757663,2.6288144532308166,4.9317969195124824,1.7571544995417172,2.732623187323667,2.0799554327685836,2.8071195264163,3.386759533207917,4.568050255178716,3.0622758054568493,2.4651916597883985,4.772084547673433,4.271566008838549,2.60759042346025,3.140208928130933,3.2448091831825168,3.2995584843124663,2.7259933827744334,4.072186893720766,2.849807379255117,2.247960687470584,2.8043438750810497,2.6539497709789988,2.4693849584199836,6.322272003086684,1.9188626612583826,1.8715234699458991,3.063531002081133,1.8074438665231833,2.995570917605417,2.1006637578153335,2.899754546074633,3.3050264903606505,2.9513629841362836,2.3771785408339996,3.2866207635598332,3.3054685280577,2.469888782931083,3.060436007116584,2.4105328286295498,2.8798629132561837,2.647755055655217,3.0562075590838833,2.9897102710048657,1.8844278452935501,2.4455970896240005,3.850679579231383,2.3356681313283176,2.3899009883637996,2.614356246692002,2.601047108238001,5.545468951246987,2.094277008291584,2.917914188652666,5.406687053963369,2.025419030796533,2.205572802450383,1.563981148395016,2.244699852393984,3.60245115256015,2.539595268242181,3.4805163237045003,2.6076186017794,3.268017294970851,3.657274013149366,3.217375076254667,2.299344806973934,3.5661989421006495,4.06607159351765,3.9938359075401655,3.088354276248968,3.8429595063310984,3.448003300872668,3.571856549843982,2.2468328494379337,3.0808606899034996,2.357800756274767,2.9081155761119324,2.6719323625274662,2.3168732802371172,2.7975261628053176,3.8574922108101335,2.102561710353433,3.1629819791570504,2.99350647733275,2.688680453201717,2.932557628455217,4.433296293519482,3.1000174585681655,2.5255153156250003,4.487049700776434,2.7596028074774,3.4517411870843335,2.8887768096510333,4.105733723897332,2.9797597857690006,4.404992978105998,3.4971827512353335,2.5462470966480177,5.698621524343768,1.9603267572458165,4.33764738196335,2.3907684424349,3.655565762441167,3.299705579364266,3.118901551106284,4.934667410459883,3.5033578872317346,3.5483334441299017,3.002263927411133,2.2677216494000656,3.755907289100666,2.1847580480836823,3.167129991481216,2.4735876078988164,3.296294353241,3.2374244691924505,4.6543991915645995,2.434022880955733,2.5129954023425496,2.4738028312556826,2.9087607659606833,2.5336475687787994,3.645885468114132,2.533746536791651,2.6694315418741335,2.869682406936717,2.453094770815867,4.178469624954967,2.9670114359623656,2.8899724190835494,3.2568539323188506,2.4414520664662334,2.2996506101044836,2.8680800616330666,4.4519768132026325,4.966109201529502,1.7761274525965836,2.8709118235395343,1.93144053349775,2.423484933284433,2.7847465987563678,2.6563448309225657,2.666624286485917,3.228728110699433,4.341697172937851,4.511238755039332,1.9873528410051835,2.6344908607172006,3.6623929446015335,4.157393180904835,3.176244832690716,2.45085421732235,2.259900370024317,4.818134861729885,3.1061792678904827,1.8568656163135164,3.5762197144601666,2.9934204234184656,5.3541503179421515,2.2702854998389173,3.1877433457924997,5.147364131885166,2.7513256580864,3.100481560257066,2.8723352202613843,3.1308831827957504,4.5927350641485,2.6343508561336666,2.7790419726328492,3.814513390541684,3.692004687838584,3.2666095025198003,3.376411870563166,4.903077234038503,2.2521013361768327,2.4322560043833152,2.7131105884004323,2.793424583962533,2.6447007970674172,2.158762365891249
2028,3.3737419389340166,2.7038540239354836,5.728755246197101,3.1695603564337826,3.339012195102633,2.1529078641868,3.688191209603667,3.440213483283817,2.9173341278109177,4.4456039259438,1.755238371751234,2.6305285814589174,2.0921363543926335,2.771114208580434,3.4412975657115843,4.12527802046165,2.918285460671499,2.5734260853350834,3.611691671593084,3.9753518965788492,2.9485502778361177,3.0967819700677506,3.07726383624765,3.169958532442083,2.611838873914083,4.067696185818366,3.070826185601051,2.191446515612301,3.0306434422736834,3.0156445082642334,2.67939156961405,6.043188910883118,1.9614436738070162,1.7256530242653498,4.001392616551582,2.31312408706035,2.940019327473766,2.765379173397534,2.8792164286010005,2.8314058981149497,2.9773621739712173,2.382701464607999,3.238628598625851,2.921254448926617,2.623107507899049,2.861254192783083,2.5882488949309495,2.5782432440927665,2.5156787541592673,3.1833294296392327,3.8446861455295003,1.9985457636635668,2.791508395928717,3.6480229500650654,2.2069295317485165,2.4855207107295496,2.815696776946068,2.8583501476386663,4.821578261261169,1.9954793404544005,3.108952142561517,3.809391487564418,2.2721718679046163,1.8816368396658496,1.8819555651359157,2.109641555694684,3.6992912749690334,2.834298498366033,3.2361997259372,2.837230206156449,3.2773564968201683,4.308571465777518,2.5310281654875,2.9637402585234844,3.380408369187051,3.9487845608593664,3.7029725031650496,2.9661781254890007,3.4888453251544336,3.6401840198342676,3.2622152077093163,3.0025835773700176,2.962044920848667,2.7601507473826006,3.0974977704891997,2.8726395648684337,2.7008399796464007,3.1058514532346666,3.667580571872901,2.5020939387913996,3.053874967584101,3.429442908347601,2.596817217104784,2.6072508411479833,3.532359280785334,2.813234784148082,2.3756634914593002,3.808675496248467,3.1839608755773674,3.158900876776349,2.5418787006920334,3.758078365881716,3.1277790855368823,3.8561333378697658,3.464773695552834,2.8036693678051674,5.478538157666816,1.917862733551666,4.22260299298785,2.558130881398349,3.8716330485054997,3.300552980907483,3.0929099337280004,4.962329224382051,2.8674600702797504,2.9794065379338837,2.8935577900691167,2.358940547955283,3.5492858909230325,2.142462396525916,3.0977081366918333,2.780104161291183,3.165337707138984,3.308145137576517,4.091057178330135,3.072841367516667,2.5436992539001166,2.72997335857695,3.0698923773007167,2.4998527306762335,3.547290628620216,2.3678899933871,3.0495324971331166,3.0300874858872167,2.7455486105061997,4.6976673564669005,2.9578715000458997,2.979017203974384,3.1440910191927838,2.672297739561517,2.21632965148065,2.9869182609129,3.6981187593905345,4.676765720182933,1.8303997322391499,3.0719148655898674,2.6384786644131664,2.1105052688958503,2.693429350089701,2.7274776657328164,2.140802879638584,3.0238774709153335,4.720709540229731,4.112653625269901,2.191673596174501,2.3218943587690495,3.7351880066568337,3.8894570509885003,3.339075252341684,2.545290986620867,2.3022494074917663,6.616750301859152,3.1728731769566156,1.8856233403002671,3.251791685961149,3.0868317171668482,5.092336265726603,2.4056561602103175,3.6633462982202665,4.529798608407333,2.620576021084251,3.2026830900529664,2.595827878734717,2.932043997494584,3.7802116568444495,2.4685777167861005,2.6632640490032164,3.4460340627845674,3.487166546865349,2.7921659181264347,3.546275402168166,3.968992960198983,2.2924438462305337,2.533434922623866,2.8768657308126984,2.8416337033676498,2.4446642189202668,1.95475429003255
2029,3.3210039676905163,3.384009969683584,6.237521302621034,3.0129085703182996,2.7194508358807163,2.6357160368069676,4.0974761176732155,3.060907682225833,3.864168757890184,4.82233855233045,1.8209356047321839,2.736889540786417,4.2533882738071815,2.8115207210986175,3.65713918739575,3.7665364927391676,2.8536947351138324,2.591833451903583,3.6717238624740665,3.9662005507289506,3.1196451675811687,3.3913155934868002,2.8558131225508174,3.7215164065365824,2.7645593862664994,4.229230205159698,3.851015604214952,4.480986271812666,3.1030734149087498,3.606006479625384,2.941430646398367,4.514706122608067,5.338861026229584,4.408751813724518,3.966503062974382,2.5521054177460667,3.845435217051017,2.3660566607996167,3.8744306657802685,3.1333543271856006,2.9379361908575503,2.4699547487883327,3.273969944168001,3.2205137783926845,3.1498359004355994,8.25729595171348,3.0540591861260507,3.3385000713865334,3.1315774591923007,3.2565401165572174,4.2013671637901675,2.245314707901917,3.1628890045259666,3.476439238639484,2.486733845653167,2.9718820723229666,3.969755780098534,3.470313370146366,4.9185402536108365,2.37219736768445,3.1966167921090833,4.19517918041065,3.6645177130115836,3.7973425784196153,1.9215562502440666,6.177717422702717,3.6913205535288327,3.1143780125993827,4.619800876920883,4.467694888727267,3.220167792251168,3.53272357255445,2.680735265850833,3.6271727510672664,3.485552383584017,6.035557993163613,3.570787530830134,4.352903257293184,3.724344435547017,3.1598840107938004,3.1988558471006496,3.439841438445966,2.7326108348155835,3.6506220283119335,3.6877441820902335,3.392963345749016,3.274687194523351,3.6247506170036843,3.799284310888067,2.7700391040279166,2.9143453601264997,3.681799578979118,2.622879880801217,3.5048605678939504,2.9381250335274998,3.0635796973365674,5.693539731458551,4.6327027990376,3.0172315096610327,4.430409525678118,3.385516066114817,3.9361006045190003,3.0752286752610827,4.559021678802717,3.0901481181567005,3.6027861807982497,4.771310185999634,2.4886421707368167,4.726274457491585,3.171688465472435,3.8960170164491665,4.939716194937783,3.4327937443078,4.917914086750768,3.9900858068016833,3.7226264109452516,6.774018702473485,6.274182901473648,3.7695166928274504,2.2980636105556327,3.876840778437718,3.8322010374857833,3.085037107971883,3.3497985887645827,5.363809888127349,3.5135048446555164,2.783557347438717,3.44492025686125,3.420110744671033,2.7755508348159164,2.418756688725051,4.81361032324945,3.950547607138201,3.388941185895034,3.6978330282709497,4.584272713544583,3.6710069040650675,2.8996977140196507,3.722329976588518,3.9833138131933175,3.822217857283701,2.873824355166733,4.037482061719168,3.586582883160816,2.0402689515108006,3.501030962101167,3.553992787499248,3.0575137235763505,2.711477171295001,2.4421620587896666,4.146413355276164,5.135307291026466,4.720709540229731,4.201138609744016,2.1979911350656844,2.2157716293674334,5.364145454330268,3.9909324203100005,3.8940988575154503,3.4031675956923837,3.8993814059503173,5.112419611122686,4.797153601795965,3.8149955787692336,3.413483363196183,2.7477142005073163,7.090477473582182,2.351499795907567,3.2674773668204495,4.754260650815935,3.6887611908351348,3.882210061809934,2.66988238461085,3.117561503639618,4.191932923940817,2.5301843915757334,2.4537101272662167,5.258531689972716,3.6177255461438502,2.770807082032601,3.621148676843833,3.0493663828771504,3.030807182419484,2.76974495985015,2.9970804918756984,4.78161500710175,2.7059945973629502,2.4539903846509836
2030,3.4780972615086836,2.65964443992795,5.223967767570102,2.878351486475182,4.064727353042366,2.8252021861322345,4.041091050759032,3.080899403660667,3.9329437806800507,3.7432754956782506,1.7981819476897836,2.840998565102167,3.4865395612696326,2.7883536271685014,3.8609842757575508,3.63205844266565,2.9670100437668987,2.867608155758252,3.337491707922134,4.139429514985384,3.027994265634167,2.975011660155683,3.11469273763025,3.452370184859751,2.8675233946399983,3.9386075724350316,3.7482007606394023,5.080682645882768,3.084483861109501,3.551681437806051,3.137755109765567,4.136526107979251,3.9498437968175173,3.4296119695090157,3.9539413166473154,2.6520843052749328,4.003432085203565,2.2000187947235332,3.7727839081924346,3.0699300278370836,2.9850016429633843,2.3719791486088826,3.697305907335885,3.588143384851001,3.179053240817684,7.285273666298533,2.9735475345907165,3.298956087785483,3.4096877003884,3.7142459144470337,3.7436146700983333,2.5971769756880336,3.1438317458503504,3.6299111261381682,2.693432705967534,3.1177482414014666,4.012298736957868,3.3940969946470996,4.923123522935835,3.124549475887316,3.1674026106011004,3.997417161882801,3.483208708287501,3.801176101105732,1.8298424229827333,5.866350814295884,3.4339610462728825,3.0839699200188497,4.477117976622882,3.7869789718125184,3.2012205035401675,3.5686053009850003,2.709747684669834,3.4150256962745997,3.6695423252981842,5.700449869447433,3.7343042055866342,4.171766970438835,4.027862798908167,3.3253900191216994,3.0015201055549827,3.4017548267292663,2.973401613132717,3.463416494316733,3.733923372498184,3.230943588364667,3.3995320408080665,3.762735769996684,3.8884415140203177,2.626842414044766,2.816512909777283,3.526935742144168,2.6228777852327174,3.178646001251833,2.9343796465715,2.8955691912228834,3.8042691521681666,4.651898530401416,2.9971325021817,4.374534291114701,4.100460214249284,4.129508952425668,3.4682079838544992,4.322494978010416,3.0382771561220348,3.7824751501523,4.575873219448465,2.981737777521433,3.9872992462453665,3.4497776359436334,3.6042020153849177,4.864724746407133,3.381337191822667,5.280514985184252,3.856355080693001,3.674231916461685,6.421479617459636,5.499885919856684,3.780632880706951,2.3066594600756334,4.188783055038099,4.8939158864999355,3.38742360146535,3.415495916402183,4.111395981887848,3.8910662397265168,2.832049342278634,3.320280863927083,3.4053060370945496,2.7845390746591665,2.9017082920110497,4.2694460348012,4.115299218359352,3.665579784634717,3.8053004322384,3.7211592583227326,4.390778943703852,2.9074073055839844,3.8896168038528516,3.9848537426766506,4.0560700786037,2.9042376214158665,3.7994655891636517,3.586582883160816,2.733987910265233,3.71264778239815,3.161653089786532,3.0250631959748504,2.843984520611967,2.5742643799945664,3.4788189021614486,4.3640840696756165,4.577123307273199,4.0921267615628505,2.317904663968917,2.069988270012533,3.8580375781153857,4.390445231700334,3.9670179143004503,3.32730514094805,3.8419577626135837,6.088778134194516,4.256356250513649,3.759220092333583,4.20305852756805,2.407422613960599,6.477912175650466,2.2318079633868,3.1800471953709164,4.398904008641501,4.3956549534269165,4.095315148528283,2.6832784807517833,2.9832192981825174,4.762974254802386,2.6036949047736164,2.4765810819506497,5.784027936232818,3.6815683821565335,2.797647771802935,3.6494412967628334,3.683569793416866,3.1025455396490833,2.7609913482892168,2.9112650629247656,4.373784286986815,2.7166619576124167,3.187023025590366
